cell,size
0,456
1,439
2,490
3,458
4,450
5,506
6,454
7,441
8,456
9,453
10,484
11,444
12,463
13,458
14,435
15,444
16,446
17,439
18,458
19,472
20,453
21,452
22,456
23,449
24,446
25,504
26,429
27,442
28,503
29,470
30,419
31,435
32,477
33,448
34,465
35,458
36,453
37,477
38,478
39,449
40,458
41,497
42,435
43,455
44,445
45,494
46,443
47,470
48,456
49,500
50,452
51,458
52,515
53,478
54,496
55,466
56,459
57,488
58,477
59,467
60,475
61,494
62,471
63,436
64,474
65,472
66,486
67,466
68,422
69,466
70,463
71,438
72,427
73,433
74,487
75,450
76,499
77,464
78,446
79,471
80,452
81,482
82,451
83,470
84,481
85,480
86,437
87,451
88,452
89,467
90,486
91,464
92,457
93,462
94,471
95,486
96,459
97,471
98,460
99,443
100,454
101,467
102,460
103,448
104,494
105,435
106,439
107,491
108,451
109,439
110,440
111,451
112,439
113,469
114,425
115,448
116,470
117,439
118,426
119,466
120,471
121,478
122,457
123,472
124,452
125,457
126,484
127,437
128,424
129,460
130,453
131,470
132,451
133,439
134,446
135,490
136,445
137,417
138,498
139,448
140,489
141,467
142,462
143,457
144,504
145,481
146,459
147,487
148,462
149,429
150,461
151,503
152,445
153,457
154,442
155,432
156,479
157,446
158,457
159,479
160,459
161,452
162,465
163,433
164,434
165,474
166,454
167,463
168,468
169,481
170,467
171,453
172,482
173,452
174,437
175,493
176,452
177,499
178,469
179,419
180,436
181,453
182,476
183,482
184,488
185,426
186,472
187,449
188,477
189,435
190,466
191,476
192,467
193,431
194,411
195,483
196,461
197,420
198,502
199,499
200,445
201,487
202,457
203,437
204,467
205,436
206,488
207,439
208,470
209,447
210,443
211,432
212,446
213,455
214,449
215,455
216,467
217,485
218,491
219,436
220,487
221,444
222,470
223,488
224,465
225,470
226,466
227,484
228,477
229,471
230,457
231,467
232,483
233,494
234,467
235,420
236,463
237,439
238,448
239,455
240,455
241,479
242,422
243,433
244,447
245,478
246,435
247,474
248,454
249,495
250,465
251,456
252,464
253,456
254,456
255,442
256,456
257,477
258,493
259,475
260,476
261,429
262,427
263,448
264,481
265,430
266,435
267,458
268,471
269,454
270,474
271,495
272,494
273,463
274,493
275,464
276,447
277,458
278,468
279,462
280,480
281,486
282,464
283,462
284,495
285,450
286,446
287,474
288,450
289,504
290,471
291,425
292,467
293,465
294,459
295,423
296,454
297,470
298,485
299,483
300,490
301,478
302,484
303,464
304,435
305,480
306,456
307,478
308,453
309,480
310,481
311,468
312,497
313,478
314,438
315,452
316,480
317,481
318,402
319,454
320,488
321,457
322,453
323,459
324,464
325,422
326,458
327,492
328,479
329,460
330,436
331,474
332,478
333,436
334,437
335,483
336,425
337,474
338,434
339,484
340,462
341,425
342,457
343,458
344,460
345,472
346,503
347,489
348,445
349,467
350,456
351,476
352,442
353,473
354,464
355,427
356,424
357,486
358,422
359,419
360,474
361,480
362,468
363,441
364,499
365,455
366,482
367,485
368,459
369,460
370,450
371,474
372,478
373,490
374,436
375,482
376,455
377,448
378,470
379,450
380,459
381,460
382,460
383,439
384,411
385,444
386,439
387,483
388,456
389,459
390,485
391,482
392,453
393,472
394,467
395,473
396,465
397,440
398,484
399,456
400,474
401,476
402,504
403,456
404,477
405,483
406,491
407,476
408,494
409,455
410,462
411,434
412,461
413,476
414,439
415,467
416,460
417,465
418,462
419,476
420,438
421,441
422,468
423,494
424,452
425,478
426,449
427,459
428,422
429,495
430,498
431,463
432,491
433,472
434,453
435,457
436,461
437,457
438,472
439,505
440,465
441,452
442,420
443,447
444,530
445,431
446,468
447,457
448,460
449,469
450,488
451,468
452,481
453,456
454,475
455,426
456,449
457,453
458,466
459,457
460,445
461,451
462,454
463,457
464,446
465,463
466,441
467,463
468,429
469,480
470,513
471,462
472,492
473,470
474,472
475,438
476,474
477,481
478,432
479,459
480,463
481,454
482,443
483,475
484,440
485,446
486,439
487,453
488,460
489,430
490,450
491,424
492,466
493,444
494,457
495,435
496,455
497,450
498,458
499,487
500,478
501,482
502,436
503,438
504,467
505,489
506,492
507,438
508,410
509,475
510,426
511,468
512,450
513,486
514,469
515,433
516,464
517,470
518,464
519,458
520,471
521,476
522,446
523,439
524,458
525,476
526,461
527,487
528,489
529,470
530,476
531,463
532,482
533,460
534,449
535,437
536,419
537,471
538,463
539,450
540,452
541,452
542,456
543,488
544,451
545,430
546,455
547,469
548,439
549,429
550,504
551,495
552,490
553,454
554,448
555,473
556,472
557,472
558,479
559,482
560,484
561,422
562,442
563,449
564,506
565,472
566,418
567,457
568,487
569,452
570,423
571,463
572,459
573,451
574,434
575,476
576,454
577,486
578,446
579,431
580,457
581,487
582,450
583,443
584,472
585,463
586,457
587,458
588,463
589,476
590,470
591,432
592,454
593,488
594,474
595,459
596,464
597,449
598,440
599,465
600,460
601,443
602,430
603,436
604,500
605,444
606,426
607,472
608,454
609,457
610,444
611,453
612,476
613,476
614,474
615,458
616,456
617,476
618,489
619,467
620,459
621,491
622,461
623,472
624,438
625,446
626,488
627,459
628,489
629,504
630,423
631,451
632,486
633,508
634,452
635,477
636,504
637,429
638,486
639,405
640,430
641,476
642,469
643,441
644,472
645,442
646,467
647,480
648,490
649,460
650,465
651,436
652,453
653,468
654,441
655,450
656,433
657,471
658,420
659,467
660,471
661,453
662,453
663,421
664,486
665,449
666,478
667,488
668,454
669,460
670,486
671,474
672,464
673,455
674,487
675,456
676,481
677,485
678,406
679,429
680,438
681,415
682,446
683,424
684,432
685,460
686,458
687,473
688,469
689,475
690,412
691,452
692,459
693,453
694,477
695,456
696,461
697,456
698,457
699,482
700,461
701,435
702,473
703,455
704,444
705,452
706,485
707,489
708,446
709,470
710,443
711,435
712,470
713,496
714,512
715,466
716,461
717,472
718,445
719,440
720,481
721,447
722,434
723,460
724,468
725,478
726,463
727,464
728,427
729,455
730,428
731,431
732,455
733,485
734,477
735,485
736,453
737,482
738,433
739,499
740,470
741,470
742,466
743,464
744,456
745,464
746,481
747,482
748,496
749,408
750,475
751,455
752,442
753,467
754,437
755,468
756,432
757,493
758,469
759,468
760,458
761,431
762,472
763,445
764,473
765,456
766,449
767,458
768,439
769,475
770,449
771,481
772,445
773,462
774,455
775,456
776,449
777,477
778,446
779,429
780,494
781,458
782,442
783,466
784,477
785,543
786,445
787,452
788,442
789,434
790,514
791,486
792,485
793,460
794,490
795,467
796,457
797,439
798,449
799,485
800,478
801,504
802,455
803,488
804,479
805,462
806,439
807,450
808,476
809,454
810,466
811,448
812,440
813,480
814,483
815,478
816,451
817,452
818,498
819,478
820,464
821,466
822,437
823,447
824,488
825,433
826,464
827,477
828,457
829,486
830,472
831,482
832,458
833,432
834,452
835,451
836,450
837,491
838,497
839,472
840,433
841,464
842,448
843,457
844,473
845,426
846,469
847,419
848,462
849,460
850,473
851,455
852,447
853,461
854,415
855,444
856,428
857,500
858,486
859,480
860,426
861,435
862,460
863,446
864,411
865,442
866,438
867,429
868,473
869,461
870,447
871,447
872,495
873,480
874,438
875,478
876,460
877,464
878,452
879,468
880,400
881,463
882,480
883,463
884,441
885,408
886,461
887,453
888,486
889,451
890,446
891,468
892,467
893,489
894,479
895,430
896,458
897,467
898,416
899,462
900,408
901,449
902,461
903,467
904,447
905,492
906,483
907,432
908,493
909,471
910,466
911,498
912,444
913,494
914,455
915,459
916,446
917,481
918,460
919,475
920,448
921,455
922,476
923,483
924,483
925,425
926,474
927,411
928,437
929,437
930,454
931,448
932,457
933,448
934,467
935,481
936,470
937,429
938,463
939,449
940,436
941,462
942,425
943,490
944,447
945,448
946,473
947,478
948,478
949,465
950,418
951,481
952,439
953,474
954,441
955,466
956,476
957,448
958,482
959,461
960,471
961,463
962,475
963,480
964,443
965,471
966,456
967,430
968,484
969,457
970,468
971,459
972,466
973,461
974,462
975,450
976,456
977,441
978,443
979,452
980,482
981,466
982,455
983,463
984,437
985,456
986,455
987,466
988,456
989,482
990,476
991,463
992,464
993,469
994,458
995,466
996,443
997,453
998,452
999,460
1000,469
1001,482
1002,480
1003,449
1004,477
1005,460
1006,458
1007,493
1008,467
1009,440
1010,459
1011,478
1012,470
1013,494
1014,485
1015,433
1016,420
1017,459
1018,466
1019,463
1020,486
1021,453
1022,471
1023,472
1024,444
1025,440
1026,464
1027,475
1028,494
1029,477
1030,454
1031,460
1032,451
1033,454
1034,478
1035,427
1036,456
1037,486
1038,460
1039,439
1040,431
1041,462
1042,455
1043,421
1044,441
1045,475
1046,451
1047,424
1048,419
1049,442
1050,441
1051,488
1052,434
1053,432
1054,483
1055,476
1056,488
1057,433
1058,447
1059,477
1060,429
1061,473
1062,458
1063,476
1064,473
1065,446
1066,460
1067,496
1068,441
1069,431
1070,473
1071,495
1072,447
1073,446
1074,469
1075,479
1076,452
1077,459
1078,433
1079,508
1080,473
1081,480
1082,429
1083,457
1084,496
1085,420
1086,441
1087,467
1088,466
1089,452
1090,483
1091,425
1092,451
1093,425
1094,460
1095,433
1096,479
1097,456
1098,456
1099,466
1100,467
1101,434
1102,473
1103,443
1104,466
1105,457
1106,476
1107,453
1108,430
1109,481
1110,439
1111,460
1112,425
1113,489
1114,485
1115,448
1116,499
1117,454
1118,438
1119,470
1120,470
1121,466
1122,482
1123,438
1124,463
1125,456
1126,465
1127,440
1128,440
1129,442
1130,508
1131,485
1132,478
1133,452
1134,442
1135,458
1136,472
1137,438
1138,432
1139,484
1140,497
1141,485
1142,481
1143,474
1144,430
1145,451
1146,519
1147,455
1148,422
1149,453
1150,490
1151,462
1152,453
1153,456
1154,462
1155,462
1156,447
1157,469
1158,438
1159,470
1160,462
1161,474
1162,433
1163,473
1164,445
1165,464
1166,462
1167,460
1168,446
1169,465
1170,480
1171,475
1172,493
1173,477
1174,456
1175,448
1176,465
1177,446
1178,496
1179,464
1180,496
1181,457
1182,452
1183,471
1184,479
1185,446
1186,463
1187,481
1188,470
1189,481
1190,442
1191,502
1192,470
1193,457
1194,500
1195,446
1196,504
1197,473
1198,430
1199,492
1200,443
1201,476
1202,433
1203,473
1204,485
1205,502
1206,442
1207,468
1208,477
1209,513
1210,445
1211,451
1212,452
1213,484
1214,443
1215,475
1216,460
1217,488
1218,477
1219,464
1220,412
1221,459
1222,457
1223,473
1224,446
1225,442
1226,457
1227,446
1228,482
1229,476
1230,459
1231,489
1232,432
1233,468
1234,486
1235,475
1236,461
1237,431
1238,469
1239,476
1240,436
1241,469
1242,468
1243,451
1244,438
1245,500
1246,457
1247,478
1248,441
1249,485
1250,444
1251,470
1252,523
1253,453
1254,462
1255,433
1256,417
1257,469
1258,473
1259,435
1260,448
1261,469
1262,447
1263,494
1264,460
1265,490
1266,479
1267,465
1268,486
1269,423
1270,464
1271,438
1272,466
1273,483
1274,465
1275,438
1276,434
1277,482
1278,431
1279,483
1280,421
1281,455
1282,439
1283,449
1284,476
1285,440
1286,458
1287,432
1288,471
1289,496
1290,479
1291,491
1292,463
1293,471
1294,490
1295,491
1296,461
1297,420
1298,457
1299,456
1300,470
1301,440
1302,473
1303,477
1304,430
1305,459
1306,462
1307,486
1308,491
1309,466
1310,432
1311,457
1312,441
1313,461
1314,468
1315,460
1316,473
1317,474
1318,454
1319,447
1320,468
1321,458
1322,448
1323,475
1324,496
1325,472
1326,440
1327,475
1328,456
1329,450
1330,477
1331,456
1332,448
1333,484
1334,427
1335,438
1336,441
1337,411
1338,476
1339,459
1340,497
1341,486
1342,467
1343,473
1344,450
1345,490
1346,511
1347,409
1348,458
1349,507
1350,428
1351,473
1352,451
1353,505
1354,498
1355,435
1356,474
1357,470
1358,470
1359,456
1360,469
1361,434
1362,481
1363,473
1364,458
1365,439
1366,491
1367,453
1368,444
1369,440
1370,452
1371,474
1372,472
1373,462
1374,472
1375,494
1376,450
1377,441
1378,482
1379,487
1380,510
1381,419
1382,464
1383,423
1384,446
1385,425
1386,458
1387,493
1388,455
1389,427
1390,471
1391,463
1392,488
1393,497
1394,454
1395,463
1396,478
1397,460
1398,451
1399,471
1400,445
1401,484
1402,438
1403,473
1404,469
1405,452
1406,427
1407,473
1408,470
1409,456
1410,463
1411,492
1412,442
1413,484
1414,491
1415,434
1416,503
1417,445
1418,443
1419,436
1420,430
1421,474
1422,434
1423,467
1424,461
1425,495
1426,469
1427,475
1428,427
1429,476
1430,451
1431,458
1432,490
1433,477
1434,487
1435,452
1436,427
1437,448
1438,475
1439,468
1440,425
1441,445
1442,474
1443,462
1444,445
1445,477
1446,467
1447,476
1448,453
1449,481
1450,450
1451,472
1452,476
1453,443
1454,489
1455,478
1456,462
1457,422
1458,460
1459,473
1460,442
1461,472
1462,453
1463,461
1464,473
1465,454
1466,457
1467,483
1468,486
1469,475
1470,431
1471,472
1472,481
1473,477
1474,447
1475,482
1476,470
1477,436
1478,463
1479,452
1480,448
1481,459
1482,427
1483,459
1484,466
1485,455
1486,484
1487,412
1488,477
1489,485
1490,456
1491,467
1492,489
1493,491
1494,450
1495,464
1496,452
1497,493
1498,474
1499,466
1500,490
1501,477
1502,447
1503,458
1504,448
1505,482
1506,487
1507,475
1508,502
1509,450
1510,478
1511,512
1512,434
1513,472
1514,415
1515,432
1516,453
1517,473
1518,463
1519,469
1520,456
1521,441
1522,456
1523,499
1524,458
1525,464
1526,444
1527,486
1528,459
1529,489
1530,432
1531,461
1532,450
1533,468
1534,462
1535,464
1536,449
1537,447
1538,458
1539,476
1540,460
1541,437
1542,464
1543,435
1544,474
1545,464
1546,472
1547,495
1548,454
1549,475
1550,468
1551,463
1552,455
1553,475
1554,490
1555,440
1556,471
1557,459
1558,488
1559,429
1560,458
1561,473
1562,466
1563,473
1564,483
1565,449
1566,442
1567,448
1568,462
1569,455
1570,481
1571,474
1572,446
1573,417
1574,440
1575,508
1576,461
1577,481
1578,446
1579,472
1580,476
1581,466
1582,440
1583,465
1584,477
1585,455
1586,490
1587,416
1588,462
1589,483
1590,466
1591,488
1592,457
1593,416
1594,477
1595,469
1596,462
1597,472
1598,439
1599,457
1600,448
1601,426
1602,450
1603,490
1604,450
1605,485
1606,488
1607,431
1608,474
1609,481
1610,454
1611,486
1612,502
1613,518
1614,459
1615,441
1616,425
1617,467
1618,483
1619,428
1620,470
1621,467
1622,456
1623,448
1624,464
1625,452
1626,440
1627,474
1628,447
1629,451
1630,468
1631,463
1632,460
1633,448
1634,430
1635,469
1636,472
1637,480
1638,465
1639,467
1640,471
1641,490
1642,474
1643,468
1644,444
1645,421
1646,444
1647,436
1648,446
1649,451
1650,441
1651,402
1652,497
1653,436
1654,444
1655,488
1656,484
1657,440
1658,422
1659,452
1660,464
1661,472
1662,445
1663,437
1664,485
1665,454
1666,450
1667,493
1668,443
1669,467
1670,478
1671,455
1672,481
1673,466
1674,464
1675,454
1676,425
1677,467
1678,425
1679,447
1680,438
1681,484
1682,446
1683,439
1684,479
1685,471
1686,424
1687,475
1688,449
1689,487
1690,464
1691,473
1692,435
1693,447
1694,454
1695,436
1696,474
1697,440
1698,466
1699,482
1700,473
1701,428
1702,450
1703,468
1704,455
1705,444
1706,445
1707,457
1708,435
1709,455
1710,483
1711,482
1712,463
1713,442
1714,433
1715,432
1716,436
1717,450
1718,454
1719,467
1720,500
1721,477
1722,479
1723,426
1724,462
1725,463
1726,468
1727,435
1728,482
1729,465
1730,479
1731,454
1732,503
1733,439
1734,495
1735,450
1736,484
1737,505
1738,443
1739,422
1740,471
1741,470
1742,455
1743,474
1744,426
1745,466
1746,450
1747,497
1748,435
1749,468
1750,481
1751,440
1752,442
1753,469
1754,466
1755,434
1756,470
1757,465
1758,427
1759,430
1760,461
1761,447
1762,510
1763,458
1764,436
1765,477
1766,475
1767,458
1768,460
1769,456
1770,453
1771,472
1772,474
1773,470
1774,444
1775,494
1776,460
1777,448
1778,479
1779,447
1780,462
1781,460
1782,448
1783,454
1784,454
1785,454
1786,439
1787,438
1788,430
1789,535
1790,473
1791,468
1792,475
1793,436
1794,479
1795,458
1796,457
1797,472
1798,428
1799,459
1800,477
1801,499
1802,451
1803,470
1804,460
1805,447
1806,479
1807,425
1808,490
1809,433
1810,477
1811,476
1812,453
1813,448
1814,437
1815,452
1816,467
1817,448
1818,440
1819,457
1820,481
1821,453
1822,456
1823,473
1824,459
1825,458
1826,498
1827,448
1828,419
1829,452
1830,457
1831,486
1832,450
1833,448
1834,454
1835,459
1836,414
1837,484
1838,478
1839,466
1840,449
1841,458
1842,428
1843,490
1844,488
1845,489
1846,452
1847,500
1848,460
1849,469
1850,497
1851,471
1852,446
1853,482
1854,441
1855,421
1856,473
1857,414
1858,465
1859,452
1860,437
1861,426
1862,475
1863,468
1864,483
1865,456
1866,474
1867,472
1868,448
1869,454
1870,438
1871,448
1872,465
1873,464
1874,438
1875,436
1876,503
1877,470
1878,445
1879,510
1880,448
1881,462
1882,438
1883,456
1884,436
1885,439
1886,445
1887,462
1888,502
1889,484
1890,481
1891,446
1892,501
1893,482
1894,452
1895,446
1896,457
1897,438
1898,488
1899,462
1900,505
1901,435
1902,484
1903,443
1904,463
1905,478
1906,443
1907,458
1908,442
1909,497
1910,450
1911,410
1912,489
1913,446
1914,484
1915,479
1916,470
1917,469
1918,475
1919,446
1920,449
1921,486
1922,462
1923,471
1924,477
1925,454
1926,473
1927,481
1928,472
1929,485
1930,470
1931,467
1932,456
1933,462
1934,434
1935,463
1936,494
1937,435
1938,449
1939,458
1940,478
1941,485
1942,451
1943,469
1944,464
1945,494
1946,487
1947,471
1948,470
1949,460
1950,426
1951,464
1952,445
1953,494
1954,450
1955,421
1956,438
1957,456
1958,439
1959,457
1960,471
1961,465
1962,488
1963,474
1964,404
1965,496
1966,513
1967,484
1968,489
1969,453
1970,498
1971,444
1972,486
1973,446
1974,482
1975,454
1976,484
1977,435
1978,513
1979,476
1980,483
1981,456
1982,440
1983,455
1984,460
1985,454
1986,460
1987,459
1988,429
1989,453
1990,479
1991,458
1992,490
1993,450
1994,455
1995,470
1996,435
1997,474
1998,467
1999,482
2000,463
2001,412
2002,504
2003,475
2004,439
2005,470
2006,504
2007,433
2008,439
2009,462
2010,434
2011,453
2012,473
2013,461
2014,465
2015,509
2016,443
2017,452
2018,469
2019,432
2020,491
2021,407
2022,463
2023,473
2024,489
2025,466
2026,482
2027,429
2028,429
2029,459
2030,460
2031,435
2032,494
2033,433
2034,471
2035,446
2036,445
2037,419
2038,476
2039,449
2040,482
2041,455
2042,460
2043,475
2044,450
2045,475
2046,515
2047,457
2048,483
2049,444
2050,488
2051,462
2052,477
2053,458
2054,455
2055,452
2056,442
2057,481
2058,497
2059,499
2060,412
2061,447
2062,442
2063,443
2064,474
2065,433
2066,483
2067,431
2068,477
2069,455
2070,442
2071,467
2072,446
2073,465
2074,446
2075,450
2076,465
2077,469
2078,435
2079,499
2080,477
2081,453
2082,500
2083,447
2084,481
2085,446
2086,419
2087,473
2088,469
2089,469
2090,490
2091,442
2092,459
2093,424
2094,437
2095,454
2096,483
2097,451
2098,473
2099,445
2100,457
2101,459
2102,452
2103,422
2104,445
2105,450
2106,451
2107,459
2108,454
2109,422
2110,450
2111,474
2112,432
2113,474
2114,456
2115,465
2116,489
2117,438
2118,491
2119,485
2120,447
2121,452
2122,482
2123,466
2124,461
2125,448
2126,468
2127,459
2128,468
2129,476
2130,472
2131,457
2132,494
2133,464
2134,492
2135,468
2136,461
2137,501
2138,479
2139,481
2140,410
2141,460
2142,474
2143,451
2144,444
2145,485
2146,470
2147,495
2148,437
2149,441
2150,497
2151,437
2152,502
2153,452
2154,462
2155,460
2156,454
2157,447
2158,436
2159,454
2160,438
2161,486
2162,467
2163,459
2164,454
2165,447
2166,473
2167,460
2168,448
2169,473
2170,468
2171,451
2172,476
2173,470
2174,492
2175,470
2176,444
2177,467
2178,453
2179,472
2180,450
2181,430
2182,432
2183,462
2184,480
2185,443
2186,459
2187,484
2188,459
2189,460
2190,476
2191,441
2192,434
2193,459
2194,471
2195,473
2196,442
2197,455
2198,481
2199,462
2200,452
2201,461
2202,488
2203,474
2204,482
2205,450
2206,440
2207,486
2208,468
2209,463
2210,475
2211,470
2212,440
2213,463
2214,449
2215,474
2216,460
2217,444
2218,466
2219,440
2220,465
2221,418
2222,470
2223,470
2224,479
2225,450
2226,455
2227,467
2228,484
2229,470
2230,493
2231,467
2232,457
2233,468
2234,419
2235,509
2236,455
2237,464
2238,464
2239,476
2240,457
2241,469
2242,461
2243,460
2244,442
2245,485
2246,498
2247,436
2248,488
2249,452
2250,458
2251,444
2252,491
2253,463
2254,456
2255,473
2256,466
2257,483
2258,464
2259,473
2260,447
2261,432
2262,455
2263,500
2264,453
2265,443
2266,469
2267,445
2268,481
2269,495
2270,500
2271,444
2272,442
2273,459
2274,449
2275,455
2276,458
2277,467
2278,466
2279,497
2280,474
2281,433
2282,443
2283,424
2284,460
2285,457
2286,441
2287,434
2288,471
2289,436
2290,446
2291,452
2292,452
2293,467
2294,455
2295,436
2296,483
2297,481
2298,505
2299,446
2300,484
2301,476
2302,427
2303,448
2304,416
2305,506
2306,473
2307,463
2308,500
2309,460
2310,456
2311,450
2312,489
2313,453
2314,441
2315,422
2316,462
2317,458
2318,457
2319,438
2320,447
2321,468
2322,465
2323,470
2324,480
2325,474
2326,474
2327,495
2328,434
2329,446
2330,494
2331,492
2332,457
2333,433
2334,484
2335,439
2336,449
2337,441
2338,441
2339,470
2340,473
2341,479
2342,450
2343,469
2344,466
2345,425
2346,438
2347,485
2348,463
2349,481
2350,478
2351,481
2352,474
2353,467
2354,436
2355,464
2356,448
2357,442
2358,478
2359,477
2360,457
2361,428
2362,470
2363,505
2364,429
2365,482
2366,453
2367,437
2368,459
2369,447
2370,444
2371,481
2372,442
2373,462
2374,444
2375,456
2376,469
2377,451
2378,471
2379,449
2380,457
2381,460
2382,473
2383,475
2384,439
2385,503
2386,452
2387,467
2388,403
2389,465
2390,495
2391,463
2392,454
2393,435
2394,472
2395,458
2396,469
2397,457
2398,450
2399,504
2400,454
2401,461
2402,494
2403,496
2404,457
2405,463
2406,455
2407,463
2408,429
2409,434
2410,504
2411,447
2412,455
2413,473
2414,493
2415,466
2416,465
2417,449
2418,478
2419,477
2420,455
2421,475
2422,462
2423,480
2424,476
2425,467
2426,491
2427,464
2428,489
2429,424
2430,433
2431,477
2432,457
2433,473
2434,462
2435,453
2436,457
2437,475
2438,482
2439,490
2440,421
2441,473
2442,457
2443,500
2444,416
2445,449
2446,428
2447,499
2448,457
2449,479
2450,456
2451,454
2452,475
2453,459
2454,477
2455,449
2456,458
2457,448
2458,467
2459,462
2460,460
2461,480
2462,500
2463,447
2464,414
2465,436
2466,427
2467,463
2468,459
2469,475
2470,470
2471,469
2472,485
2473,472
2474,503
2475,439
2476,487
2477,405
2478,485
2479,463
2480,439
2481,460
2482,448
2483,464
2484,476
2485,457
2486,440
2487,467
2488,452
2489,430
2490,486
2491,424
2492,444
2493,494
2494,476
2495,474
2496,433
2497,442
2498,443
2499,426
2500,474
2501,455
2502,474
2503,429
2504,441
2505,484
2506,476
2507,455
2508,466
2509,416
2510,432
2511,485
2512,476
2513,484
2514,448
2515,427
2516,470
2517,462
2518,466
2519,482
2520,517
2521,470
2522,455
2523,459
2524,468
2525,472
2526,470
2527,459
2528,477
2529,489
2530,465
2531,428
2532,454
2533,469
2534,467
2535,463
2536,452
2537,434
2538,468
2539,450
2540,479
2541,456
2542,458
2543,451
2544,464
2545,441
2546,436
2547,432
2548,474
2549,451
2550,424
2551,483
2552,402
2553,457
2554,476
2555,466
2556,475
2557,491
2558,420
2559,449
2560,475
2561,445
2562,434
2563,503
2564,452
2565,452
2566,491
2567,451
2568,474
2569,491
2570,464
2571,466
2572,463
2573,435
2574,477
2575,433
2576,450
2577,433
2578,451
2579,478
2580,473
2581,457
2582,454
2583,449
2584,463
2585,493
2586,430
2587,479
2588,456
2589,458
2590,484
2591,463
2592,434
2593,483
2594,447
2595,500
2596,467
2597,482
2598,479
2599,491
2600,504
2601,464
2602,452
2603,457
2604,418
2605,459
2606,496
2607,474
2608,457
2609,522
2610,442
2611,475
2612,467
2613,449
2614,433
2615,484
2616,471
2617,448
2618,468
2619,473
2620,484
2621,495
2622,497
2623,488
2624,446
2625,482
2626,422
2627,474
2628,450
2629,478
2630,468
2631,403
2632,464
2633,485
2634,447
2635,486
2636,450
2637,462
2638,434
2639,461
2640,460
2641,430
2642,472
2643,459
2644,466
2645,425
2646,456
2647,456
2648,470
2649,442
2650,445
2651,463
2652,504
2653,468
2654,483
2655,440
2656,499
2657,443
2658,466
2659,436
2660,451
2661,450
2662,481
2663,463
2664,481
2665,448
2666,461
2667,485
2668,451
2669,471
2670,451
2671,438
2672,455
2673,477
2674,451
2675,488
2676,489
2677,487
2678,475
2679,454
2680,454
2681,454
2682,437
2683,469
2684,428
2685,438
2686,462
2687,467
2688,446
2689,463
2690,453
2691,459
2692,431
2693,425
2694,480
2695,432
2696,471
2697,475
2698,471
2699,468
2700,451
2701,457
2702,443
2703,440
2704,479
2705,469
2706,469
2707,513
2708,477
2709,436
2710,473
2711,476
2712,432
2713,476
2714,442
2715,455
2716,472
2717,459
2718,432
2719,502
2720,494
2721,427
2722,440
2723,456
2724,423
2725,478
2726,455
2727,481
2728,463
2729,443
2730,455
2731,469
2732,468
2733,463
2734,466
2735,477
2736,489
2737,470
2738,488
2739,470
2740,487
2741,479
2742,454
2743,434
2744,460
2745,432
2746,457
2747,435
2748,500
2749,444
2750,482
2751,511
2752,487
2753,477
2754,433
2755,438
2756,481
2757,486
2758,485
2759,431
2760,434
2761,450
2762,448
2763,435
2764,434
2765,434
2766,466
2767,469
2768,489
2769,487
2770,454
2771,445
2772,455
2773,485
2774,477
2775,449
2776,455
2777,448
2778,481
2779,470
2780,468
2781,474
2782,463
2783,449
2784,430
2785,477
2786,474
2787,465
2788,502
2789,446
2790,459
2791,482
2792,461
2793,429
2794,438
2795,432
2796,471
2797,440
2798,454
2799,464
2800,454
2801,464
2802,473
2803,477
2804,462
2805,475
2806,473
2807,448
2808,429
2809,443
2810,435
2811,486
2812,461
2813,438
2814,435
2815,441
2816,481
2817,516
2818,465
2819,461
2820,429
2821,482
2822,467
2823,484
2824,463
2825,456
2826,494
2827,481
2828,455
2829,408
2830,487
2831,457
2832,475
2833,491
2834,438
2835,448
2836,501
2837,460
2838,450
2839,441
2840,436
2841,477
2842,471
2843,460
2844,453
2845,485
2846,466
2847,463
2848,476
2849,433
2850,479
2851,490
2852,486
2853,428
2854,451
2855,482
2856,460
2857,461
2858,438
2859,484
2860,460
2861,458
2862,444
2863,487
2864,416
2865,453
2866,504
2867,460
2868,461
2869,450
2870,464
2871,516
2872,437
2873,415
2874,464
2875,512
2876,480
2877,441
2878,505
2879,464
2880,479
2881,443
2882,468
2883,425
2884,441
2885,487
2886,448
2887,460
2888,452
2889,428
2890,469
2891,499
2892,506
2893,437
2894,444
2895,457
2896,478
2897,460
2898,446
2899,478
2900,486
2901,482
2902,427
2903,458
2904,487
2905,432
2906,436
2907,452
2908,442
2909,424
2910,463
2911,468
2912,419
2913,452
2914,479
2915,438
2916,475
2917,474
2918,444
2919,442
2920,462
2921,454
2922,422
2923,516
2924,429
2925,488
2926,485
2927,465
2928,436
2929,466
2930,469
2931,497
2932,482
2933,510
2934,433
2935,450
2936,465
2937,430
2938,483
2939,474
2940,491
2941,445
2942,470
2943,456
2944,475
2945,467
2946,458
2947,473
2948,488
2949,469
2950,465
2951,478
2952,492
2953,398
2954,454
2955,453
2956,463
2957,446
2958,466
2959,451
2960,489
2961,469
2962,488
2963,443
2964,448
2965,447
2966,478
2967,447
2968,424
2969,471
2970,452
2971,470
2972,475
2973,464
2974,506
2975,477
2976,464
2977,446
2978,493
2979,469
2980,465
2981,451
2982,492
2983,491
2984,465
2985,486
2986,454
2987,489
2988,438
2989,474
2990,457
2991,507
2992,461
2993,483
2994,430
2995,426
2996,475
2997,485
2998,495
2999,465
3000,469
3001,487
3002,494
3003,444
3004,480
3005,444
3006,430
3007,412
3008,408
3009,464
3010,487
3011,441
3012,451
3013,457
3014,435
3015,417
3016,441
3017,483
3018,436
3019,489
3020,436
3021,496
3022,423
3023,447
3024,460
3025,474
3026,449
3027,495
3028,491
3029,441
3030,474
3031,451
3032,436
3033,480
3034,489
3035,468
3036,446
3037,498
3038,469
3039,477
3040,457
3041,474
3042,457
3043,486
3044,457
3045,451
3046,450
3047,448
3048,452
3049,486
3050,470
3051,436
3052,451
3053,447
3054,437
3055,457
3056,521
3057,469
3058,451
3059,441
3060,497
3061,457
3062,468
3063,477
3064,469
3065,473
3066,419
3067,461
3068,482
3069,434
3070,514
3071,457
3072,489
3073,503
3074,423
3075,448
3076,445
3077,450
3078,467
3079,502
3080,464
3081,483
3082,428
3083,451
3084,454
3085,451
3086,436
3087,454
3088,455
3089,436
3090,435
3091,482
3092,435
3093,463
3094,416
3095,449
3096,438
3097,448
3098,467
3099,423
3100,451
3101,436
3102,459
3103,432
3104,445
3105,470
3106,422
3107,439
3108,459
3109,457
3110,450
3111,447
3112,468
3113,450
3114,428
3115,481
3116,472
3117,465
3118,465
3119,422
3120,443
3121,449
3122,474
3123,457
3124,435
3125,428
3126,493
3127,454
3128,512
3129,451
3130,428
3131,391
3132,478
3133,454
3134,431
3135,477
3136,455
3137,478
3138,498
3139,455
3140,477
3141,466
3142,482
3143,443
3144,444
3145,445
3146,435
3147,452
3148,492
3149,472
3150,442
3151,479
3152,436
3153,478
3154,463
3155,465
3156,437
3157,445
3158,470
3159,473
3160,451
3161,435
3162,454
3163,439
3164,457
3165,476
3166,442
3167,430
3168,466
3169,432
3170,475
3171,459
3172,431
3173,453
3174,456
3175,460
3176,510
3177,448
3178,431
3179,465
3180,444
3181,442
3182,476
3183,478
3184,472
3185,445
3186,486
3187,460
3188,477
3189,453
3190,475
3191,459
3192,456
3193,433
3194,475
3195,457
3196,439
3197,452
3198,460
3199,461
3200,447
3201,441
3202,430
3203,463
3204,480
3205,445
3206,468
3207,471
3208,484
3209,452
3210,478
3211,429
3212,474
3213,459
3214,475
3215,454
3216,466
3217,458
3218,422
3219,452
3220,447
3221,445
3222,473
3223,432
3224,496
3225,465
3226,497
3227,477
3228,501
3229,491
3230,454
3231,491
3232,433
3233,438
3234,510
3235,486
3236,411
3237,475
3238,465
3239,490
3240,471
3241,447
3242,462
3243,423
3244,455
3245,472
3246,468
3247,479
3248,432
3249,505
3250,454
3251,429
3252,446
3253,444
3254,495
3255,450
3256,486
3257,437
3258,469
3259,483
3260,435
3261,442
3262,444
3263,420
3264,463
3265,478
3266,490
3267,461
3268,461
3269,472
3270,432
3271,505
3272,466
3273,487
3274,463
3275,459
3276,457
3277,428
3278,472
3279,452
3280,468
3281,474
3282,459
3283,496
3284,431
3285,429
3286,440
3287,472
3288,430
3289,451
3290,456
3291,453
3292,447
3293,465
3294,465
3295,432
3296,469
3297,464
3298,463
3299,425
3300,462
3301,453
3302,459
3303,460
3304,452
3305,445
3306,456
3307,484
3308,452
3309,468
3310,509
3311,473
3312,438
3313,463
3314,440
3315,477
3316,441
3317,449
3318,481
3319,445
3320,448
3321,468
3322,448
3323,419
3324,459
3325,460
3326,449
3327,471
3328,490
3329,458
3330,477
3331,441
3332,446
3333,444
3334,400
3335,467
3336,451
3337,467
3338,494
3339,467
3340,442
3341,452
3342,482
3343,448
3344,460
3345,457
3346,473
3347,439
3348,473
3349,468
3350,442
3351,425
3352,456
3353,490
3354,455
3355,452
3356,453
3357,480
3358,459
3359,479
3360,464
3361,489
3362,449
3363,458
3364,440
3365,460
3366,475
3367,453
3368,445
3369,441
3370,468
3371,512
3372,462
3373,473
3374,459
3375,469
3376,481
3377,458
3378,471
3379,478
3380,511
3381,432
3382,445
3383,457
3384,483
3385,431
3386,458
3387,481
3388,463
3389,466
3390,480
3391,473
3392,455
3393,466
3394,419
3395,468
3396,501
3397,462
3398,437
3399,457
3400,443
3401,459
3402,473
3403,466
3404,467
3405,478
3406,444
3407,474
3408,461
3409,426
3410,450
3411,446
3412,460
3413,461
3414,436
3415,477
3416,470
3417,478
3418,462
3419,462
3420,421
3421,449
3422,432
3423,441
3424,474
3425,449
3426,482
3427,480
3428,458
3429,468
3430,459
3431,457
3432,461
3433,472
3434,474
3435,422
3436,443
3437,447
3438,457
3439,444
3440,464
3441,492
3442,434
3443,441
3444,467
3445,480
3446,491
3447,465
3448,443
3449,427
3450,448
3451,459
3452,454
3453,451
3454,451
3455,459
3456,438
3457,524
3458,446
3459,504
3460,483
3461,461
3462,460
3463,487
3464,478
3465,413
3466,455
3467,478
3468,451
3469,467
3470,513
3471,469
3472,497
3473,484
3474,450
3475,478
3476,434
3477,474
3478,443
3479,467
3480,443
3481,470
3482,432
3483,468
3484,428
3485,441
3486,451
3487,453
3488,489
3489,469
3490,497
3491,452
3492,441
3493,472
3494,458
3495,459
3496,505
3497,455
3498,444
3499,448
3500,466
3501,464
3502,525
3503,417
3504,452
3505,466
3506,433
3507,426
3508,493
3509,477
3510,472
3511,450
3512,451
3513,493
3514,488
3515,465
3516,467
3517,492
3518,478
3519,478
3520,451
3521,450
3522,534
3523,452
3524,460
3525,483
3526,446
3527,453
3528,418
3529,453
3530,496
3531,446
3532,436
3533,466
3534,455
3535,442
3536,452
3537,457
3538,452
3539,442
3540,413
3541,442
3542,402
3543,478
3544,442
3545,424
3546,478
3547,472
3548,466
3549,422
3550,469
3551,435
3552,455
3553,441
3554,425
3555,476
3556,498
3557,468
3558,481
3559,476
3560,432
3561,467
3562,471
3563,488
3564,453
3565,445
3566,447
3567,451
3568,444
3569,437
3570,450
3571,435
3572,456
3573,458
3574,454
3575,445
3576,459
3577,444
3578,461
3579,471
3580,449
3581,478
3582,492
3583,485
3584,444
3585,457
3586,421
3587,469
3588,454
3589,456
3590,465
3591,464
3592,480
3593,446
3594,453
3595,450
3596,434
3597,438
3598,436
3599,485
3600,481
3601,474
3602,474
3603,457
3604,457
3605,491
3606,478
3607,497
3608,473
3609,467
3610,452
3611,494
3612,474
3613,483
3614,471
3615,472
3616,463
3617,475
3618,481
3619,458
3620,443
3621,445
3622,463
3623,476
3624,461
3625,478
3626,483
3627,465
3628,450
3629,439
3630,481
3631,459
3632,457
3633,460
3634,481
3635,440
3636,472
3637,487
3638,503
3639,472
3640,432
3641,464
3642,417
3643,470
3644,480
3645,408
3646,452
3647,479
3648,458
3649,452
3650,471
3651,446
3652,446
3653,469
3654,448
3655,456
3656,451
3657,461
3658,444
3659,506
3660,447
3661,472
3662,431
3663,414
3664,491
3665,435
3666,421
3667,392
3668,477
3669,475
3670,511
3671,481
3672,453
3673,479
3674,473
3675,460
3676,481
3677,471
3678,448
3679,461
3680,469
3681,441
3682,475
3683,454
3684,488
3685,430
3686,504
3687,472
3688,439
3689,483
3690,460
3691,475
3692,451
3693,461
3694,450
3695,441
3696,481
3697,454
3698,468
3699,480
3700,503
3701,463
3702,474
3703,496
3704,439
3705,456
3706,410
3707,444
3708,468
3709,467
3710,420
3711,477
3712,474
3713,495
3714,469
3715,477
3716,472
3717,460
3718,432
3719,413
3720,415
3721,483
3722,418
3723,427
3724,475
3725,434
3726,468
3727,467
3728,473
3729,454
3730,462
3731,483
3732,432
3733,491
3734,444
3735,467
3736,486
3737,472
3738,461
3739,445
3740,478
3741,462
3742,431
3743,490
3744,451
3745,478
3746,427
3747,464
3748,468
3749,485
3750,478
3751,440
3752,477
3753,445
3754,478
3755,455
3756,476
3757,439
3758,458
3759,446
3760,464
3761,457
3762,488
3763,432
3764,457
3765,484
3766,446
3767,459
3768,491
3769,446
3770,483
3771,491
3772,471
3773,486
3774,413
3775,457
3776,489
3777,500
3778,438
3779,460
3780,477
3781,454
3782,438
3783,469
3784,488
3785,476
3786,443
3787,482
3788,454
3789,466
3790,476
3791,449
3792,485
3793,436
3794,452
3795,427
3796,485
3797,456
3798,459
3799,446
3800,469
3801,442
3802,493
3803,488
3804,512
3805,461
3806,478
3807,495
3808,485
3809,468
3810,486
3811,460
3812,446
3813,462
3814,458
3815,460
3816,459
3817,498
3818,459
3819,446
3820,469
3821,483
3822,467
3823,470
3824,478
3825,458
3826,436
3827,466
3828,425
3829,461
3830,457
3831,479
3832,477
3833,496
3834,460
3835,448
3836,449
3837,466
3838,413
3839,448
3840,487
3841,475
3842,461
3843,454
3844,460
3845,473
3846,449
3847,425
3848,473
3849,473
3850,471
3851,473
3852,458
3853,456
3854,471
3855,422
3856,435
3857,453
3858,435
3859,464
3860,441
3861,452
3862,481
3863,471
3864,478
3865,454
3866,489
3867,466
3868,440
3869,482
3870,486
3871,509
3872,496
3873,458
3874,461
3875,462
3876,450
3877,477
3878,471
3879,493
3880,459
3881,492
3882,474
3883,452
3884,500
3885,482
3886,481
3887,413
3888,481
3889,439
3890,466
3891,449
3892,445
3893,461
3894,497
3895,478
3896,462
3897,473
3898,503
3899,418
3900,465
3901,478
3902,476
3903,473
3904,486
3905,474
3906,473
3907,479
3908,482
3909,471
3910,449
3911,448
3912,438
3913,481
3914,462
3915,452
3916,460
3917,479
3918,459
3919,469
3920,455
3921,465
3922,447
3923,455
3924,459
3925,449
3926,433
3927,458
3928,457
3929,480
3930,459
3931,455
3932,445
3933,437
3934,477
3935,476
3936,444
3937,470
3938,458
3939,480
3940,470
3941,458
3942,467
3943,462
3944,471
3945,421
3946,478
3947,445
3948,460
3949,446
3950,442
3951,435
3952,489
3953,465
3954,447
3955,430
3956,440
3957,440
3958,454
3959,458
3960,422
3961,467
3962,455
3963,448
3964,452
3965,454
3966,458
3967,428
3968,461
3969,432
3970,434
3971,463
3972,443
3973,448
3974,493
3975,443
3976,440
3977,492
3978,462
3979,483
3980,476
3981,500
3982,449
3983,451
3984,466
3985,482
3986,459
3987,508
3988,452
3989,489
3990,440
3991,449
3992,491
3993,498
3994,427
3995,470
3996,453
3997,452
3998,513
3999,489
4000,444
4001,452
4002,436
4003,482
4004,502
4005,443
4006,451
4007,476
4008,443
4009,470
4010,487
4011,464
4012,483
4013,484
4014,436
4015,447
4016,479
4017,436
4018,454
4019,484
4020,474
4021,424
4022,459
4023,450
4024,447
4025,461
4026,469
4027,474
4028,459
4029,467
4030,453
4031,445
4032,490
4033,446
4034,455
4035,445
4036,475
4037,449
4038,460
4039,424
4040,439
4041,468
4042,472
4043,452
4044,486
4045,486
4046,476
4047,465
4048,463
4049,478
4050,439
4051,455
4052,453
4053,482
4054,473
4055,426
4056,458
4057,460
4058,456
4059,478
4060,456
4061,451
4062,477
4063,445
4064,453
4065,474
4066,459
4067,450
4068,449
4069,508
4070,484
4071,476
4072,443
4073,482
4074,460
4075,474
4076,461
4077,487
4078,429
4079,473
4080,431
4081,467
4082,505
4083,470
4084,436
4085,446
4086,449
4087,431
4088,490
4089,472
4090,452
4091,452
4092,454
4093,472
4094,466
4095,508
4096,474
4097,484
4098,462
4099,468
4100,463
4101,463
4102,425
4103,418
4104,474
4105,461
4106,459
4107,477
4108,498
4109,455
4110,452
4111,468
4112,429
4113,454
4114,443
4115,487
4116,502
4117,483
4118,455
4119,476
4120,463
4121,478
4122,499
4123,464
4124,465
4125,495
4126,424
4127,438
4128,489
4129,514
4130,475
4131,505
4132,458
4133,472
4134,463
4135,464
4136,447
4137,441
4138,444
4139,442
4140,413
4141,486
4142,499
4143,442
4144,452
4145,483
4146,429
4147,473
4148,483
4149,435
4150,469
4151,475
4152,438
4153,402
4154,424
4155,481
4156,440
4157,432
4158,514
4159,490
4160,485
4161,468
4162,474
4163,483
4164,473
4165,455
4166,467
4167,448
4168,400
4169,414
4170,445
4171,458
4172,439
4173,488
4174,443
4175,446
4176,477
4177,456
4178,504
4179,481
4180,418
4181,455
4182,480
4183,467
4184,422
4185,499
4186,478
4187,471
4188,461
4189,470
4190,442
4191,458
4192,460
4193,470
4194,438
4195,455
4196,456
4197,495
4198,417
4199,475
4200,451
4201,465
4202,481
4203,472
4204,497
4205,475
4206,458
4207,475
4208,450
4209,414
4210,459
4211,453
4212,424
4213,466
4214,484
4215,440
4216,462
4217,446
4218,468
4219,458
4220,458
4221,485
4222,447
4223,471
4224,480
4225,454
4226,450
4227,462
4228,455
4229,501
4230,501
4231,469
4232,415
4233,452
4234,462
4235,450
4236,457
4237,486
4238,425
4239,460
4240,449
4241,443
4242,450
4243,467
4244,487
4245,457
4246,465
4247,491
4248,423
4249,477
4250,472
4251,470
4252,436
4253,481
4254,489
4255,467
4256,454
4257,462
4258,455
4259,452
4260,483
4261,536
4262,442
4263,409
4264,424
4265,486
4266,438
4267,461
4268,454
4269,476
4270,500
4271,481
4272,470
4273,453
4274,488
4275,471
4276,464
4277,426
4278,417
4279,448
4280,457
4281,440
4282,449
4283,444
4284,462
4285,458
4286,448
4287,453
4288,451
4289,473
4290,432
4291,456
4292,445
4293,472
4294,477
4295,474
4296,452
4297,479
4298,479
4299,457
4300,458
4301,460
4302,451
4303,411
4304,459
4305,467
4306,463
4307,482
4308,505
4309,477
4310,478
4311,488
4312,467
4313,449
4314,448
4315,445
4316,447
4317,429
4318,451
4319,464
4320,463
4321,472
4322,495
4323,439
4324,440
4325,455
4326,463
4327,485
4328,465
4329,466
4330,409
4331,436
4332,476
4333,529
4334,453
4335,468
4336,455
4337,499
4338,456
4339,464
4340,458
4341,477
4342,476
4343,461
4344,455
4345,438
4346,437
4347,505
4348,478
4349,483
4350,461
4351,461
4352,497
4353,454
4354,496
4355,479
4356,469
4357,484
4358,450
4359,486
4360,460
4361,461
4362,445
4363,431
4364,440
4365,450
4366,480
4367,423
4368,468
4369,459
4370,488
4371,493
4372,433
4373,455
4374,485
4375,466
4376,427
4377,490
4378,446
4379,494
4380,471
4381,463
4382,488
4383,491
4384,450
4385,459
4386,444
4387,423
4388,473
4389,469
4390,458
4391,474
4392,436
4393,445
4394,459
4395,470
4396,494
4397,479
4398,465
4399,460
4400,442
4401,445
4402,511
4403,501
4404,471
4405,460
4406,427
4407,430
4408,473
4409,434
4410,467
4411,463
4412,424
4413,480
4414,463
4415,438
4416,470
4417,491
4418,455
4419,483
4420,434
4421,503
4422,502
4423,482
4424,441
4425,460
4426,478
4427,471
4428,467
4429,438
4430,465
4431,446
4432,458
4433,471
4434,468
4435,456
4436,497
4437,478
4438,466
4439,439
4440,478
4441,458
4442,473
4443,460
4444,482
4445,445
4446,499
4447,513
4448,451
4449,437
4450,459
4451,428
4452,444
4453,443
4454,443
4455,475
4456,429
4457,468
4458,495
4459,441
4460,438
4461,472
4462,396
4463,497
4464,461
4465,415
4466,466
4467,450
4468,450
4469,470
4470,422
4471,450
4472,473
4473,467
4474,482
4475,488
4476,478
4477,479
4478,474
4479,476
4480,461
4481,444
4482,444
4483,441
4484,439
4485,426
4486,475
4487,480
4488,494
4489,438
4490,482
4491,509
4492,476
4493,442
4494,465
4495,445
4496,501
4497,445
4498,465
4499,471
4500,481
4501,476
4502,452
4503,432
4504,482
4505,497
4506,492
4507,482
4508,423
4509,424
4510,463
4511,480
4512,472
4513,447
4514,462
4515,451
4516,458
4517,442
4518,439
4519,511
4520,444
4521,463
4522,471
4523,456
4524,456
4525,478
4526,480
4527,474
4528,462
4529,490
4530,469
4531,438
4532,414
4533,456
4534,493
4535,504
4536,445
4537,443
4538,509
4539,454
4540,436
4541,459
4542,488
4543,435
4544,489
4545,471
4546,470
4547,445
4548,473
4549,463
4550,472
4551,460
4552,458
4553,455
4554,480
4555,475
4556,451
4557,473
4558,442
4559,421
4560,452
4561,459
4562,440
4563,455
4564,430
4565,450
4566,498
4567,437
4568,432
4569,443
4570,449
4571,467
4572,483
4573,431
4574,448
4575,483
4576,465
4577,492
4578,467
4579,461
4580,450
4581,464
4582,464
4583,452
4584,452
4585,474
4586,419
4587,448
4588,426
4589,468
4590,445
4591,473
4592,476
4593,453
4594,484
4595,441
4596,450
4597,428
4598,491
4599,447
4600,471
4601,460
4602,462
4603,471
4604,418
4605,524
4606,473
4607,481
4608,472
4609,513
4610,442
4611,500
4612,453
4613,447
4614,462
4615,490
4616,468
4617,448
4618,481
4619,505
4620,461
4621,446
4622,455
4623,464
4624,435
4625,446
4626,414
4627,458
4628,454
4629,440
4630,424
4631,477
4632,431
4633,494
4634,470
4635,459
4636,461
4637,431
4638,475
4639,455
4640,460
4641,495
4642,447
4643,461
4644,428
4645,485
4646,422
4647,461
4648,468
4649,465
4650,469
4651,444
4652,441
4653,447
4654,442
4655,439
4656,456
4657,415
4658,442
4659,467
4660,445
4661,461
4662,460
4663,489
4664,445
4665,457
4666,453
4667,437
4668,439
4669,465
4670,418
4671,439
4672,455
4673,459
4674,472
4675,466
4676,440
4677,471
4678,465
4679,479
4680,478
4681,430
4682,450
4683,488
4684,469
4685,442
4686,452
4687,480
4688,462
4689,430
4690,475
4691,461
4692,486
4693,483
4694,472
4695,471
4696,461
4697,460
4698,431
4699,460
4700,434
4701,439
4702,497
4703,471
4704,453
4705,489
4706,454
4707,479
4708,488
4709,454
4710,478
4711,497
4712,463
4713,423
4714,479
4715,441
4716,444
4717,521
4718,480
4719,464
4720,453
4721,441
4722,418
4723,417
4724,467
4725,449
4726,487
4727,461
4728,481
4729,489
4730,450
4731,479
4732,434
4733,487
4734,459
4735,489
4736,477
4737,475
4738,480
4739,473
4740,458
4741,454
4742,448
4743,411
4744,422
4745,449
4746,477
4747,480
4748,473
4749,486
4750,436
4751,482
4752,473
4753,433
4754,428
4755,434
4756,449
4757,460
4758,449
4759,440
4760,455
4761,432
4762,455
4763,478
4764,452
4765,496
4766,479
4767,419
4768,445
4769,468
4770,466
4771,471
4772,411
4773,440
4774,444
4775,404
4776,436
4777,467
4778,437
4779,475
4780,472
4781,430
4782,473
4783,450
4784,472
4785,433
4786,463
4787,467
4788,440
4789,472
4790,483
4791,428
4792,438
4793,495
4794,447
4795,447
4796,448
4797,453
4798,505
4799,460
4800,448
4801,465
4802,443
4803,453
4804,493
4805,462
4806,494
4807,467
4808,445
4809,477
4810,452
4811,457
4812,446
4813,461
4814,451
4815,458
4816,469
4817,461
4818,460
4819,485
4820,420
4821,478
4822,461
4823,489
4824,432
4825,469
4826,481
4827,473
4828,455
4829,432
4830,469
4831,437
4832,439
4833,431
4834,460
4835,489
4836,464
4837,477
4838,465
4839,482
4840,486
4841,478
4842,479
4843,451
4844,467
4845,452
4846,443
4847,488
4848,473
4849,427
4850,449
4851,442
4852,484
4853,437
4854,470
4855,449
4856,457
4857,481
4858,434
4859,444
4860,459
4861,478
4862,463
4863,483
4864,448
4865,460
4866,464
4867,470
4868,481
4869,455
4870,476
4871,442
4872,458
4873,451
4874,457
4875,479
4876,481
4877,437
4878,443
4879,482
4880,418
4881,461
4882,452
4883,447
4884,451
4885,454
4886,471
4887,447
4888,470
4889,474
4890,461
4891,463
4892,472
4893,479
4894,453
4895,467
4896,450
4897,483
4898,472
4899,406
4900,493
4901,422
4902,474
4903,458
4904,463
4905,447
4906,496
4907,421
4908,455
4909,458
4910,485
4911,479
4912,441
4913,483
4914,430
4915,453
4916,468
4917,454
4918,474
4919,483
4920,448
4921,462
4922,460
4923,490
4924,463
4925,453
4926,446
4927,448
4928,448
4929,461
4930,484
4931,459
4932,488
4933,464
4934,420
4935,426
4936,443
4937,505
4938,494
4939,444
4940,466
4941,420
4942,456
4943,468
4944,481
4945,482
4946,410
4947,470
4948,463
4949,435
4950,458
4951,482
4952,469
4953,468
4954,421
4955,500
4956,445
4957,485
4958,468
4959,475
4960,454
4961,433
4962,483
4963,490
4964,475
4965,480
4966,433
4967,448
4968,462
4969,428
4970,506
4971,460
4972,453
4973,456
4974,433
4975,460
4976,452
4977,474
4978,428
4979,456
4980,445
4981,441
4982,451
4983,461
4984,473
4985,480
4986,470
4987,464
4988,451
4989,464
4990,525
4991,503
4992,504
4993,479
4994,451
4995,470
4996,469
4997,464
4998,485
4999,427
5000,483
5001,496
5002,466
5003,430
5004,472
5005,528
5006,492
5007,496
5008,448
5009,434
5010,464
5011,503
5012,464
5013,465
5014,436
5015,472
5016,449
5017,482
5018,421
5019,470
5020,459
5021,447
5022,465
5023,444
5024,507
5025,439
5026,419
5027,437
5028,441
5029,489
5030,476
5031,454
5032,452
5033,462
5034,428
5035,474
5036,453
5037,449
5038,488
5039,468
5040,434
5041,464
5042,486
5043,475
5044,443
5045,452
5046,456
5047,457
5048,472
5049,471
5050,471
5051,452
5052,445
5053,442
5054,429
5055,466
5056,495
5057,450
5058,446
5059,471
5060,463
5061,469
5062,478
5063,496
5064,466
5065,481
5066,468
5067,475
5068,472
5069,463
5070,445
5071,482
5072,462
5073,470
5074,451
5075,485
5076,447
5077,428
5078,451
5079,472
5080,502
5081,441
5082,435
5083,466
5084,450
5085,466
5086,456
5087,450
5088,448
5089,479
5090,437
5091,483
5092,472
5093,464
5094,452
5095,489
5096,408
5097,447
5098,469
5099,471
5100,454
5101,451
5102,428
5103,483
5104,503
5105,501
5106,477
5107,438
5108,454
5109,482
5110,463
5111,461
5112,413
5113,464
5114,441
5115,467
5116,429
5117,464
5118,459
5119,446
5120,470
5121,457
5122,471
5123,462
5124,454
5125,475
5126,466
5127,489
5128,468
5129,451
5130,478
5131,527
5132,477
5133,455
5134,492
5135,469
5136,507
5137,471
5138,480
5139,458
5140,447
5141,438
5142,476
5143,423
5144,468
5145,461
5146,414
5147,444
5148,454
5149,434
5150,442
5151,451
5152,475
5153,484
5154,425
5155,435
5156,454
5157,472
5158,452
5159,492
5160,442
5161,455
5162,455
5163,461
5164,465
5165,462
5166,463
5167,459
5168,484
5169,456
5170,463
5171,462
5172,448
5173,467
5174,454
5175,463
5176,444
5177,435
5178,442
5179,481
5180,503
5181,463
5182,487
5183,485
5184,447
5185,450
5186,496
5187,453
5188,437
5189,431
5190,461
5191,469
5192,474
5193,500
5194,490
5195,459
5196,423
5197,449
5198,452
5199,490
5200,466
5201,482
5202,483
5203,453
5204,459
5205,439
5206,435
5207,483
5208,483
5209,477
5210,434
5211,431
5212,520
5213,470
5214,487
5215,493
5216,432
5217,453
5218,468
5219,478
5220,489
5221,487
5222,496
5223,403
5224,448
5225,433
5226,439
5227,457
5228,443
5229,450
5230,459
5231,513
5232,477
5233,426
5234,435
5235,456
5236,433
5237,484
5238,475
5239,423
5240,425
5241,470
5242,470
5243,493
5244,480
5245,477
5246,445
5247,456
5248,457
5249,441
5250,468
5251,467
5252,435
5253,497
5254,512
5255,445
5256,448
5257,466
5258,450
5259,456
5260,465
5261,475
5262,443
5263,472
5264,467
5265,498
5266,479
5267,485
5268,402
5269,477
5270,458
5271,521
5272,460
5273,442
5274,477
5275,451
5276,448
5277,436
5278,461
5279,474
5280,457
5281,478
5282,481
5283,493
5284,451
5285,480
5286,442
5287,455
5288,454
5289,490
5290,453
5291,448
5292,399
5293,446
5294,449
5295,451
5296,424
5297,464
5298,459
5299,449
5300,462
5301,427
5302,451
5303,441
5304,490
5305,445
5306,433
5307,443
5308,457
5309,442
5310,426
5311,439
5312,461
5313,427
5314,452
5315,482
5316,476
5317,467
5318,468
5319,427
5320,431
5321,447
5322,439
5323,438
5324,439
5325,488
5326,453
5327,449
5328,474
5329,444
5330,472
5331,451
5332,452
5333,453
5334,488
5335,461
5336,452
5337,478
5338,482
5339,449
5340,476
5341,470
5342,443
5343,446
5344,475
5345,513
5346,461
5347,470
5348,441
5349,473
5350,476
5351,487
5352,473
5353,449
5354,464
5355,488
5356,422
5357,451
5358,476
5359,465
5360,445
5361,443
5362,446
5363,472
5364,449
5365,463
5366,446
5367,448
5368,460
5369,496
5370,488
5371,448
5372,460
5373,448
5374,444
5375,459
5376,451
5377,458
5378,494
5379,452
5380,529
5381,427
5382,484
5383,452
5384,454
5385,446
5386,456
5387,444
5388,458
5389,448
5390,417
5391,469
5392,478
5393,488
5394,481
5395,482
5396,488
5397,448
5398,468
5399,464
5400,421
5401,461
5402,482
5403,473
5404,498
5405,468
5406,457
5407,434
5408,433
5409,458
5410,468
5411,479
5412,450
5413,446
5414,432
5415,469
5416,511
5417,429
5418,463
5419,482
5420,415
5421,444
5422,475
5423,453
5424,460
5425,486
5426,466
5427,448
5428,447
5429,467
5430,462
5431,442
5432,419
5433,469
5434,457
5435,462
5436,449
5437,480
5438,458
5439,427
5440,457
5441,473
5442,435
5443,498
5444,430
5445,457
5446,454
5447,456
5448,467
5449,453
5450,477
5451,470
5452,457
5453,424
5454,465
5455,471
5456,442
5457,442
5458,459
5459,418
5460,444
5461,455
5462,442
5463,447
5464,471
5465,486
5466,457
5467,467
5468,457
5469,479
5470,431
5471,471
5472,488
5473,420
5474,462
5475,481
5476,449
5477,487
5478,434
5479,473
5480,450
5481,424
5482,447
5483,430
5484,481
5485,444
5486,468
5487,475
5488,452
5489,491
5490,460
5491,501
5492,408
5493,447
5494,421
5495,429
5496,401
5497,475
5498,482
5499,463
5500,452
5501,458
5502,481
5503,496
5504,449
5505,462
5506,471
5507,483
5508,445
5509,456
5510,450
5511,458
5512,468
5513,434
5514,448
5515,475
5516,384
5517,454
5518,420
5519,472
5520,428
5521,457
5522,470
5523,452
5524,452
5525,459
5526,478
5527,490
5528,438
5529,498
5530,435
5531,410
5532,467
5533,455
5534,463
5535,480
5536,433
5537,467
5538,483
5539,452
5540,479
5541,478
5542,444
5543,491
5544,477
5545,463
5546,459
5547,472
5548,434
5549,423
5550,448
5551,438
5552,483
5553,496
5554,456
5555,445
5556,491
5557,473
5558,466
5559,475
5560,486
5561,445
5562,443
5563,438
5564,463
5565,441
5566,458
5567,475
5568,489
5569,477
5570,444
5571,489
5572,432
5573,480
5574,457
5575,469
5576,503
5577,494
5578,461
5579,483
5580,470
5581,449
5582,433
5583,443
5584,506
5585,464
5586,462
5587,457
5588,498
5589,433
5590,467
5591,479
5592,451
5593,439
5594,433
5595,496
5596,467
5597,498
5598,416
5599,456
5600,476
5601,482
5602,488
5603,474
5604,449
5605,476
5606,440
5607,510
5608,434
5609,431
5610,449
5611,462
5612,461
5613,495
5614,449
5615,470
5616,453
5617,444
5618,458
5619,446
5620,452
5621,494
5622,437
5623,445
5624,451
5625,449
5626,420
5627,421
5628,460
5629,435
5630,456
5631,442
5632,456
5633,471
5634,467
5635,496
5636,467
5637,472
5638,461
5639,450
5640,449
5641,478
5642,469
5643,465
5644,476
5645,429
5646,504
5647,460
5648,463
5649,459
5650,417
5651,450
5652,455
5653,451
5654,439
5655,448
5656,485
5657,424
5658,465
5659,466
5660,432
5661,445
5662,463
5663,483
5664,475
5665,481
5666,436
5667,448
5668,470
5669,476
5670,466
5671,465
5672,498
5673,475
5674,440
5675,430
5676,449
5677,435
5678,468
5679,486
5680,491
5681,479
5682,477
5683,471
5684,458
5685,418
5686,473
5687,465
5688,441
5689,463
5690,456
5691,453
5692,454
5693,428
5694,442
5695,470
5696,466
5697,426
5698,468
5699,503
5700,455
5701,441
5702,473
5703,469
5704,429
5705,508
5706,463
5707,472
5708,464
5709,446
5710,448
5711,484
5712,473
5713,442
5714,490
5715,465
5716,463
5717,439
5718,475
5719,471
5720,428
5721,477
5722,498
5723,468
5724,466
5725,477
5726,486
5727,518
5728,459
5729,421
5730,446
5731,434
5732,453
5733,478
5734,434
5735,464
5736,442
5737,473
5738,467
5739,438
5740,434
5741,455
5742,427
5743,449
5744,491
5745,461
5746,446
5747,469
5748,480
5749,480
5750,440
5751,477
5752,491
5753,480
5754,455
5755,455
5756,452
5757,478
5758,443
5759,446
5760,432
5761,483
5762,440
5763,462
5764,432
5765,519
5766,470
5767,446
5768,450
5769,489
5770,492
5771,488
5772,440
5773,462
5774,410
5775,478
5776,451
5777,461
5778,477
5779,453
5780,472
5781,460
5782,451
5783,484
5784,444
5785,471
5786,447
5787,442
5788,468
5789,446
5790,454
5791,460
5792,467
5793,440
5794,509
5795,483
5796,438
5797,457
5798,448
5799,470
5800,431
5801,461
5802,449
5803,453
5804,452
5805,451
5806,473
5807,421
5808,467
5809,419
5810,482
5811,472
5812,447
5813,474
5814,465
5815,497
5816,453
5817,485
5818,457
5819,460
5820,435
5821,454
5822,450
5823,465
5824,486
5825,486
5826,462
5827,446
5828,500
5829,483
5830,442
5831,444
5832,471
5833,456
5834,439
5835,478
5836,446
5837,453
5838,485
5839,462
5840,459
5841,465
5842,459
5843,464
5844,492
5845,467
5846,439
5847,427
5848,451
5849,471
5850,477
5851,467
5852,435
5853,460
5854,481
5855,432
5856,445
5857,434
5858,438
5859,438
5860,463
5861,438
5862,469
5863,465
5864,463
5865,442
5866,441
5867,447
5868,423
5869,486
5870,436
5871,455
5872,448
5873,425
5874,452
5875,494
5876,455
5877,450
5878,492
5879,468
5880,457
5881,459
5882,438
5883,435
5884,454
5885,442
5886,434
5887,503
5888,456
5889,459
5890,456
5891,479
5892,440
5893,409
5894,461
5895,453
5896,469
5897,456
5898,463
5899,458
5900,449
5901,478
5902,457
5903,464
5904,462
5905,475
5906,443
5907,458
5908,425
5909,483
5910,452
5911,457
5912,449
5913,448
5914,463
5915,476
5916,482
5917,456
5918,411
5919,438
5920,453
5921,477
5922,456
5923,471
5924,512
5925,451
5926,417
5927,485
5928,473
5929,470
5930,466
5931,428
5932,481
5933,441
5934,472
5935,514
5936,480
5937,437
5938,497
5939,482
5940,489
5941,480
5942,440
5943,464
5944,465
5945,453
5946,466
5947,494
5948,430
5949,436
5950,463
5951,484
5952,523
5953,466
5954,434
5955,474
5956,499
5957,488
5958,440
5959,465
5960,444
5961,457
5962,457
5963,466
5964,466
5965,464
5966,464
5967,472
5968,477
5969,467
5970,474
5971,465
5972,507
5973,489
5974,432
5975,450
5976,457
5977,456
5978,436
5979,464
5980,460
5981,455
5982,476
5983,435
5984,447
5985,470
5986,454
5987,403
5988,531
5989,443
5990,429
5991,452
5992,467
5993,440
5994,491
5995,479
5996,464
5997,503
5998,496
5999,469
6000,431
6001,466
6002,472
6003,484
6004,463
6005,469
6006,501
6007,437
6008,475
6009,488
6010,422
6011,474
6012,495
6013,476
6014,504
6015,469
6016,472
6017,446
6018,423
6019,484
6020,503
6021,504
6022,448
6023,475
6024,459
6025,467
6026,433
6027,482
6028,438
6029,456
6030,481
6031,450
6032,430
6033,488
6034,462
6035,458
6036,453
6037,446
6038,429
6039,486
6040,488
6041,491
6042,492
6043,455
6044,447
6045,442
6046,495
6047,453
6048,463
6049,431
6050,483
6051,469
6052,442
6053,466
6054,444
6055,448
6056,450
6057,460
6058,437
6059,480
6060,483
6061,489
6062,468
6063,456
6064,490
6065,456
6066,518
6067,481
6068,494
6069,474
6070,455
6071,487
6072,449
6073,505
6074,472
6075,466
6076,476
6077,465
6078,444
6079,471
6080,438
6081,439
6082,439
6083,462
6084,447
6085,423
6086,467
6087,490
6088,495
6089,472
6090,440
6091,435
6092,475
6093,441
6094,454
6095,477
6096,483
6097,470
6098,469
6099,489
6100,474
6101,492
6102,476
6103,475
6104,448
6105,444
6106,468
6107,501
6108,466
6109,430
6110,456
6111,495
6112,464
6113,459
6114,457
6115,434
6116,452
6117,432
6118,428
6119,447
6120,439
6121,451
6122,501
6123,466
6124,441
6125,494
6126,458
6127,459
6128,474
6129,469
6130,472
6131,432
6132,494
6133,438
6134,415
6135,478
6136,443
6137,480
6138,492
6139,440
6140,477
6141,449
6142,470
6143,470
6144,457
6145,480
6146,469
6147,469
6148,466
6149,434
6150,474
6151,424
6152,431
6153,414
6154,472
6155,457
6156,467
6157,472
6158,463
6159,455
6160,493
6161,471
6162,457
6163,458
6164,454
6165,464
6166,455
6167,396
6168,420
6169,460
6170,470
6171,471
6172,442
6173,448
6174,449
6175,424
6176,469
6177,435
6178,447
6179,457
6180,482
6181,450
6182,439
6183,476
6184,482
6185,478
6186,470
6187,461
6188,464
6189,428
6190,442
6191,503
6192,465
6193,435
6194,460
6195,496
6196,447
6197,468
6198,469
6199,459
6200,461
6201,460
6202,452
6203,503
6204,448
6205,456
6206,487
6207,429
6208,443
6209,447
6210,451
6211,462
6212,433
6213,445
6214,463
6215,490
6216,482
6217,424
6218,483
6219,456
6220,463
6221,449
6222,466
6223,494
6224,437
6225,480
6226,457
6227,449
6228,464
6229,493
6230,425
6231,504
6232,456
6233,497
6234,502
6235,429
6236,464
6237,485
6238,462
6239,450
6240,435
6241,460
6242,442
6243,468
6244,449
6245,489
6246,463
6247,466
6248,478
6249,461
6250,459
6251,438
6252,487
6253,456
6254,421
6255,452
6256,482
6257,456
6258,465
6259,485
6260,473
6261,469
6262,466
6263,460
6264,484
6265,489
6266,473
6267,432
6268,466
6269,482
6270,470
6271,499
6272,489
6273,485
6274,459
6275,459
6276,449
6277,456
6278,468
6279,484
6280,471
6281,435
6282,448
6283,447
6284,522
6285,464
6286,440
6287,436
6288,469
6289,467
6290,466
6291,470
6292,402
6293,420
6294,453
6295,434
6296,409
6297,482
6298,483
6299,422
6300,481
6301,458
6302,463
6303,481
6304,462
6305,482
6306,509
6307,439
6308,456
6309,442
6310,482
6311,476
6312,450
6313,457
6314,459
6315,485
6316,453
6317,435
6318,471
6319,446
6320,469
6321,461
6322,453
6323,471
6324,463
6325,477
6326,466
6327,469
6328,412
6329,402
6330,426
6331,465
6332,471
6333,467
6334,455
6335,472
6336,502
6337,455
6338,438
6339,470
6340,477
6341,521
6342,451
6343,413
6344,457
6345,455
6346,448
6347,473
6348,488
6349,451
6350,446
6351,451
6352,495
6353,422
6354,444
6355,463
6356,438
6357,463
6358,453
6359,445
6360,471
6361,468
6362,462
6363,468
6364,465
6365,485
6366,461
6367,450
6368,482
6369,448
6370,474
6371,462
6372,429
6373,468
6374,488
6375,460
6376,420
6377,434
6378,424
6379,407
6380,458
6381,470
6382,477
6383,485
6384,483
6385,432
6386,460
6387,450
6388,464
6389,463
6390,475
6391,425
6392,477
6393,441
6394,464
6395,449
6396,467
6397,482
6398,457
6399,473
6400,485
6401,430
6402,455
6403,487
6404,440
6405,449
6406,458
6407,474
6408,419
6409,478
6410,440
6411,465
6412,487
6413,478
6414,447
6415,500
6416,457
6417,466
6418,470
6419,448
6420,470
6421,480
6422,446
6423,465
6424,485
6425,427
6426,477
6427,481
6428,502
6429,501
6430,461
6431,447
6432,458
6433,498
6434,402
6435,475
6436,473
6437,481
6438,482
6439,471
6440,439
6441,472
6442,431
6443,455
6444,484
6445,486
6446,528
6447,461
6448,429
6449,452
6450,456
6451,489
6452,435
6453,471
6454,432
6455,470
6456,469
6457,445
6458,430
6459,451
6460,492
6461,430
6462,441
6463,422
6464,447
6465,437
6466,473
6467,465
6468,461
6469,451
6470,437
6471,446
6472,449
6473,473
6474,467
6475,453
6476,457
6477,468
6478,458
6479,440
6480,471
6481,467
6482,487
6483,463
6484,452
6485,470
6486,460
6487,462
6488,473
6489,458
6490,481
6491,437
6492,433
6493,471
6494,432
6495,459
6496,443
6497,457
6498,481
6499,473
6500,462
6501,490
6502,450
6503,460
6504,465
6505,466
6506,445
6507,468
6508,467
6509,504
6510,454
6511,426
6512,422
6513,444
6514,449
6515,429
6516,524
6517,440
6518,449
6519,459
6520,472
6521,469
6522,448
6523,445
6524,450
6525,449
6526,440
6527,457
6528,453
6529,431
6530,423
6531,462
6532,467
6533,481
6534,469
6535,455
6536,442
6537,450
6538,486
6539,484
6540,466
6541,449
6542,461
6543,472
6544,489
6545,460
6546,472
6547,486
6548,438
6549,477
6550,455
6551,495
6552,455
6553,433
6554,475
6555,451
6556,435
6557,469
6558,451
6559,464
6560,467
6561,490
6562,461
6563,474
6564,480
6565,477
6566,480
6567,435
6568,413
6569,479
6570,487
6571,455
6572,472
6573,452
6574,483
6575,442
6576,459
6577,473
6578,497
6579,432
6580,466
6581,444
6582,457
6583,483
6584,463
6585,440
6586,458
6587,484
6588,449
6589,469
6590,466
6591,495
6592,469
6593,449
6594,458
6595,437
6596,438
6597,483
6598,473
6599,455
6600,458
6601,466
6602,478
6603,432
6604,505
6605,486
6606,469
6607,466
6608,439
6609,446
6610,467
6611,483
6612,426
6613,449
6614,453
6615,426
6616,462
6617,486
6618,462
6619,481
6620,501
6621,439
6622,437
6623,446
6624,465
6625,444
6626,437
6627,439
6628,510
6629,490
6630,461
6631,437
6632,427
6633,454
6634,465
6635,448
6636,498
6637,435
6638,426
6639,451
6640,472
6641,462
6642,462
6643,472
6644,461
6645,487
6646,485
6647,463
6648,462
6649,486
6650,453
6651,453
6652,433
6653,420
6654,447
6655,417
6656,439
6657,409
6658,447
6659,450
6660,444
6661,459
6662,469
6663,476
6664,426
6665,427
6666,457
6667,483
6668,451
6669,456
6670,456
6671,441
6672,483
6673,469
6674,454
6675,456
6676,503
6677,444
6678,496
6679,464
6680,468
6681,407
6682,490
6683,450
6684,463
6685,427
6686,498
6687,444
6688,453
6689,450
6690,448
6691,482
6692,447
6693,455
6694,444
6695,505
6696,411
6697,462
6698,469
6699,455
6700,472
6701,490
6702,458
6703,473
6704,504
6705,445
6706,472
6707,410
6708,474
6709,475
6710,475
6711,444
6712,450
6713,459
6714,462
6715,444
6716,417
6717,445
6718,480
6719,454
6720,442
6721,453
6722,461
6723,443
6724,449
6725,470
6726,478
6727,447
6728,462
6729,457
6730,421
6731,456
6732,551
6733,497
6734,495
6735,437
6736,421
6737,456
6738,511
6739,453
6740,435
6741,465
6742,457
6743,450
6744,468
6745,502
6746,464
6747,454
6748,462
6749,415
6750,452
6751,462
6752,474
6753,480
6754,498
6755,450
6756,465
6757,494
6758,456
6759,438
6760,411
6761,456
6762,474
6763,452
6764,449
6765,458
6766,482
6767,464
6768,447
6769,472
6770,473
6771,489
6772,474
6773,473
6774,481
6775,489
6776,483
6777,491
6778,473
6779,473
6780,465
6781,479
6782,474
6783,446
6784,490
6785,485
6786,493
6787,449
6788,480
6789,444
6790,438
6791,460
6792,446
6793,451
6794,482
6795,465
6796,468
6797,466
6798,469
6799,466
6800,456
6801,486
6802,523
6803,447
6804,468
6805,434
6806,452
6807,472
6808,476
6809,469
6810,464
6811,468
6812,458
6813,454
6814,459
6815,438
6816,463
6817,464
6818,460
6819,455
6820,487
6821,455
6822,447
6823,456
6824,467
6825,448
6826,453
6827,410
6828,482
6829,491
6830,467
6831,456
6832,513
6833,451
6834,408
6835,480
6836,472
6837,487
6838,493
6839,457
6840,434
6841,466
6842,446
6843,437
6844,446
6845,471
6846,488
6847,478
6848,489
6849,432
6850,467
6851,506
6852,477
6853,441
6854,475
6855,463
6856,464
6857,496
6858,498
6859,441
6860,442
6861,450
6862,491
6863,456
6864,489
6865,454
6866,454
6867,465
6868,453
6869,466
6870,434
6871,423
6872,482
6873,457
6874,443
6875,486
6876,460
6877,498
6878,426
6879,484
6880,502
6881,480
6882,453
6883,478
6884,475
6885,491
6886,456
6887,500
6888,476
6889,475
6890,476
6891,443
6892,445
6893,455
6894,457
6895,424
6896,475
6897,457
6898,468
6899,460
6900,469
6901,456
6902,464
6903,483
6904,462
6905,438
6906,477
6907,463
6908,440
6909,479
6910,441
6911,457
6912,458
6913,532
6914,428
6915,432
6916,478
6917,463
6918,447
6919,422
6920,451
6921,458
6922,477
6923,448
6924,434
6925,483
6926,470
6927,474
6928,463
6929,451
6930,483
6931,451
6932,444
6933,455
6934,500
6935,453
6936,473
6937,476
6938,458
6939,483
6940,487
6941,450
6942,483
6943,475
6944,468
6945,440
6946,470
6947,461
6948,438
6949,462
6950,448
6951,478
6952,477
6953,455
6954,434
6955,504
6956,472
6957,434
6958,440
6959,419
6960,431
6961,429
6962,457
6963,421
6964,436
6965,481
6966,482
6967,445
6968,460
6969,498
6970,478
6971,446
6972,478
6973,449
6974,461
6975,465
6976,460
6977,434
6978,465
6979,472
6980,503
6981,474
6982,454
6983,437
6984,489
6985,445
6986,492
6987,477
6988,458
6989,455
6990,499
6991,436
6992,457
6993,450
6994,436
6995,439
6996,453
6997,476
6998,452
6999,466
7000,459
7001,507
7002,462
7003,454
7004,470
7005,452
7006,514
7007,467
7008,461
7009,419
7010,460
7011,463
7012,458
7013,427
7014,466
7015,483
7016,465
7017,476
7018,450
7019,443
7020,472
7021,427
7022,479
7023,467
7024,491
7025,484
7026,467
7027,496
7028,453
7029,464
7030,453
7031,476
7032,431
7033,479
7034,446
7035,468
7036,433
7037,429
7038,431
7039,499
7040,467
7041,483
7042,434
7043,443
7044,417
7045,462
7046,463
7047,448
7048,451
7049,424
7050,479
7051,465
7052,459
7053,416
7054,462
7055,443
7056,402
7057,494
7058,473
7059,439
7060,431
7061,462
7062,472
7063,476
7064,487
7065,441
7066,471
7067,469
7068,488
7069,457
7070,481
7071,466
7072,474
7073,427
7074,448
7075,472
7076,455
7077,461
7078,464
7079,410
7080,424
7081,444
7082,459
7083,469
7084,472
7085,486
7086,491
7087,441
7088,466
7089,444
7090,440
7091,466
7092,451
7093,484
7094,449
7095,450
7096,453
7097,467
7098,441
7099,506
7100,447
7101,473
7102,438
7103,433
7104,512
7105,490
7106,450
7107,486
7108,505
7109,455
7110,431
7111,508
7112,497
7113,478
7114,450
7115,463
7116,449
7117,491
7118,492
7119,409
7120,481
7121,410
7122,490
7123,458
7124,443
7125,453
7126,477
7127,480
7128,459
7129,462
7130,469
7131,462
7132,465
7133,459
7134,398
7135,458
7136,425
7137,482
7138,434
7139,458
7140,458
7141,436
7142,481
7143,487
7144,471
7145,439
7146,465
7147,502
7148,503
7149,454
7150,462
7151,472
7152,482
7153,438
7154,470
7155,455
7156,482
7157,430
7158,429
7159,483
7160,478
7161,426
7162,489
7163,446
7164,491
7165,434
7166,509
7167,425
7168,435
7169,455
7170,423
7171,435
7172,484
7173,461
7174,453
7175,487
7176,430
7177,427
7178,459
7179,460
7180,467
7181,444
7182,425
7183,435
7184,456
7185,486
7186,417
7187,466
7188,460
7189,460
7190,458
7191,473
7192,452
7193,483
7194,483
7195,482
7196,428
7197,460
7198,471
7199,486
7200,482
7201,471
7202,487
7203,482
7204,418
7205,449
7206,441
7207,498
7208,461
7209,481
7210,446
7211,466
7212,468
7213,450
7214,476
7215,498
7216,490
7217,499
7218,451
7219,469
7220,461
7221,425
7222,445
7223,478
7224,393
7225,476
7226,451
7227,441
7228,467
7229,476
7230,452
7231,444
7232,495
7233,447
7234,482
7235,435
7236,450
7237,460
7238,463
7239,447
7240,420
7241,424
7242,447
7243,475
7244,460
7245,475
7246,449
7247,456
7248,462
7249,475
7250,480
7251,496
7252,411
7253,484
7254,486
7255,459
7256,458
7257,460
7258,448
7259,475
7260,458
7261,468
7262,437
7263,436
7264,478
7265,430
7266,391
7267,439
7268,491
7269,463
7270,469
7271,474
7272,441
7273,464
7274,403
7275,465
7276,458
7277,473
7278,468
7279,478
7280,452
7281,455
7282,480
7283,450
7284,490
7285,477
7286,456
7287,442
7288,465
7289,447
7290,449
7291,460
7292,443
7293,482
7294,481
7295,444
7296,473
7297,446
7298,497
7299,466
7300,492
7301,496
7302,457
7303,471
7304,455
7305,424
7306,486
7307,489
7308,422
7309,476
7310,492
7311,463
7312,512
7313,460
7314,485
7315,430
7316,469
7317,438
7318,474
7319,456
7320,455
7321,460
7322,472
7323,458
7324,458
7325,415
7326,472
7327,460
7328,454
7329,461
7330,441
7331,438
7332,464
7333,486
7334,439
7335,478
7336,419
7337,430
7338,469
7339,462
7340,458
7341,448
7342,457
7343,491
7344,435
7345,483
7346,473
7347,426
7348,493
7349,446
7350,468
7351,444
7352,492
7353,464
7354,416
7355,475
7356,474
7357,420
7358,450
7359,445
7360,458
7361,467
7362,439
7363,471
7364,453
7365,453
7366,478
7367,437
7368,437
7369,461
7370,506
7371,481
7372,461
7373,422
7374,431
7375,475
7376,453
7377,456
7378,438
7379,482
7380,469
7381,419
7382,461
7383,490
7384,430
7385,469
7386,492
7387,429
7388,475
7389,453
7390,466
7391,464
7392,475
7393,433
7394,422
7395,422
7396,489
7397,436
7398,512
7399,468
7400,469
7401,447
7402,448
7403,475
7404,466
7405,463
7406,482
7407,456
7408,450
7409,482
7410,457
7411,443
7412,494
7413,471
7414,449
7415,454
7416,429
7417,456
7418,454
7419,460
7420,468
7421,485
7422,477
7423,459
7424,493
7425,465
7426,475
7427,458
7428,497
7429,450
7430,484
7431,449
7432,490
7433,455
7434,425
7435,470
7436,438
7437,482
7438,468
7439,466
7440,476
7441,456
7442,458
7443,449
7444,479
7445,436
7446,463
7447,459
7448,441
7449,424
7450,454
7451,481
7452,488
7453,489
7454,451
7455,450
7456,427
7457,461
7458,435
7459,464
7460,485
7461,476
7462,476
7463,498
7464,457
7465,476
7466,488
7467,485
7468,426
7469,470
7470,468
7471,479
7472,425
7473,473
7474,469
7475,475
7476,472
7477,461
7478,430
7479,493
7480,489
7481,446
7482,482
7483,457
7484,485
7485,470
7486,488
7487,472
7488,489
7489,503
7490,445
7491,449
7492,429
7493,480
7494,450
7495,438
7496,435
7497,449
7498,454
7499,479
7500,476
7501,463
7502,436
7503,478
7504,471
7505,450
7506,475
7507,464
7508,449
7509,455
7510,464
7511,462
7512,424
7513,464
7514,475
7515,472
7516,463
7517,459
7518,440
7519,427
7520,445
7521,448
7522,457
7523,473
7524,471
7525,498
7526,427
7527,462
7528,464
7529,502
7530,487
7531,471
7532,461
7533,501
7534,440
7535,455
7536,444
7537,422
7538,480
7539,464
7540,464
7541,451
7542,431
7543,474
7544,473
7545,449
7546,493
7547,458
7548,449
7549,460
7550,463
7551,468
7552,480
7553,482
7554,502
7555,451
7556,455
7557,462
7558,469
7559,455
7560,456
7561,429
7562,428
7563,452
7564,461
7565,442
7566,487
7567,459
7568,470
7569,476
7570,450
7571,497
7572,434
7573,417
7574,496
7575,456
7576,484
7577,413
7578,449
7579,461
7580,500
7581,434
7582,461
7583,448
7584,485
7585,447
7586,448
7587,482
7588,441
7589,470
7590,451
7591,469
7592,465
7593,475
7594,455
7595,438
7596,427
7597,457
7598,456
7599,487
7600,455
7601,421
7602,449
7603,457
7604,468
7605,463
7606,482
7607,481
7608,444
7609,457
7610,465
7611,480
7612,481
7613,455
7614,451
7615,442
7616,464
7617,449
7618,434
7619,486
7620,476
7621,459
7622,460
7623,465
7624,466
7625,463
7626,427
7627,461
7628,460
7629,389
7630,477
7631,484
7632,435
7633,462
7634,424
7635,480
7636,480
7637,447
7638,472
7639,478
7640,447
7641,474
7642,445
7643,454
7644,448
7645,449
7646,484
7647,460
7648,492
7649,436
7650,467
7651,466
7652,485
7653,420
7654,476
7655,450
7656,431
7657,458
7658,431
7659,449
7660,435
7661,478
7662,423
7663,515
7664,485
7665,494
7666,457
7667,465
7668,454
7669,442
7670,445
7671,436
7672,475
7673,481
7674,496
7675,482
7676,433
7677,458
7678,473
7679,447
7680,444
7681,464
7682,465
7683,484
7684,451
7685,486
7686,420
7687,469
7688,426
7689,497
7690,491
7691,449
7692,424
7693,467
7694,442
7695,454
7696,449
7697,443
7698,470
7699,464
7700,470
7701,437
7702,440
7703,479
7704,476
7705,480
7706,455
7707,459
7708,461
7709,514
7710,514
7711,452
7712,521
7713,443
7714,455
7715,473
7716,445
7717,458
7718,444
7719,483
7720,476
7721,508
7722,481
7723,481
7724,470
7725,507
7726,463
7727,451
7728,453
7729,475
7730,453
7731,452
7732,452
7733,432
7734,490
7735,414
7736,477
7737,439
7738,440
7739,413
7740,445
7741,444
7742,481
7743,435
7744,481
7745,439
7746,483
7747,433
7748,432
7749,471
7750,424
7751,474
7752,469
7753,459
7754,463
7755,462
7756,459
7757,465
7758,465
7759,487
7760,463
7761,457
7762,429
7763,452
7764,439
7765,480
7766,454
7767,489
7768,470
7769,476
7770,469
7771,448
7772,459
7773,473
7774,455
7775,441
7776,480
7777,479
7778,433
7779,480
7780,495
7781,452
7782,493
7783,413
7784,465
7785,431
7786,469
7787,489
7788,453
7789,478
7790,463
7791,466
7792,425
7793,439
7794,461
7795,433
7796,474
7797,432
7798,428
7799,441
7800,489
7801,469
7802,483
7803,485
7804,505
7805,484
7806,449
7807,451
7808,394
7809,459
7810,470
7811,477
7812,462
7813,453
7814,477
7815,477
7816,470
7817,490
7818,442
7819,483
7820,472
7821,440
7822,470
7823,465
7824,438
7825,470
7826,465
7827,447
7828,440
7829,488
7830,458
7831,466
7832,445
7833,445
7834,504
7835,467
7836,449
7837,454
7838,498
7839,431
7840,446
7841,441
7842,478
7843,452
7844,487
7845,432
7846,440
7847,471
7848,455
7849,455
7850,470
7851,461
7852,470
7853,469
7854,471
7855,440
7856,479
7857,489
7858,433
7859,452
7860,458
7861,506
7862,488
7863,477
7864,483
7865,465
7866,501
7867,454
7868,511
7869,474
7870,469
7871,458
7872,467
7873,498
7874,485
7875,450
7876,467
7877,463
7878,455
7879,473
7880,446
7881,454
7882,476
7883,486
7884,465
7885,492
7886,440
7887,466
7888,458
7889,454
7890,458
7891,462
7892,429
7893,449
7894,483
7895,448
7896,482
7897,466
7898,509
7899,456
7900,476
7901,402
7902,480
7903,433
7904,448
7905,463
7906,427
7907,470
7908,480
7909,481
7910,446
7911,463
7912,477
7913,456
7914,452
7915,450
7916,452
7917,451
7918,466
7919,454
7920,485
7921,462
7922,433
7923,462
7924,472
7925,479
7926,428
7927,478
7928,439
7929,436
7930,433
7931,477
7932,454
7933,450
7934,460
7935,477
7936,461
7937,454
7938,442
7939,456
7940,453
7941,457
7942,470
7943,477
7944,459
7945,499
7946,465
7947,481
7948,423
7949,430
7950,470
7951,431
7952,458
7953,485
7954,471
7955,470
7956,474
7957,506
7958,434
7959,481
7960,491
7961,478
7962,461
7963,473
7964,456
7965,488
7966,448
7967,487
7968,431
7969,484
7970,445
7971,416
7972,480
7973,451
7974,430
7975,432
7976,477
7977,464
7978,454
7979,474
7980,481
7981,453
7982,461
7983,424
7984,471
7985,457
7986,482
7987,448
7988,453
7989,484
7990,482
7991,453
7992,492
7993,482
7994,442
7995,419
7996,502
7997,447
7998,493
7999,426
8000,435
8001,497
8002,491
8003,501
8004,496
8005,454
8006,443
8007,483
8008,453
8009,479
8010,480
8011,462
8012,465
8013,516
8014,420
8015,442
8016,459
8017,451
8018,476
8019,425
8020,494
8021,439
8022,451
8023,432
8024,451
8025,495
8026,492
8027,488
8028,449
8029,468
8030,418
8031,444
8032,421
8033,484
8034,468
8035,468
8036,413
8037,479
8038,437
8039,420
8040,500
8041,439
8042,465
8043,489
8044,415
8045,459
8046,465
8047,472
8048,484
8049,470
8050,480
8051,441
8052,462
8053,508
8054,481
8055,450
8056,441
8057,454
8058,424
8059,450
8060,494
8061,478
8062,471
8063,450
8064,444
8065,462
8066,457
8067,462
8068,468
8069,461
8070,450
8071,424
8072,452
8073,453
8074,448
8075,457
8076,458
8077,437
8078,430
8079,481
8080,477
8081,463
8082,452
8083,443
8084,454
8085,449
8086,413
8087,428
8088,486
8089,458
8090,459
8091,440
8092,439
8093,435
8094,442
8095,485
8096,458
8097,433
8098,462
8099,466
8100,446
8101,457
8102,464
8103,447
8104,486
8105,445
8106,471
8107,456
8108,455
8109,491
8110,467
8111,450
8112,450
8113,468
8114,459
8115,446
8116,494
8117,475
8118,491
8119,487
8120,455
8121,472
8122,449
8123,491
8124,451
8125,471
8126,429
8127,452
8128,430
8129,453
8130,463
8131,463
8132,510
8133,441
8134,394
8135,444
8136,434
8137,478
8138,420
8139,434
8140,473
8141,483
8142,487
8143,447
8144,441
8145,442
8146,445
8147,455
8148,448
8149,420
8150,500
8151,470
8152,460
8153,462
8154,463
8155,490
8156,462
8157,445
8158,490
8159,480
8160,482
8161,468
8162,462
8163,470
8164,465
8165,447
8166,427
8167,471
8168,463
8169,469
8170,469
8171,472
8172,438
8173,487
8174,482
8175,465
8176,427
8177,462
8178,467
8179,442
8180,480
8181,485
8182,446
8183,408
8184,430
8185,467
8186,454
8187,448
8188,469
8189,448
8190,461
8191,475
8192,470
8193,423
8194,462
8195,433
8196,459
8197,425
8198,458
8199,429
8200,468
8201,454
8202,457
8203,485
8204,451
8205,457
8206,469
8207,435
8208,422
8209,494
8210,462
8211,495
8212,477
8213,461
8214,461
8215,454
8216,479
8217,447
8218,466
8219,464
8220,480
8221,490
8222,449
8223,447
8224,451
8225,453
8226,504
8227,473
8228,443
8229,489
8230,459
8231,450
8232,479
8233,452
8234,475
8235,480
8236,510
8237,476
8238,515
8239,462
8240,471
8241,439
8242,468
8243,474
8244,452
8245,453
8246,473
8247,426
8248,456
8249,445
8250,468
8251,438
8252,459
8253,448
8254,456
8255,423
8256,458
8257,393
8258,461
8259,457
8260,491
8261,470
8262,440
8263,467
8264,451
8265,463
8266,477
8267,442
8268,487
8269,456
8270,453
8271,472
8272,497
8273,445
8274,436
8275,409
8276,473
8277,444
8278,469
8279,464
8280,449
8281,445
8282,467
8283,451
8284,489
8285,465
8286,438
8287,512
8288,450
8289,429
8290,476
8291,460
8292,442
8293,447
8294,464
8295,423
8296,444
8297,421
8298,466
8299,458
8300,463
8301,427
8302,460
8303,474
8304,470
8305,424
8306,435
8307,472
8308,458
8309,470
8310,455
8311,465
8312,469
8313,455
8314,495
8315,467
8316,492
8317,464
8318,450
8319,484
8320,463
8321,457
8322,505
8323,472
8324,423
8325,441
8326,482
8327,467
8328,432
8329,450
8330,444
8331,441
8332,430
8333,459
8334,460
8335,416
8336,408
8337,446
8338,455
8339,476
8340,466
8341,454
8342,455
8343,460
8344,449
8345,454
8346,453
8347,483
8348,458
8349,456
8350,460
8351,461
8352,451
8353,458
8354,460
8355,505
8356,420
8357,485
8358,490
8359,487
8360,454
8361,458
8362,432
8363,443
8364,455
8365,433
8366,480
8367,505
8368,416
8369,456
8370,467
8371,476
8372,473
8373,490
8374,467
8375,461
8376,483
8377,411
8378,459
8379,460
8380,441
8381,460
8382,450
8383,459
8384,485
8385,484
8386,499
8387,452
8388,436
8389,480
8390,509
8391,482
8392,469
8393,453
8394,481
8395,446
8396,449
8397,496
8398,425
8399,462
8400,435
8401,427
8402,479
8403,489
8404,469
8405,460
8406,449
8407,484
8408,438
8409,437
8410,480
8411,460
8412,426
8413,458
8414,449
8415,463
8416,460
8417,457
8418,424
8419,445
8420,427
8421,459
8422,460
8423,472
8424,488
8425,461
8426,477
8427,489
8428,464
8429,465
8430,417
8431,446
8432,493
8433,431
8434,465
8435,459
8436,456
8437,474
8438,478
8439,427
8440,467
8441,450
8442,449
8443,476
8444,469
8445,440
8446,460
8447,432
8448,473
8449,467
8450,440
8451,486
8452,458
8453,487
8454,485
8455,445
8456,472
8457,432
8458,477
8459,485
8460,469
8461,461
8462,490
8463,453
8464,451
8465,435
8466,464
8467,492
8468,467
8469,458
8470,495
8471,473
8472,491
8473,473
8474,453
8475,488
8476,495
8477,481
8478,429
8479,448
8480,471
8481,453
8482,467
8483,460
8484,476
8485,464
8486,444
8487,491
8488,463
8489,487
8490,443
8491,476
8492,453
8493,460
8494,454
8495,411
8496,447
8497,417
8498,436
8499,499
8500,446
8501,450
8502,475
8503,483
8504,454
8505,452
8506,424
8507,456
8508,438
8509,442
8510,485
8511,462
8512,450
8513,461
8514,474
8515,468
8516,493
8517,456
8518,483
8519,481
8520,483
8521,477
8522,485
8523,410
8524,445
8525,470
8526,435
8527,473
8528,481
8529,440
8530,484
8531,450
8532,452
8533,438
8534,477
8535,465
8536,471
8537,445
8538,463
8539,445
8540,428
8541,482
8542,445
8543,477
8544,442
8545,463
8546,504
8547,469
8548,475
8549,450
8550,469
8551,476
8552,480
8553,480
8554,476
8555,451
8556,435
8557,406
8558,448
8559,446
8560,457
8561,460
8562,460
8563,489
8564,457
8565,473
8566,423
8567,473
8568,436
8569,458
8570,452
8571,458
8572,487
8573,456
8574,451
8575,482
8576,427
8577,434
8578,501
8579,464
8580,453
8581,494
8582,478
8583,435
8584,465
8585,461
8586,466
8587,442
8588,430
8589,471
8590,461
8591,485
8592,487
8593,417
8594,494
8595,477
8596,472
8597,441
8598,496
8599,456
8600,425
8601,424
8602,434
8603,444
8604,443
8605,490
8606,453
8607,470
8608,453
8609,481
8610,446
8611,472
8612,481
8613,478
8614,459
8615,460
8616,447
8617,446
8618,453
8619,441
8620,494
8621,423
8622,452
8623,470
8624,445
8625,435
8626,459
8627,449
8628,449
8629,454
8630,412
8631,458
8632,431
8633,453
8634,488
8635,416
8636,507
8637,441
8638,450
8639,447
8640,472
8641,473
8642,458
8643,457
8644,439
8645,394
8646,466
8647,451
8648,506
8649,473
8650,437
8651,480
8652,486
8653,451
8654,456
8655,446
8656,478
8657,502
8658,475
8659,461
8660,448
8661,465
8662,462
8663,480
8664,464
8665,428
8666,492
8667,451
8668,469
8669,441
8670,463
8671,464
8672,452
8673,459
8674,484
8675,489
8676,472
8677,464
8678,495
8679,499
8680,483
8681,514
8682,512
8683,492
8684,441
8685,469
8686,471
8687,451
8688,462
8689,471
8690,477
8691,460
8692,448
8693,469
8694,446
8695,456
8696,497
8697,500
8698,451
8699,472
8700,477
8701,484
8702,445
8703,460
8704,476
8705,458
8706,449
8707,454
8708,455
8709,414
8710,452
8711,464
8712,444
8713,438
8714,471
8715,502
8716,503
8717,469
8718,457
8719,455
8720,459
8721,490
8722,483
8723,465
8724,481
8725,462
8726,492
8727,493
8728,458
8729,466
8730,453
8731,422
8732,470
8733,439
8734,486
8735,442
8736,435
8737,453
8738,484
8739,484
8740,477
8741,483
8742,505
8743,419
8744,451
8745,495
8746,466
8747,490
8748,473
8749,479
8750,471
8751,481
8752,471
8753,447
8754,458
8755,486
8756,466
8757,493
8758,466
8759,427
8760,471
8761,471
8762,486
8763,482
8764,469
8765,456
8766,447
8767,488
8768,476
8769,496
8770,491
8771,432
8772,468
8773,452
8774,466
8775,492
8776,455
8777,460
8778,456
8779,463
8780,499
8781,501
8782,473
8783,463
8784,447
8785,468
8786,464
8787,461
8788,464
8789,494
8790,461
8791,480
8792,462
8793,478
8794,439
8795,470
8796,442
8797,425
8798,460
8799,476
8800,454
8801,474
8802,451
8803,484
8804,483
8805,439
8806,466
8807,474
8808,483
8809,472
8810,450
8811,461
8812,454
8813,459
8814,449
8815,447
8816,479
8817,509
8818,458
8819,478
8820,490
8821,419
8822,472
8823,452
8824,480
8825,447
8826,493
8827,464
8828,481
8829,454
8830,461
8831,469
8832,446
8833,488
8834,477
8835,479
8836,431
8837,490
8838,442
8839,457
8840,433
8841,441
8842,451
8843,434
8844,449
8845,458
8846,458
8847,386
8848,486
8849,483
8850,441
8851,451
8852,465
8853,493
8854,425
8855,484
8856,483
8857,476
8858,456
8859,486
8860,478
8861,483
8862,473
8863,473
8864,449
8865,439
8866,455
8867,466
8868,448
8869,432
8870,458
8871,454
8872,444
8873,481
8874,431
8875,486
8876,443
8877,461
8878,469
8879,441
8880,432
8881,482
8882,482
8883,448
8884,480
8885,430
8886,474
8887,481
8888,450
8889,419
8890,428
8891,456
8892,436
8893,446
8894,446
8895,484
8896,489
8897,462
8898,473
8899,459
8900,463
8901,447
8902,444
8903,468
8904,468
8905,451
8906,436
8907,460
8908,459
8909,435
8910,477
8911,435
8912,429
8913,441
8914,483
8915,461
8916,496
8917,443
8918,454
8919,467
8920,445
8921,485
8922,451
8923,480
8924,460
8925,436
8926,476
8927,482
8928,481
8929,423
8930,453
8931,444
8932,467
8933,448
8934,467
8935,446
8936,470
8937,434
8938,481
8939,442
8940,452
8941,486
8942,463
8943,459
8944,470
8945,486
8946,513
8947,501
8948,506
8949,480
8950,463
8951,443
8952,411
8953,449
8954,485
8955,490
8956,473
8957,428
8958,481
8959,444
8960,476
8961,416
8962,470
8963,427
8964,466
8965,459
8966,474
8967,461
8968,458
8969,429
8970,482
8971,441
8972,450
8973,453
8974,491
8975,470
8976,464
8977,484
8978,454
8979,474
8980,465
8981,502
8982,452
8983,480
8984,447
8985,461
8986,419
8987,490
8988,453
8989,476
8990,482
8991,489
8992,474
8993,457
8994,473
8995,435
8996,486
8997,435
8998,453
8999,495
9000,453
9001,485
9002,499
9003,423
9004,421
9005,485
9006,499
9007,437
9008,481
9009,433
9010,472
9011,429
9012,453
9013,432
9014,464
9015,463
9016,496
9017,444
9018,448
9019,449
9020,448
9021,452
9022,439
9023,470
9024,476
9025,475
9026,449
9027,435
9028,471
9029,469
9030,435
9031,496
9032,435
9033,433
9034,433
9035,493
9036,446
9037,427
9038,468
9039,433
9040,422
9041,472
9042,497
9043,443
9044,426
9045,465
9046,460
9047,472
9048,476
9049,413
9050,475
9051,447
9052,474
9053,512
9054,455
9055,417
9056,459
9057,402
9058,441
9059,444
9060,487
9061,488
9062,477
9063,469
9064,482
9065,468
9066,504
9067,437
9068,450
9069,468
9070,493
9071,451
9072,444
9073,436
9074,470
9075,445
9076,460
9077,464
9078,453
9079,419
9080,444
9081,445
9082,424
9083,483
9084,491
9085,475
9086,435
9087,457
9088,445
9089,499
9090,475
9091,481
9092,455
9093,465
9094,459
9095,458
9096,475
9097,460
9098,432
9099,466
9100,451
9101,462
9102,425
9103,493
9104,462
9105,438
9106,440
9107,439
9108,409
9109,458
9110,447
9111,467
9112,421
9113,460
9114,477
9115,432
9116,466
9117,485
9118,443
9119,493
9120,467
9121,485
9122,483
9123,453
9124,446
9125,456
9126,468
9127,480
9128,446
9129,474
9130,441
9131,511
9132,481
9133,434
9134,473
9135,500
9136,466
9137,500
9138,473
9139,464
9140,438
9141,449
9142,470
9143,451
9144,459
9145,453
9146,422
9147,456
9148,451
9149,458
9150,446
9151,463
9152,474
9153,433
9154,456
9155,445
9156,480
9157,455
9158,469
9159,470
9160,474
9161,482
9162,467
9163,484
9164,465
9165,464
9166,456
9167,482
9168,426
9169,475
9170,471
9171,476
9172,459
9173,448
9174,472
9175,459
9176,457
9177,471
9178,466
9179,431
9180,495
9181,461
9182,441
9183,443
9184,469
9185,460
9186,473
9187,451
9188,481
9189,448
9190,445
9191,436
9192,454
9193,460
9194,435
9195,470
9196,459
9197,462
9198,481
9199,461
9200,446
9201,462
9202,461
9203,482
9204,471
9205,440
9206,489
9207,432
9208,455
9209,443
9210,472
9211,453
9212,468
9213,464
9214,449
9215,471
9216,469
9217,483
9218,436
9219,449
9220,434
9221,501
9222,430
9223,436
9224,463
9225,456
9226,442
9227,491
9228,482
9229,526
9230,492
9231,425
9232,460
9233,479
9234,492
9235,424
9236,458
9237,472
9238,469
9239,494
9240,485
9241,471
9242,455
9243,462
9244,442
9245,446
9246,446
9247,473
9248,462
9249,456
9250,473
9251,463
9252,422
9253,476
9254,421
9255,475
9256,512
9257,439
9258,459
9259,431
9260,434
9261,484
9262,454
9263,446
9264,447
9265,465
9266,486
9267,485
9268,489
9269,464
9270,424
9271,456
9272,496
9273,451
9274,499
9275,462
9276,453
9277,457
9278,430
9279,469
9280,498
9281,445
9282,473
9283,437
9284,449
9285,425
9286,456
9287,443
9288,478
9289,469
9290,461
9291,438
9292,442
9293,458
9294,455
9295,481
9296,502
9297,462
9298,499
9299,468
9300,441
9301,456
9302,480
9303,483
9304,459
9305,462
9306,451
9307,486
9308,503
9309,455
9310,492
9311,491
9312,443
9313,465
9314,468
9315,426
9316,489
9317,428
9318,419
9319,433
9320,469
9321,452
9322,456
9323,462
9324,462
9325,458
9326,490
9327,475
9328,489
9329,504
9330,463
9331,468
9332,447
9333,461
9334,441
9335,471
9336,473
9337,474
9338,445
9339,422
9340,465
9341,495
9342,451
9343,448
9344,457
9345,473
9346,473
9347,449
9348,466
9349,476
9350,475
9351,475
9352,483
9353,447
9354,472
9355,452
9356,450
9357,482
9358,439
9359,449
9360,502
9361,434
9362,470
9363,486
9364,447
9365,433
9366,466
9367,448
9368,461
9369,477
9370,416
9371,461
9372,464
9373,483
9374,455
9375,426
9376,438
9377,479
9378,450
9379,426
9380,438
9381,468
9382,470
9383,475
9384,447
9385,481
9386,434
9387,454
9388,468
9389,468
9390,473
9391,426
9392,445
9393,466
9394,462
9395,461
9396,457
9397,489
9398,451
9399,443
9400,478
9401,457
9402,477
9403,472
9404,473
9405,447
9406,462
9407,466
9408,488
9409,466
9410,440
9411,459
9412,464
9413,453
9414,461
9415,461
9416,472
9417,449
9418,471
9419,439
9420,471
9421,455
9422,426
9423,454
9424,451
9425,443
9426,455
9427,422
9428,462
9429,413
9430,490
9431,438
9432,452
9433,453
9434,422
9435,473
9436,450
9437,484
9438,470
9439,444
9440,471
9441,435
9442,449
9443,497
9444,468
9445,480
9446,460
9447,502
9448,494
9449,465
9450,511
9451,458
9452,450
9453,465
9454,483
9455,425
9456,420
9457,487
9458,451
9459,461
9460,451
9461,443
9462,459
9463,466
9464,486
9465,471
9466,498
9467,425
9468,456
9469,418
9470,446
9471,444
9472,461
9473,495
9474,476
9475,463
9476,439
9477,460
9478,464
9479,437
9480,437
9481,453
9482,445
9483,484
9484,450
9485,435
9486,465
9487,473
9488,494
9489,460
9490,471
9491,467
9492,445
9493,452
9494,428
9495,458
9496,472
9497,428
9498,442
9499,463
9500,482
9501,487
9502,442
9503,496
9504,443
9505,441
9506,465
9507,478
9508,467
9509,420
9510,401
9511,441
9512,484
9513,486
9514,441
9515,443
9516,425
9517,444
9518,418
9519,486
9520,465
9521,428
9522,456
9523,485
9524,451
9525,451
9526,442
9527,468
9528,519
9529,442
9530,453
9531,440
9532,437
9533,458
9534,461
9535,463
9536,467
9537,461
9538,467
9539,466
9540,463
9541,431
9542,460
9543,445
9544,464
9545,459
9546,485
9547,455
9548,472
9549,439
9550,484
9551,529
9552,459
9553,420
9554,484
9555,478
9556,452
9557,435
9558,481
9559,489
9560,422
9561,431
9562,435
9563,465
9564,447
9565,449
9566,481
9567,440
9568,466
9569,465
9570,445
9571,530
9572,480
9573,430
9574,433
9575,488
9576,449
9577,496
9578,488
9579,503
9580,414
9581,495
9582,442
9583,465
9584,500
9585,472
9586,446
9587,459
9588,429
9589,452
9590,445
9591,459
9592,482
9593,450
9594,424
9595,450
9596,415
9597,459
9598,473
9599,479
9600,447
9601,484
9602,451
9603,465
9604,469
9605,425
9606,442
9607,497
9608,468
9609,472
9610,486
9611,448
9612,435
9613,484
9614,468
9615,448
9616,477
9617,436
9618,441
9619,469
9620,464
9621,435
9622,440
9623,423
9624,460
9625,439
9626,460
9627,475
9628,451
9629,478
9630,478
9631,454
9632,468
9633,425
9634,427
9635,473
9636,489
9637,430
9638,462
9639,445
9640,481
9641,455
9642,403
9643,484
9644,481
9645,480
9646,471
9647,457
9648,436
9649,460
9650,441
9651,460
9652,484
9653,477
9654,418
9655,462
9656,467
9657,447
9658,471
9659,450
9660,447
9661,470
9662,433
9663,472
9664,458
9665,450
9666,505
9667,437
9668,447
9669,458
9670,514
9671,506
9672,470
9673,465
9674,474
9675,470
9676,500
9677,467
9678,465
9679,456
9680,456
9681,452
9682,491
9683,497
9684,492
9685,446
9686,436
9687,466
9688,528
9689,481
9690,439
9691,468
9692,443
9693,437
9694,445
9695,467
9696,484
9697,466
9698,481
9699,393
9700,489
9701,479
9702,439
9703,493
9704,449
9705,458
9706,498
9707,449
9708,447
9709,463
9710,469
9711,437
9712,468
9713,460
9714,494
9715,470
9716,448
9717,450
9718,510
9719,440
9720,421
9721,484
9722,459
9723,433
9724,466
9725,455
9726,457
9727,454
9728,439
9729,437
9730,443
9731,416
9732,471
9733,500
9734,469
9735,471
9736,460
9737,481
9738,448
9739,472
9740,449
9741,487
9742,477
9743,476
9744,446
9745,445
9746,420
9747,432
9748,493
9749,427
9750,454
9751,479
9752,484
9753,487
9754,454
9755,490
9756,479
9757,462
9758,464
9759,445
9760,461
9761,446
9762,428
9763,456
9764,475
9765,471
9766,434
9767,460
9768,462
9769,438
9770,480
9771,475
9772,447
9773,482
9774,477
9775,463
9776,478
9777,438
9778,488
9779,448
9780,479
9781,473
9782,470
9783,449
9784,479
9785,470
9786,467
9787,435
9788,470
9789,435
9790,474
9791,467
9792,500
9793,447
9794,456
9795,481
9796,480
9797,453
9798,450
9799,449
9800,466
9801,449
9802,505
9803,441
9804,467
9805,473
9806,437
9807,501
9808,446
9809,462
9810,481
9811,416
9812,484
9813,483
9814,470
9815,485
9816,458
9817,454
9818,427
9819,468
9820,501
9821,463
9822,483
9823,446
9824,453
9825,470
9826,469
9827,424
9828,433
9829,468
9830,472
9831,453
9832,436
9833,456
9834,508
9835,471
9836,440
9837,438
9838,450
9839,418
9840,489
9841,442
9842,449
9843,449
9844,450
9845,469
9846,464
9847,460
9848,450
9849,481
9850,499
9851,405
9852,482
9853,496
9854,479
9855,503
9856,433
9857,431
9858,421
9859,482
9860,480
9861,474
9862,471
9863,443
9864,448
9865,440
9866,458
9867,453
9868,472
9869,501
9870,481
9871,428
9872,448
9873,452
9874,446
9875,460
9876,493
9877,427
9878,456
9879,472
9880,451
9881,452
9882,493
9883,454
9884,457
9885,460
9886,479
9887,440
9888,445
9889,466
9890,468
9891,449
9892,473
9893,437
9894,458
9895,470
9896,435
9897,466
9898,451
9899,475
9900,459
9901,488
9902,444
9903,472
9904,418
9905,447
9906,475
9907,456
9908,431
9909,445
9910,463
9911,513
9912,446
9913,490
9914,473
9915,456
9916,475
9917,434
9918,473
9919,450
9920,450
9921,517
9922,483
9923,472
9924,477
9925,411
9926,452
9927,448
9928,474
9929,477
9930,502
9931,464
9932,456
9933,437
9934,484
9935,487
9936,420
9937,389
9938,444
9939,465
9940,487
9941,471
9942,473
9943,463
9944,444
9945,454
9946,467
9947,444
9948,457
9949,478
9950,498
9951,467
9952,471
9953,410
9954,435
9955,440
9956,434
9957,470
9958,422
9959,481
9960,440
9961,479
9962,448
9963,483
9964,470
9965,481
9966,446
9967,470
9968,480
9969,452
9970,462
9971,469
9972,490
9973,471
9974,444
9975,443
9976,446
9977,489
9978,433
9979,458
9980,451
9981,482
9982,470
9983,448
9984,454
9985,457
9986,453
9987,485
9988,462
9989,420
9990,432
9991,453
9992,459
9993,486
9994,465
9995,444
9996,464
9997,438
9998,496
9999,432
10000,440
10001,417
10002,483
10003,464
10004,458
10005,480
10006,456
10007,468
10008,444
10009,464
10010,467
10011,401
10012,488
10013,457
10014,461
10015,517
10016,441
10017,520
10018,473
10019,471
10020,442
10021,481
10022,490
10023,485
10024,483
10025,455
10026,444
10027,443
10028,442
10029,463
10030,458
10031,469
10032,463
10033,433
10034,456
10035,479
10036,460
10037,461
10038,480
10039,469
10040,491
10041,497
10042,463
10043,475
10044,428
10045,503
10046,463
10047,494
10048,402
10049,527
10050,452
10051,464
10052,501
10053,425
10054,485
10055,431
10056,433
10057,418
10058,435
10059,505
10060,428
10061,444
10062,474
10063,471
10064,447
10065,472
10066,510
10067,435
10068,466
10069,468
10070,436
10071,467
10072,458
10073,461
10074,459
10075,470
10076,453
10077,445
10078,455
10079,484
10080,465
10081,513
10082,469
10083,460
10084,494
10085,446
10086,484
10087,428
10088,450
10089,452
10090,465
10091,464
10092,468
10093,441
10094,457
10095,461
10096,445
10097,495
10098,450
10099,431
10100,462
10101,474
10102,454
10103,461
10104,462
10105,481
10106,497
10107,413
10108,432
10109,439
10110,483
10111,440
10112,472
10113,499
10114,453
10115,475
10116,466
10117,452
10118,458
10119,483
10120,480
10121,441
10122,478
10123,523
10124,486
10125,457
10126,442
10127,505
10128,452
10129,465
10130,436
10131,429
10132,473
10133,453
10134,500
10135,429
10136,450
10137,457
10138,434
10139,475
10140,453
10141,483
10142,471
10143,469
10144,458
10145,458
10146,441
10147,472
10148,455
10149,460
10150,481
10151,479
10152,451
10153,434
10154,425
10155,438
10156,465
10157,484
10158,472
10159,451
10160,411
10161,448
10162,481
10163,446
10164,471
10165,473
10166,503
10167,429
10168,431
10169,469
10170,512
10171,457
10172,472
10173,443
10174,432
10175,426
10176,465
10177,426
10178,472
10179,485
10180,444
10181,446
10182,459
10183,449
10184,465
10185,452
10186,447
10187,459
10188,457
10189,477
10190,489
10191,478
10192,479
10193,461
10194,414
10195,455
10196,494
10197,492
10198,442
10199,458
10200,477
10201,456
10202,496
10203,473
10204,470
10205,474
10206,403
10207,463
10208,449
10209,433
10210,476
10211,425
10212,498
10213,460
10214,459
10215,459
10216,465
10217,455
10218,484
10219,476
10220,430
10221,454
10222,458
10223,462
10224,449
10225,476
10226,472
10227,458
10228,449
10229,487
10230,505
10231,475
10232,478
10233,425
10234,448
10235,471
10236,442
10237,442
10238,479
10239,431
10240,453
10241,451
10242,453
10243,464
10244,463
10245,455
10246,483
10247,464
10248,452
10249,471
10250,463
10251,458
10252,469
10253,431
10254,459
10255,436
10256,478
10257,495
10258,461
10259,448
10260,455
10261,448
10262,500
10263,468
10264,450
10265,455
10266,462
10267,466
10268,465
10269,488
10270,475
10271,446
10272,455
10273,481
10274,504
10275,462
10276,428
10277,485
10278,480
10279,484
10280,455
10281,465
10282,475
10283,472
10284,473
10285,446
10286,457
10287,470
10288,450
10289,488
10290,442
10291,424
10292,453
10293,449
10294,473
10295,486
10296,460
10297,451
10298,496
10299,430
10300,452
10301,482
10302,430
10303,480
10304,452
10305,469
10306,450
10307,454
10308,471
10309,495
10310,508
10311,475
10312,459
10313,464
10314,488
10315,495
10316,460
10317,447
10318,491
10319,494
10320,468
10321,507
10322,470
10323,451
10324,462
10325,449
10326,493
10327,478
10328,437
10329,431
10330,474
10331,459
10332,439
10333,450
10334,464
10335,501
10336,452
10337,446
10338,475
10339,445
10340,430
10341,456
10342,509
10343,467
10344,477
10345,432
10346,484
10347,454
10348,458
10349,473
10350,448
10351,470
10352,504
10353,461
10354,422
10355,471
10356,429
10357,467
10358,457
10359,434
10360,492
10361,480
10362,475
10363,451
10364,462
10365,421
10366,437
10367,511
10368,454
10369,450
10370,458
10371,477
10372,450
10373,484
10374,497
10375,459
10376,458
10377,486
10378,432
10379,477
10380,460
10381,439
10382,423
10383,454
10384,433
10385,463
10386,466
10387,407
10388,429
10389,472
10390,468
10391,443
10392,451
10393,430
10394,505
10395,477
10396,440
10397,435
10398,479
10399,452
10400,431
10401,481
10402,468
10403,448
10404,429
10405,421
10406,494
10407,461
10408,432
10409,438
10410,439
10411,471
10412,454
10413,469
10414,473
10415,442
10416,467
10417,475
10418,423
10419,492
10420,458
10421,413
10422,442
10423,460
10424,443
10425,459
10426,471
10427,421
10428,438
10429,480
10430,456
10431,480
10432,465
10433,487
10434,452
10435,464
10436,481
10437,469
10438,437
10439,463
10440,466
10441,458
10442,429
10443,484
10444,448
10445,467
10446,441
10447,428
10448,470
10449,481
10450,496
10451,488
10452,443
10453,420
10454,471
10455,453
10456,480
10457,491
10458,478
10459,449
10460,465
10461,452
10462,515
10463,475
10464,456
10465,451
10466,431
10467,490
10468,454
10469,449
10470,448
10471,450
10472,451
10473,483
10474,472
10475,469
10476,500
10477,450
10478,427
10479,446
10480,453
10481,435
10482,478
10483,450
10484,481
10485,462
10486,485
10487,451
10488,436
10489,479
10490,426
10491,450
10492,433
10493,480
10494,452
10495,467
10496,452
10497,494
10498,449
10499,455
10500,461
10501,483
10502,454
10503,434
10504,418
10505,490
10506,455
10507,496
10508,418
10509,470
10510,481
10511,438
10512,491
10513,495
10514,491
10515,468
10516,481
10517,440
10518,465
10519,476
10520,471
10521,469
10522,449
10523,468
10524,453
10525,451
10526,462
10527,476
10528,472
10529,422
10530,439
10531,435
10532,399
10533,490
10534,422
10535,468
10536,494
10537,447
10538,462
10539,452
10540,466
10541,488
10542,474
10543,438
10544,462
10545,454
10546,449
10547,430
10548,467
10549,445
10550,480
10551,438
10552,469
10553,466
10554,460
10555,461
10556,465
10557,421
10558,484
10559,498
10560,453
10561,487
10562,426
10563,466
10564,445
10565,473
10566,475
10567,471
10568,447
10569,456
10570,477
10571,471
10572,473
10573,438
10574,493
10575,496
10576,432
10577,424
10578,462
10579,445
10580,453
10581,485
10582,453
10583,456
10584,448
10585,499
10586,506
10587,447
10588,481
10589,459
10590,494
10591,455
10592,506
10593,458
10594,465
10595,460
10596,439
10597,447
10598,474
10599,432
10600,502
10601,455
10602,466
10603,467
10604,417
10605,503
10606,453
10607,456
10608,451
10609,481
10610,442
10611,488
10612,414
10613,472
10614,443
10615,433
10616,451
10617,453
10618,454
10619,442
10620,454
10621,470
10622,468
10623,475
10624,455
10625,481
10626,505
10627,460
10628,467
10629,480
10630,444
10631,439
10632,477
10633,467
10634,441
10635,485
10636,457
10637,474
10638,452
10639,462
10640,467
10641,427
10642,446
10643,467
10644,457
10645,460
10646,461
10647,463
10648,453
10649,445
10650,440
10651,450
10652,456
10653,444
10654,439
10655,493
10656,448
10657,459
10658,450
10659,463
10660,464
10661,462
10662,466
10663,448
10664,462
10665,491
10666,469
10667,461
10668,442
10669,455
10670,475
10671,456
10672,458
10673,529
10674,486
10675,488
10676,480
10677,436
10678,484
10679,432
10680,433
10681,491
10682,456
10683,467
10684,447
10685,479
10686,461
10687,496
10688,475
10689,452
10690,440
10691,464
10692,457
10693,485
10694,488
10695,469
10696,432
10697,465
10698,469
10699,459
10700,469
10701,487
10702,429
10703,470
10704,433
10705,485
10706,431
10707,458
10708,444
10709,454
10710,474
10711,459
10712,445
10713,462
10714,472
10715,466
10716,471
10717,459
10718,508
10719,458
10720,439
10721,435
10722,482
10723,444
10724,448
10725,448
10726,411
10727,450
10728,430
10729,451
10730,443
10731,481
10732,445
10733,440
10734,477
10735,452
10736,480
10737,488
10738,473
10739,450
10740,445
10741,427
10742,424
10743,472
10744,438
10745,486
10746,479
10747,453
10748,447
10749,430
10750,459
10751,435
10752,470
10753,448
10754,476
10755,472
10756,487
10757,476
10758,469
10759,468
10760,442
10761,431
10762,465
10763,459
10764,436
10765,467
10766,444
10767,500
10768,462
10769,467
10770,465
10771,484
10772,476
10773,470
10774,417
10775,446
10776,473
10777,484
10778,436
10779,462
10780,446
10781,463
10782,444
10783,459
10784,455
10785,489
10786,424
10787,449
10788,429
10789,448
10790,457
10791,492
10792,481
10793,457
10794,408
10795,477
10796,433
10797,451
10798,482
10799,463
10800,484
10801,425
10802,475
10803,449
10804,477
10805,465
10806,463
10807,444
10808,463
10809,471
10810,453
10811,467
10812,446
10813,485
10814,447
10815,478
10816,477
10817,452
10818,467
10819,465
10820,470
10821,488
10822,475
10823,511
10824,476
10825,480
10826,430
10827,481
10828,451
10829,467
10830,484
10831,471
10832,464
10833,464
10834,456
10835,451
10836,484
10837,487
10838,434
10839,475
10840,450
10841,453
10842,426
10843,472
10844,460
10845,492
10846,503
10847,449
10848,509
10849,427
10850,426
10851,460
10852,490
10853,475
10854,486
10855,432
10856,476
10857,474
10858,470
10859,485
10860,480
10861,480
10862,464
10863,456
10864,496
10865,470
10866,475
10867,404
10868,434
10869,502
10870,467
10871,455
10872,430
10873,507
10874,493
10875,452
10876,467
10877,487
10878,472
10879,429
10880,449
10881,496
10882,464
10883,450
10884,463
10885,449
10886,441
10887,450
10888,462
10889,475
10890,453
10891,424
10892,498
10893,494
10894,440
10895,461
10896,440
10897,412
10898,475
10899,456
10900,448
10901,469
10902,456
10903,507
10904,463
10905,469
10906,462
10907,499
10908,483
10909,488
10910,459
10911,458
10912,511
10913,453
10914,490
10915,450
10916,492
10917,431
10918,407
10919,481
10920,472
10921,489
10922,460
10923,491
10924,437
10925,475
10926,488
10927,448
10928,493
10929,474
10930,460
10931,470
10932,476
10933,414
10934,427
10935,428
10936,484
10937,424
10938,454
10939,489
10940,440
10941,486
10942,503
10943,456
10944,465
10945,460
10946,453
10947,450
10948,450
10949,457
10950,481
10951,429
10952,417
10953,429
10954,439
10955,458
10956,474
10957,427
10958,487
10959,453
10960,433
10961,474
10962,448
10963,459
10964,435
10965,488
10966,484
10967,418
10968,481
10969,451
10970,473
10971,466
10972,457
10973,456
10974,462
10975,496
10976,518
10977,451
10978,494
10979,492
10980,467
10981,442
10982,454
10983,433
10984,444
10985,472
10986,469
10987,476
10988,457
10989,443
10990,455
10991,449
10992,447
10993,463
10994,459
10995,457
10996,482
10997,486
10998,456
10999,460
11000,497
11001,459
11002,458
11003,467
11004,478
11005,452
11006,470
11007,464
11008,448
11009,470
11010,451
11011,432
11012,408
11013,457
11014,461
11015,461
11016,457
11017,479
11018,479
11019,481
11020,463
11021,410
11022,460
11023,411
11024,449
11025,455
11026,471
11027,457
11028,455
11029,452
11030,478
11031,470
11032,477
11033,423
11034,468
11035,456
11036,460
11037,436
11038,447
11039,441
11040,493
11041,481
11042,459
11043,494
11044,481
11045,408
11046,469
11047,470
11048,467
11049,499
11050,489
11051,443
11052,471
11053,439
11054,473
11055,428
11056,428
11057,480
11058,438
11059,489
11060,456
11061,411
11062,458
11063,481
11064,431
11065,452
11066,464
11067,486
11068,430
11069,469
11070,486
11071,451
11072,482
11073,464
11074,460
11075,412
11076,460
11077,485
11078,478
11079,498
11080,482
11081,470
11082,461
11083,476
11084,461
11085,457
11086,437
11087,488
11088,477
11089,437
11090,481
11091,486
11092,458
11093,468
11094,467
11095,415
11096,487
11097,413
11098,436
11099,428
11100,449
11101,457
11102,478
11103,533
11104,435
11105,454
11106,466
11107,463
11108,408
11109,490
11110,439
11111,444
11112,427
11113,422
11114,505
11115,453
11116,446
11117,459
11118,492
11119,449
11120,425
11121,436
11122,450
11123,436
11124,530
11125,489
11126,452
11127,458
11128,478
11129,442
11130,447
11131,453
11132,469
11133,466
11134,468
11135,407
11136,452
11137,467
11138,489
11139,475
11140,508
11141,461
11142,471
11143,446
11144,452
11145,456
11146,437
11147,442
11148,468
11149,483
11150,434
11151,465
11152,510
11153,443
11154,434
11155,463
11156,433
11157,488
11158,416
11159,471
11160,443
11161,445
11162,446
11163,451
11164,465
11165,444
11166,473
11167,444
11168,467
11169,497
11170,441
11171,461
11172,433
11173,471
11174,505
11175,479
11176,482
11177,436
11178,442
11179,432
11180,452
11181,458
11182,475
11183,513
11184,428
11185,450
11186,422
11187,468
11188,470
11189,435
11190,513
11191,455
11192,464
11193,504
11194,460
11195,460
11196,443
11197,469
11198,423
11199,427
11200,444
11201,430
11202,464
11203,494
11204,436
11205,453
11206,453
11207,400
11208,456
11209,469
11210,474
11211,427
11212,451
11213,452
11214,424
11215,465
11216,437
11217,484
11218,459
11219,422
11220,422
11221,481
11222,454
11223,438
11224,425
11225,470
11226,498
11227,454
11228,438
11229,415
11230,444
11231,474
11232,462
11233,432
11234,461
11235,424
11236,455
11237,458
11238,473
11239,475
11240,463
11241,499
11242,467
11243,434
11244,477
11245,430
11246,473
11247,406
11248,425
11249,473
11250,484
11251,483
11252,471
11253,455
11254,453
11255,452
11256,500
11257,486
11258,488
11259,456
11260,474
11261,468
11262,511
11263,467
11264,484
11265,451
11266,469
11267,509
11268,484
11269,452
11270,428
11271,444
11272,459
11273,473
11274,440
11275,472
11276,455
11277,531
11278,430
11279,454
11280,456
11281,475
11282,428
11283,455
11284,414
11285,483
11286,525
11287,487
11288,488
11289,419
11290,494
11291,468
11292,480
11293,481
11294,468
11295,469
11296,454
11297,454
11298,467
11299,440
11300,469
11301,449
11302,436
11303,459
11304,438
11305,470
11306,461
11307,431
11308,468
11309,479
11310,454
11311,461
11312,461
11313,426
11314,471
11315,442
11316,459
11317,483
11318,440
11319,443
11320,493
11321,429
11322,464
11323,420
11324,444
11325,445
11326,491
11327,483
11328,501
11329,460
11330,460
11331,445
11332,496
11333,452
11334,451
11335,446
11336,444
11337,440
11338,485
11339,483
11340,486
11341,469
11342,467
11343,464
11344,443
11345,478
11346,436
11347,461
11348,438
11349,440
11350,469
11351,469
11352,452
11353,512
11354,475
11355,472
11356,436
11357,444
11358,486
11359,474
11360,473
11361,448
11362,455
11363,462
11364,462
11365,430
11366,454
11367,479
11368,466
11369,462
11370,480
11371,459
11372,480
11373,433
11374,502
11375,450
11376,461
11377,453
11378,481
11379,487
11380,455
11381,474
11382,471
11383,434
11384,482
11385,485
11386,444
11387,486
11388,396
11389,487
11390,479
11391,466
11392,483
11393,434
11394,454
11395,478
11396,457
11397,489
11398,467
11399,466
11400,475
11401,477
11402,443
11403,429
11404,474
11405,460
11406,459
11407,482
11408,466
11409,440
11410,436
11411,469
11412,468
11413,447
11414,454
11415,491
11416,448
11417,466
11418,504
11419,508
11420,425
11421,469
11422,442
11423,459
11424,474
11425,444
11426,485
11427,457
11428,477
11429,452
11430,454
11431,463
11432,502
11433,468
11434,459
11435,467
11436,452
11437,470
11438,453
11439,440
11440,452
11441,469
11442,460
11443,468
11444,437
11445,458
11446,435
11447,431
11448,484
11449,447
11450,464
11451,448
11452,458
11453,461
11454,500
11455,434
11456,441
11457,456
11458,442
11459,429
11460,471
11461,449
11462,449
11463,462
11464,459
11465,463
11466,432
11467,436
11468,457
11469,446
11470,445
11471,415
11472,479
11473,436
11474,465
11475,465
11476,436
11477,453
11478,463
11479,431
11480,480
11481,453
11482,454
11483,460
11484,465
11485,484
11486,448
11487,473
11488,441
11489,442
11490,447
11491,459
11492,458
11493,463
11494,498
11495,495
11496,476
11497,458
11498,468
11499,449
11500,473
11501,407
11502,475
11503,454
11504,443
11505,491
11506,484
11507,436
11508,466
11509,465
11510,464
11511,485
11512,438
11513,455
11514,499
11515,461
11516,474
11517,480
11518,467
11519,456
11520,474
11521,468
11522,491
11523,435
11524,416
11525,495
11526,420
11527,472
11528,430
11529,446
11530,455
11531,460
11532,428
11533,427
11534,470
11535,448
11536,437
11537,476
11538,490
11539,431
11540,479
11541,475
11542,467
11543,465
11544,482
11545,452
11546,464
11547,490
11548,480
11549,459
11550,428
11551,469
11552,445
11553,467
11554,463
11555,458
11556,485
11557,471
11558,438
11559,490
11560,470
11561,452
11562,435
11563,479
11564,455
11565,432
11566,446
11567,450
11568,442
11569,446
11570,429
11571,454
11572,455
11573,476
11574,435
11575,457
11576,442
11577,456
11578,474
11579,483
11580,425
11581,512
11582,483
11583,419
11584,484
11585,455
11586,408
11587,474
11588,449
11589,484
11590,460
11591,465
11592,421
11593,481
11594,443
11595,495
11596,502
11597,460
11598,471
11599,473
11600,440
11601,431
11602,481
11603,457
11604,443
11605,430
11606,462
11607,448
11608,447
11609,463
11610,465
11611,473
11612,484
11613,465
11614,459
11615,437
11616,437
11617,479
11618,474
11619,446
11620,499
11621,470
11622,463
11623,463
11624,498
11625,486
11626,486
11627,442
11628,444
11629,454
11630,428
11631,447
11632,487
11633,501
11634,472
11635,459
11636,466
11637,415
11638,441
11639,483
11640,454
11641,500
11642,467
11643,469
11644,468
11645,495
11646,468
11647,468
11648,475
11649,474
11650,470
11651,446
11652,471
11653,461
11654,460
11655,454
11656,458
11657,447
11658,442
11659,429
11660,441
11661,485
11662,466
11663,462
11664,440
11665,461
11666,459
11667,450
11668,463
11669,435
11670,471
11671,464
11672,450
11673,478
11674,485
11675,439
11676,457
11677,462
11678,504
11679,423
11680,453
11681,452
11682,492
11683,454
11684,487
11685,438
11686,446
11687,450
11688,464
11689,479
11690,502
11691,474
11692,407
11693,454
11694,459
11695,442
11696,446
11697,446
11698,426
11699,446
11700,467
11701,445
11702,496
11703,465
11704,470
11705,466
11706,453
11707,415
11708,441
11709,436
11710,478
11711,438
11712,490
11713,447
11714,471
11715,448
11716,469
11717,479
11718,454
11719,441
11720,472
11721,440
11722,482
11723,451
11724,430
11725,463
11726,498
11727,428
11728,442
11729,476
11730,443
11731,436
11732,445
11733,452
11734,456
11735,448
11736,434
11737,471
11738,489
11739,476
11740,422
11741,477
11742,466
11743,483
11744,454
11745,457
11746,465
11747,469
11748,455
11749,452
11750,482
11751,458
11752,431
11753,448
11754,457
11755,464
11756,463
11757,461
11758,484
11759,493
11760,441
11761,450
11762,470
11763,496
11764,459
11765,448
11766,450
11767,468
11768,490
11769,462
11770,441
11771,461
11772,476
11773,482
11774,490
11775,477
11776,457
11777,469
11778,456
11779,486
11780,436
11781,448
11782,467
11783,493
11784,472
11785,429
11786,472
11787,497
11788,464
11789,469
11790,481
11791,510
11792,410
11793,459
11794,483
11795,439
11796,425
11797,482
11798,495
11799,456
11800,451
11801,443
11802,453
11803,494
11804,473
11805,463
11806,496
11807,446
11808,481
11809,469
11810,465
11811,457
11812,434
11813,462
11814,448
11815,433
11816,459
11817,460
11818,464
11819,459
11820,428
11821,461
11822,451
11823,455
11824,433
11825,461
11826,481
11827,446
11828,443
11829,462
11830,444
11831,445
11832,412
11833,490
11834,465
11835,426
11836,487
11837,471
11838,483
11839,469
11840,510
11841,457
11842,458
11843,458
11844,445
11845,396
11846,469
11847,489
11848,456
11849,476
11850,426
11851,498
11852,479
11853,461
11854,467
11855,452
11856,476
11857,446
11858,457
11859,478
11860,432
11861,458
11862,451
11863,483
11864,489
11865,495
11866,448
11867,472
11868,465
11869,484
11870,462
11871,486
11872,466
11873,481
11874,480
11875,454
11876,464
11877,458
11878,463
11879,497
11880,456
11881,437
11882,478
11883,448
11884,488
11885,448
11886,464
11887,463
11888,457
11889,496
11890,479
11891,451
11892,462
11893,456
11894,478
11895,453
11896,476
11897,461
11898,499
11899,465
11900,475
11901,420
11902,464
11903,458
11904,455
11905,450
11906,455
11907,494
11908,488
11909,467
11910,459
11911,488
11912,483
11913,478
11914,455
11915,429
11916,437
11917,475
11918,455
11919,447
11920,435
11921,439
11922,434
11923,439
11924,481
11925,448
11926,438
11927,480
11928,464
11929,447
11930,461
11931,457
11932,456
11933,459
11934,468
11935,425
11936,426
11937,470
11938,468
11939,430
11940,483
11941,479
11942,468
11943,480
11944,489
11945,450
11946,428
11947,468
11948,464
11949,503
11950,473
11951,471
11952,472
11953,499
11954,435
11955,453
11956,497
11957,441
11958,424
11959,416
11960,464
11961,450
11962,443
11963,424
11964,472
11965,429
11966,481
11967,435
11968,448
11969,415
11970,462
11971,442
11972,451
11973,489
11974,490
11975,464
11976,476
11977,457
11978,446
11979,421
11980,467
11981,435
11982,493
11983,467
11984,454
11985,476
11986,500
11987,457
11988,480
11989,447
11990,479
11991,471
11992,438
11993,504
11994,455
11995,470
11996,494
11997,422
11998,464
11999,441
12000,441
12001,469
12002,463
12003,431
12004,408
12005,487
12006,474
12007,445
12008,455
12009,493
12010,496
12011,471
12012,450
12013,451
12014,438
12015,489
12016,445
12017,483
12018,477
12019,528
12020,503
12021,473
12022,454
12023,472
12024,489
12025,472
12026,455
12027,449
12028,459
12029,449
12030,477
12031,460
12032,459
12033,451
12034,408
12035,496
12036,466
12037,496
12038,487
12039,438
12040,461
12041,445
12042,485
12043,448
12044,440
12045,451
12046,450
12047,430
12048,452
12049,503
12050,461
12051,445
12052,458
12053,461
12054,462
12055,511
12056,429
12057,430
12058,428
12059,442
12060,489
12061,480
12062,467
12063,444
12064,448
12065,441
12066,480
12067,442
12068,448
12069,466
12070,441
12071,419
12072,513
12073,493
12074,486
12075,437
12076,470
12077,483
12078,467
12079,506
12080,450
12081,460
12082,459
12083,452
12084,461
12085,435
12086,428
12087,473
12088,466
12089,476
12090,457
12091,483
12092,447
12093,496
12094,459
12095,452
12096,438
12097,441
12098,469
12099,463
12100,429
12101,482
12102,443
12103,502
12104,461
12105,498
12106,427
12107,464
12108,476
12109,512
12110,470
12111,462
12112,438
12113,432
12114,446
12115,467
12116,453
12117,465
12118,467
12119,440
12120,453
12121,468
12122,437
12123,475
12124,455
12125,492
12126,478
12127,475
12128,472
12129,460
12130,489
12131,448
12132,452
12133,441
12134,420
12135,434
12136,450
12137,463
12138,406
12139,444
12140,449
12141,445
12142,490
12143,475
12144,463
12145,481
12146,466
12147,461
12148,469
12149,476
12150,486
12151,500
12152,452
12153,417
12154,476
12155,454
12156,501
12157,433
12158,471
12159,468
12160,447
12161,481
12162,476
12163,436
12164,508
12165,453
12166,465
12167,484
12168,485
12169,440
12170,432
12171,453
12172,411
12173,454
12174,451
12175,455
12176,460
12177,486
12178,479
12179,446
12180,472
12181,506
12182,452
12183,442
12184,419
12185,431
12186,451
12187,481
12188,458
12189,457
12190,504
12191,480
12192,454
12193,470
12194,499
12195,420
12196,424
12197,477
12198,438
12199,471
12200,433
12201,498
12202,470
12203,470
12204,508
12205,479
12206,453
12207,505
12208,487
12209,427
12210,488
12211,464
12212,461
12213,468
12214,449
12215,479
12216,444
12217,469
12218,507
12219,481
12220,448
12221,451
12222,457
12223,472
12224,467
12225,436
12226,477
12227,475
12228,486
12229,472
12230,480
12231,496
12232,482
12233,470
12234,470
12235,487
12236,485
12237,452
12238,490
12239,491
12240,505
12241,453
12242,451
12243,413
12244,469
12245,474
12246,497
12247,446
12248,432
12249,426
12250,476
12251,445
12252,451
12253,478
12254,433
12255,444
12256,464
12257,482
12258,474
12259,464
12260,433
12261,435
12262,473
12263,487
12264,461
12265,442
12266,430
12267,466
12268,465
12269,493
12270,474
12271,443
12272,506
12273,464
12274,470
12275,478
12276,473
12277,452
12278,478
12279,443
12280,473
12281,440
12282,506
12283,456
12284,457
12285,450
12286,448
12287,457
12288,475
12289,485
12290,490
12291,480
12292,485
12293,474
12294,442
12295,433
12296,386
12297,477
12298,488
12299,464
12300,433
12301,455
12302,434
12303,489
12304,423
12305,458
12306,447
12307,483
12308,469
12309,452
12310,436
12311,422
12312,496
12313,497
12314,473
12315,466
12316,454
12317,440
12318,462
12319,468
12320,446
12321,429
12322,470
12323,455
12324,466
12325,407
12326,477
12327,448
12328,477
12329,464
12330,447
12331,428
12332,489
12333,449
12334,443
12335,450
12336,463
12337,435
12338,491
12339,462
12340,429
12341,466
12342,442
12343,474
12344,450
12345,476
12346,448
12347,456
12348,483
12349,481
12350,514
12351,504
12352,465
12353,437
12354,465
12355,420
12356,468
12357,482
12358,427
12359,457
12360,440
12361,468
12362,447
12363,457
12364,486
12365,446
12366,456
12367,440
12368,467
12369,495
12370,470
12371,468
12372,469
12373,416
12374,485
12375,450
12376,460
12377,500
12378,480
12379,486
12380,443
12381,470
12382,475
12383,520
12384,449
12385,463
12386,477
12387,422
12388,456
12389,442
12390,484
12391,472
12392,478
12393,496
12394,477
12395,443
12396,476
12397,453
12398,412
12399,469
12400,427
12401,479
12402,444
12403,485
12404,456
12405,483
12406,445
12407,507
12408,474
12409,472
12410,441
12411,456
12412,507
12413,472
12414,430
12415,468
12416,476
12417,442
12418,431
12419,476
12420,464
12421,493
12422,479
12423,502
12424,477
12425,462
12426,467
12427,478
12428,447
12429,462
12430,470
12431,489
12432,448
12433,502
12434,486
12435,456
12436,468
12437,461
12438,448
12439,473
12440,436
12441,441
12442,460
12443,454
12444,437
12445,447
12446,439
12447,481
12448,446
12449,442
12450,435
12451,496
12452,432
12453,476
12454,448
12455,498
12456,468
12457,440
12458,471
12459,494
12460,455
12461,457
12462,459
12463,446
12464,437
12465,450
12466,465
12467,434
12468,468
12469,471
12470,452
12471,484
12472,454
12473,426
12474,475
12475,454
12476,434
12477,431
12478,414
12479,467
12480,413
12481,457
12482,486
12483,438
12484,480
12485,462
12486,468
12487,446
12488,439
12489,474
12490,493
12491,466
12492,458
12493,424
12494,492
12495,435
12496,431
12497,463
12498,484
12499,466
12500,472
12501,480
12502,470
12503,473
12504,479
12505,438
12506,457
12507,426
12508,451
12509,427
12510,461
12511,489
12512,513
12513,430
12514,479
12515,436
12516,494
12517,445
12518,446
12519,447
12520,474
12521,473
12522,435
12523,428
12524,461
12525,451
12526,472
12527,493
12528,500
12529,433
12530,454
12531,464
12532,408
12533,462
12534,447
12535,485
12536,451
12537,462
12538,448
12539,477
12540,464
12541,504
12542,432
12543,461
12544,456
12545,476
12546,480
12547,446
12548,444
12549,420
12550,466
12551,482
12552,466
12553,462
12554,476
12555,433
12556,457
12557,489
12558,468
12559,457
12560,463
12561,443
12562,447
12563,491
12564,446
12565,503
12566,451
12567,462
12568,442
12569,413
12570,469
12571,490
12572,448
12573,447
12574,445
12575,450
12576,443
12577,411
12578,452
12579,459
12580,446
12581,475
12582,425
12583,486
12584,471
12585,462
12586,446
12587,467
12588,461
12589,454
12590,464
12591,469
12592,507
12593,437
12594,476
12595,480
12596,476
12597,460
12598,422
12599,451
12600,488
12601,468
12602,447
12603,488
12604,426
12605,460
12606,474
12607,488
12608,425
12609,447
12610,446
12611,478
12612,457
12613,484
12614,447
12615,458
12616,436
12617,455
12618,505
12619,465
12620,464
12621,492
12622,460
12623,462
12624,489
12625,427
12626,456
12627,437
12628,406
12629,484
12630,445
12631,474
12632,480
12633,508
12634,471
12635,491
12636,465
12637,489
12638,457
12639,450
12640,468
12641,487
12642,486
12643,483
12644,440
12645,443
12646,458
12647,437
12648,448
12649,455
12650,474
12651,451
12652,449
12653,425
12654,468
12655,497
12656,430
12657,461
12658,469
12659,485
12660,493
12661,456
12662,482
12663,460
12664,459
12665,465
12666,465
12667,520
12668,438
12669,455
12670,429
12671,477
12672,491
12673,478
12674,440
12675,436
12676,443
12677,440
12678,466
12679,448
12680,437
12681,451
12682,437
12683,464
12684,476
12685,479
12686,463
12687,492
12688,461
12689,452
12690,440
12691,475
12692,474
12693,445
12694,491
12695,473
12696,461
12697,426
12698,409
12699,482
12700,454
12701,469
12702,453
12703,447
12704,486
12705,443
12706,458
12707,492
12708,467
12709,483
12710,505
12711,527
12712,445
12713,474
12714,499
12715,445
12716,449
12717,501
12718,431
12719,467
12720,474
12721,425
12722,424
12723,446
12724,480
12725,475
12726,454
12727,406
12728,464
12729,459
12730,479
12731,452
12732,415
12733,466
12734,489
12735,457
12736,443
12737,495
12738,459
12739,496
12740,484
12741,467
12742,491
12743,502
12744,456
12745,465
12746,473
12747,468
12748,454
12749,465
12750,468
12751,443
12752,481
12753,463
12754,450
12755,452
12756,463
12757,460
12758,444
12759,451
12760,476
12761,479
12762,446
12763,455
12764,452
12765,481
12766,444
12767,494
12768,440
12769,474
12770,476
12771,430
12772,477
12773,468
12774,471
12775,486
12776,453
12777,445
12778,458
12779,481
12780,448
12781,484
12782,493
12783,468
12784,496
12785,421
12786,494
12787,462
12788,465
12789,491
12790,461
12791,466
12792,476
12793,482
12794,494
12795,465
12796,457
12797,424
12798,465
12799,487
12800,454
12801,505
12802,487
12803,456
12804,490
12805,443
12806,440
12807,492
12808,463
12809,469
12810,496
12811,432
12812,435
12813,480
12814,487
12815,440
12816,426
12817,443
12818,484
12819,488
12820,447
12821,453
12822,435
12823,462
12824,443
12825,450
12826,484
12827,467
12828,490
12829,469
12830,471
12831,474
12832,489
12833,485
12834,469
12835,442
12836,458
12837,466
12838,490
12839,440
12840,485
12841,465
12842,444
12843,430
12844,457
12845,489
12846,461
12847,460
12848,484
12849,435
12850,458
12851,491
12852,452
12853,445
12854,478
12855,465
12856,463
12857,421
12858,435
12859,454
12860,474
12861,445
12862,454
12863,469
12864,417
12865,457
12866,458
12867,402
12868,424
12869,419
12870,414
12871,475
12872,449
12873,464
12874,464
12875,437
12876,513
12877,442
12878,491
12879,480
12880,422
12881,439
12882,443
12883,469
12884,471
12885,404
12886,421
12887,497
12888,467
12889,464
12890,490
12891,466
12892,479
12893,451
12894,449
12895,477
12896,485
12897,433
12898,481
12899,440
12900,456
12901,507
12902,472
12903,473
12904,489
12905,448
12906,464
12907,490
12908,468
12909,427
12910,483
12911,422
12912,476
12913,450
12914,449
12915,444
12916,452
12917,443
12918,421
12919,479
12920,487
12921,482
12922,451
12923,470
12924,486
12925,461
12926,488
12927,462
12928,473
12929,451
12930,473
12931,478
12932,477
12933,476
12934,440
12935,456
12936,440
12937,474
12938,463
12939,467
12940,464
12941,431
12942,470
12943,445
12944,442
12945,461
12946,450
12947,417
12948,439
12949,432
12950,492
12951,453
12952,461
12953,452
12954,443
12955,454
12956,490
12957,412
12958,448
12959,478
12960,435
12961,433
12962,466
12963,474
12964,457
12965,498
12966,441
12967,437
12968,440
12969,452
12970,459
12971,468
12972,496
12973,476
12974,459
12975,483
12976,445
12977,504
12978,450
12979,436
12980,422
12981,453
12982,439
12983,432
12984,498
12985,472
12986,469
12987,459
12988,462
12989,435
12990,462
12991,429
12992,486
12993,475
12994,502
12995,463
12996,470
12997,506
12998,470
12999,438
13000,497
13001,453
13002,515
13003,461
13004,477
13005,472
13006,478
13007,450
13008,512
13009,437
13010,505
13011,472
13012,476
13013,469
13014,424
13015,448
13016,414
13017,454
13018,466
13019,487
13020,466
13021,451
13022,471
13023,446
13024,464
13025,489
13026,433
13027,452
13028,459
13029,472
13030,449
13031,406
13032,477
13033,444
13034,446
13035,461
13036,480
13037,457
13038,404
13039,467
13040,487
13041,471
13042,475
13043,462
13044,474
13045,477
13046,441
13047,449
13048,488
13049,465
13050,428
13051,431
13052,458
13053,481
13054,450
13055,487
13056,426
13057,461
13058,476
13059,464
13060,456
13061,486
13062,485
13063,453
13064,482
13065,461
13066,427
13067,423
13068,473
13069,432
13070,447
13071,504
13072,472
13073,434
13074,455
13075,481
13076,468
13077,416
13078,465
13079,458
13080,510
13081,460
13082,443
13083,484
13084,449
13085,456
13086,465
13087,424
13088,439
13089,439
13090,459
13091,441
13092,470
13093,462
13094,442
13095,506
13096,476
13097,472
13098,515
13099,446
13100,452
13101,454
13102,493
13103,479
13104,511
13105,485
13106,455
13107,503
13108,452
13109,454
13110,492
13111,482
13112,517
13113,510
13114,436
13115,472
13116,446
13117,429
13118,435
13119,502
13120,450
13121,435
13122,411
13123,494
13124,465
13125,480
13126,500
13127,435
13128,462
13129,436
13130,470
13131,463
13132,487
13133,480
13134,457
13135,450
13136,433
13137,466
13138,489
13139,452
13140,444
13141,437
13142,446
13143,473
13144,459
13145,503
13146,475
13147,496
13148,516
13149,457
13150,475
13151,463
13152,466
13153,490
13154,448
13155,450
13156,458
13157,421
13158,451
13159,433
13160,513
13161,437
13162,444
13163,494
13164,455
13165,448
13166,443
13167,453
13168,503
13169,453
13170,452
13171,483
13172,468
13173,440
13174,420
13175,455
13176,483
13177,478
13178,463
13179,449
13180,445
13181,482
13182,433
13183,479
13184,465
13185,491
13186,485
13187,461
13188,426
13189,439
13190,485
13191,463
13192,472
13193,428
13194,497
13195,487
13196,425
13197,440
13198,377
13199,443
13200,486
13201,495
13202,445
13203,441
13204,447
13205,434
13206,495
13207,469
13208,458
13209,431
13210,440
13211,458
13212,473
13213,461
13214,501
13215,479
13216,461
13217,474
13218,430
13219,468
13220,438
13221,492
13222,429
13223,458
13224,432
13225,431
13226,465
13227,436
13228,460
13229,465
13230,491
13231,474
13232,477
13233,447
13234,491
13235,431
13236,439
13237,486
13238,441
13239,480
13240,461
13241,455
13242,460
13243,490
13244,494
13245,504
13246,482
13247,460
13248,503
13249,462
13250,479
13251,436
13252,427
13253,504
13254,453
13255,470
13256,447
13257,481
13258,470
13259,430
13260,440
13261,469
13262,458
13263,493
13264,451
13265,444
13266,485
13267,473
13268,468
13269,461
13270,469
13271,489
13272,446
13273,431
13274,464
13275,477
13276,488
13277,436
13278,454
13279,487
13280,434
13281,465
13282,462
13283,497
13284,432
13285,431
13286,462
13287,489
13288,485
13289,422
13290,499
13291,463
13292,460
13293,429
13294,464
13295,474
13296,483
13297,470
13298,442
13299,438
13300,468
13301,450
13302,469
13303,433
13304,421
13305,471
13306,473
13307,473
13308,438
13309,437
13310,474
13311,439
13312,452
13313,478
13314,489
13315,438
13316,436
13317,463
13318,447
13319,439
13320,474
13321,457
13322,471
13323,447
13324,451
13325,445
13326,495
13327,411
13328,478
13329,476
13330,494
13331,470
13332,452
13333,412
13334,442
13335,467
13336,461
13337,467
13338,451
13339,482
13340,477
13341,490
13342,469
13343,414
13344,450
13345,478
13346,469
13347,436
13348,466
13349,484
13350,459
13351,445
13352,444
13353,440
13354,455
13355,521
13356,477
13357,470
13358,463
13359,430
13360,444
13361,490
13362,472
13363,446
13364,483
13365,461
13366,456
13367,511
13368,463
13369,467
13370,431
13371,495
13372,440
13373,459
13374,459
13375,459
13376,437
13377,447
13378,449
13379,448
13380,440
13381,469
13382,490
13383,448
13384,448
13385,459
13386,475
13387,436
13388,526
13389,477
13390,453
13391,461
13392,463
13393,481
13394,415
13395,465
13396,454
13397,421
13398,417
13399,428
13400,437
13401,449
13402,463
13403,452
13404,482
13405,486
13406,467
13407,452
13408,490
13409,472
13410,479
13411,445
13412,475
13413,436
13414,436
13415,486
13416,471
13417,453
13418,461
13419,444
13420,459
13421,474
13422,482
13423,469
13424,470
13425,476
13426,439
13427,480
13428,512
13429,495
13430,466
13431,504
13432,424
13433,481
13434,467
13435,517
13436,503
13437,457
13438,471
13439,463
13440,446
13441,463
13442,498
13443,487
13444,460
13445,450
13446,476
13447,501
13448,440
13449,444
13450,482
13451,470
13452,501
13453,453
13454,462
13455,441
13456,497
13457,463
13458,479
13459,421
13460,496
13461,477
13462,436
13463,467
13464,448
13465,410
13466,453
13467,466
13468,483
13469,469
13470,474
13471,455
13472,451
13473,477
13474,490
13475,474
13476,460
13477,477
13478,448
13479,447
13480,452
13481,444
13482,449
13483,448
13484,440
13485,462
13486,450
13487,459
13488,468
13489,465
13490,462
13491,500
13492,439
13493,426
13494,468
13495,428
13496,448
13497,479
13498,494
13499,474
13500,455
13501,458
13502,485
13503,450
13504,467
13505,453
13506,447
13507,441
13508,438
13509,464
13510,453
13511,435
13512,447
13513,445
13514,481
13515,470
13516,481
13517,460
13518,452
13519,429
13520,450
13521,487
13522,504
13523,478
13524,458
13525,445
13526,490
13527,476
13528,463
13529,446
13530,491
13531,477
13532,472
13533,448
13534,466
13535,461
13536,476
13537,472
13538,442
13539,492
13540,420
13541,449
13542,469
13543,459
13544,447
13545,439
13546,508
13547,439
13548,424
13549,420
13550,464
13551,484
13552,455
13553,481
13554,482
13555,485
13556,495
13557,442
13558,442
13559,499
13560,454
13561,476
13562,476
13563,478
13564,439
13565,455
13566,466
13567,452
13568,453
13569,473
13570,469
13571,473
13572,439
13573,484
13574,475
13575,461
13576,458
13577,461
13578,433
13579,461
13580,454
13581,478
13582,432
13583,519
13584,461
13585,443
13586,418
13587,455
13588,417
13589,472
13590,463
13591,467
13592,447
13593,489
13594,521
13595,458
13596,507
13597,448
13598,446
13599,457
13600,463
13601,481
13602,435
13603,443
13604,452
13605,415
13606,479
13607,437
13608,441
13609,423
13610,437
13611,452
13612,472
13613,472
13614,474
13615,459
13616,459
13617,446
13618,453
13619,468
13620,452
13621,496
13622,437
13623,429
13624,459
13625,453
13626,492
13627,464
13628,440
13629,439
13630,451
13631,476
13632,472
13633,484
13634,446
13635,443
13636,475
13637,498
13638,445
13639,470
13640,410
13641,468
13642,432
13643,413
13644,497
13645,458
13646,409
13647,479
13648,489
13649,459
13650,489
13651,487
13652,475
13653,450
13654,454
13655,458
13656,440
13657,436
13658,440
13659,504
13660,432
13661,408
13662,448
13663,450
13664,439
13665,455
13666,473
13667,489
13668,442
13669,481
13670,452
13671,422
13672,456
13673,430
13674,457
13675,459
13676,429
13677,493
13678,448
13679,412
13680,466
13681,467
13682,506
13683,475
13684,463
13685,435
13686,428
13687,429
13688,472
13689,438
13690,439
13691,446
13692,465
13693,472
13694,468
13695,477
13696,422
13697,493
13698,447
13699,435
13700,508
13701,467
13702,449
13703,468
13704,443
13705,490
13706,469
13707,433
13708,483
13709,460
13710,480
13711,455
13712,476
13713,440
13714,469
13715,504
13716,489
13717,436
13718,471
13719,447
13720,429
13721,444
13722,449
13723,477
13724,420
13725,444
13726,461
13727,461
13728,467
13729,427
13730,435
13731,441
13732,458
13733,478
13734,491
13735,456
13736,434
13737,478
13738,519
13739,476
13740,470
13741,462
13742,469
13743,459
13744,441
13745,442
13746,430
13747,460
13748,432
13749,531
13750,472
13751,445
13752,469
13753,508
13754,440
13755,479
13756,511
13757,417
13758,491
13759,470
13760,474
13761,443
13762,491
13763,496
13764,487
13765,474
13766,482
13767,451
13768,460
13769,414
13770,450
13771,407
13772,493
13773,480
13774,445
13775,433
13776,484
13777,449
13778,459
13779,436
13780,460
13781,457
13782,471
13783,465
13784,404
13785,458
13786,478
13787,470
13788,432
13789,480
13790,456
13791,440
13792,446
13793,445
13794,469
13795,418
13796,450
13797,439
13798,468
13799,451
13800,442
13801,472
13802,420
13803,418
13804,440
13805,451
13806,433
13807,453
13808,447
13809,467
13810,448
13811,465
13812,484
13813,453
13814,478
13815,452
13816,494
13817,445
13818,463
13819,475
13820,487
13821,451
13822,436
13823,497
13824,451
13825,479
13826,484
13827,452
13828,456
13829,449
13830,439
13831,441
13832,459
13833,465
13834,448
13835,477
13836,424
13837,466
13838,480
13839,469
13840,479
13841,453
13842,442
13843,510
13844,467
13845,488
13846,469
13847,474
13848,450
13849,465
13850,466
13851,422
13852,492
13853,410
13854,481
13855,425
13856,460
13857,471
13858,474
13859,496
13860,447
13861,417
13862,493
13863,469
13864,480
13865,473
13866,463
13867,484
13868,443
13869,477
13870,453
13871,466
13872,443
13873,463
13874,452
13875,480
13876,461
13877,453
13878,475
13879,499
13880,448
13881,449
13882,480
13883,430
13884,452
13885,415
13886,454
13887,472
13888,456
13889,468
13890,447
13891,464
13892,472
13893,469
13894,455
13895,471
13896,448
13897,498
13898,454
13899,455
13900,486
13901,396
13902,452
13903,456
13904,488
13905,465
13906,469
13907,469
13908,466
13909,417
13910,462
13911,439
13912,479
13913,440
13914,456
13915,463
13916,455
13917,448
13918,465
13919,461
13920,445
13921,451
13922,428
13923,477
13924,419
13925,485
13926,447
13927,447
13928,451
13929,426
13930,485
13931,477
13932,451
13933,450
13934,453
13935,440
13936,459
13937,453
13938,439
13939,470
13940,459
13941,466
13942,459
13943,431
13944,501
13945,493
13946,470
13947,466
13948,450
13949,438
13950,463
13951,473
13952,487
13953,457
13954,513
13955,459
13956,435
13957,431
13958,488
13959,469
13960,429
13961,501
13962,478
13963,442
13964,465
13965,429
13966,481
13967,466
13968,480
13969,437
13970,444
13971,493
13972,475
13973,458
13974,446
13975,475
13976,503
13977,458
13978,469
13979,426
13980,435
13981,456
13982,492
13983,465
13984,445
13985,463
13986,506
13987,487
13988,462
13989,472
13990,478
13991,495
13992,448
13993,434
13994,480
13995,450
13996,469
13997,489
13998,494
13999,463
14000,470
14001,437
14002,458
14003,409
14004,442
14005,440
14006,457
14007,455
14008,457
14009,447
14010,439
14011,448
14012,477
14013,467
14014,492
14015,488
14016,497
14017,468
14018,472
14019,430
14020,426
14021,480
14022,459
14023,438
14024,466
14025,434
14026,435
14027,451
14028,521
14029,484
14030,432
14031,473
14032,458
14033,462
14034,468
14035,474
14036,506
14037,462
14038,448
14039,457
14040,443
14041,433
14042,489
14043,482
14044,486
14045,443
14046,453
14047,427
14048,441
14049,462
14050,468
14051,436
14052,452
14053,485
14054,483
14055,451
14056,436
14057,454
14058,449
14059,444
14060,496
14061,448
14062,436
14063,463
14064,470
14065,463
14066,453
14067,488
14068,481
14069,473
14070,495
14071,461
14072,458
14073,469
14074,482
14075,504
14076,446
14077,442
14078,517
14079,453
14080,480
14081,474
14082,502
14083,411
14084,464
14085,503
14086,498
14087,443
14088,494
14089,454
14090,482
14091,464
14092,459
14093,431
14094,473
14095,416
14096,467
14097,478
14098,487
14099,454
14100,490
14101,438
14102,479
14103,477
14104,497
14105,473
14106,473
14107,467
14108,441
14109,470
14110,441
14111,463
14112,476
14113,463
14114,463
14115,429
14116,448
14117,471
14118,455
14119,455
14120,433
14121,500
14122,435
14123,437
14124,443
14125,484
14126,457
14127,457
14128,483
14129,442
14130,455
14131,462
14132,447
14133,460
14134,478
14135,506
14136,431
14137,484
14138,466
14139,427
14140,461
14141,441
14142,507
14143,462
14144,472
14145,484
14146,443
14147,458
14148,428
14149,448
14150,499
14151,460
14152,475
14153,472
14154,483
14155,473
14156,446
14157,478
14158,435
14159,481
14160,435
14161,463
14162,469
14163,413
14164,439
14165,508
14166,458
14167,461
14168,491
14169,479
14170,447
14171,489
14172,463
14173,425
14174,442
14175,480
14176,482
14177,484
14178,487
14179,448
14180,494
14181,448
14182,457
14183,473
14184,457
14185,456
14186,441
14187,440
14188,469
14189,462
14190,454
14191,423
14192,461
14193,431
14194,498
14195,481
14196,457
14197,472
14198,477
14199,462
14200,441
14201,485
14202,467
14203,426
14204,445
14205,494
14206,481
14207,481
14208,466
14209,439
14210,450
14211,435
14212,436
14213,439
14214,490
14215,455
14216,468
14217,454
14218,447
14219,450
14220,466
14221,465
14222,472
14223,448
14224,465
14225,422
14226,480
14227,470
14228,473
14229,438
14230,454
14231,467
14232,468
14233,458
14234,471
14235,454
14236,463
14237,493
14238,450
14239,503
14240,473
14241,452
14242,491
14243,470
14244,447
14245,480
14246,496
14247,461
14248,462
14249,499
14250,472
14251,421
14252,456
14253,423
14254,446
14255,504
14256,483
14257,459
14258,468
14259,431
14260,447
14261,474
14262,428
14263,516
14264,463
14265,500
14266,457
14267,475
14268,459
14269,457
14270,452
14271,466
14272,443
14273,484
14274,442
14275,491
14276,412
14277,430
14278,477
14279,472
14280,469
14281,432
14282,503
14283,478
14284,491
14285,475
14286,446
14287,450
14288,432
14289,431
14290,477
14291,479
14292,448
14293,450
14294,482
14295,462
14296,467
14297,429
14298,417
14299,461
14300,468
14301,436
14302,446
14303,448
14304,489
14305,474
14306,455
14307,434
14308,420
14309,495
14310,531
14311,465
14312,509
14313,487
14314,424
14315,439
14316,481
14317,468
14318,450
14319,480
14320,477
14321,459
14322,439
14323,475
14324,471
14325,495
14326,470
14327,455
14328,472
14329,434
14330,459
14331,448
14332,455
14333,467
14334,444
14335,439
14336,465
14337,466
14338,490
14339,465
14340,505
14341,443
14342,471
14343,439
14344,460
14345,472
14346,483
14347,475
14348,458
14349,443
14350,471
14351,460
14352,449
14353,447
14354,437
14355,423
14356,468
14357,442
14358,488
14359,438
14360,483
14361,496
14362,469
14363,434
14364,496
14365,445
14366,427
14367,442
14368,482
14369,454
14370,433
14371,465
14372,459
14373,461
14374,423
14375,446
14376,494
14377,409
14378,459
14379,449
14380,449
14381,469
14382,475
14383,484
14384,439
14385,495
14386,484
14387,480
14388,458
14389,484
14390,423
14391,423
14392,474
14393,461
14394,445
14395,481
14396,503
14397,437
14398,452
14399,440
14400,469
14401,462
14402,454
14403,471
14404,451
14405,444
14406,453
14407,444
14408,437
14409,453
14410,463
14411,481
14412,453
14413,446
14414,480
14415,466
14416,433
14417,483
14418,495
14419,463
14420,494
14421,469
14422,496
14423,453
14424,475
14425,455
14426,454
14427,477
14428,421
14429,497
14430,446
14431,444
14432,444
14433,449
14434,447
14435,450
14436,446
14437,486
14438,459
14439,472
14440,452
14441,471
14442,456
14443,473
14444,462
14445,458
14446,484
14447,469
14448,438
14449,456
14450,458
14451,471
14452,477
14453,476
14454,463
14455,476
14456,456
14457,476
14458,459
14459,454
14460,433
14461,455
14462,472
14463,485
14464,455
14465,438
14466,448
14467,461
14468,471
14469,446
14470,456
14471,475
14472,463
14473,487
14474,467
14475,454
14476,477
14477,455
14478,467
14479,430
14480,430
14481,487
14482,472
14483,400
14484,422
14485,435
14486,472
14487,519
14488,460
14489,430
14490,444
14491,431
14492,477
14493,452
14494,468
14495,457
14496,450
14497,464
14498,482
14499,415
14500,463
14501,446
14502,439
14503,438
14504,469
14505,444
14506,454
14507,456
14508,450
14509,450
14510,432
14511,475
14512,503
14513,466
14514,479
14515,457
14516,455
14517,464
14518,446
14519,457
14520,432
14521,411
14522,456
14523,470
14524,522
14525,458
14526,479
14527,474
14528,501
14529,455
14530,477
14531,446
14532,434
14533,448
14534,466
14535,472
14536,466
14537,485
14538,451
14539,444
14540,489
14541,450
14542,445
14543,481
14544,457
14545,452
14546,468
14547,467
14548,470
14549,461
14550,487
14551,462
14552,425
14553,491
14554,500
14555,458
14556,461
14557,507
14558,489
14559,459
14560,474
14561,504
14562,444
14563,460
14564,467
14565,443
14566,474
14567,446
14568,487
14569,465
14570,477
14571,466
14572,448
14573,467
14574,459
14575,449
14576,457
14577,467
14578,456
14579,432
14580,438
14581,447
14582,430
14583,515
14584,423
14585,462
14586,480
14587,446
14588,441
14589,424
14590,411
14591,498
14592,422
14593,466
14594,428
14595,469
14596,466
14597,467
14598,448
14599,432
14600,419
14601,467
14602,448
14603,455
14604,445
14605,519
14606,458
14607,453
14608,434
14609,457
14610,427
14611,476
14612,479
14613,452
14614,495
14615,479
14616,437
14617,440
14618,466
14619,443
14620,452
14621,474
14622,449
14623,422
14624,460
14625,496
14626,482
14627,447
14628,482
14629,453
14630,459
14631,426
14632,449
14633,442
14634,433
14635,433
14636,468
14637,469
14638,445
14639,455
14640,470
14641,442
14642,474
14643,468
14644,435
14645,456
14646,455
14647,453
14648,466
14649,481
14650,457
14651,466
14652,460
14653,470
14654,463
14655,434
14656,450
14657,483
14658,442
14659,433
14660,440
14661,440
14662,452
14663,448
14664,488
14665,450
14666,436
14667,462
14668,499
14669,431
14670,437
14671,440
14672,503
14673,468
14674,487
14675,462
14676,486
14677,455
14678,424
14679,439
14680,438
14681,455
14682,431
14683,450
14684,524
14685,436
14686,455
14687,470
14688,465
14689,432
14690,460
14691,455
14692,467
14693,454
14694,481
14695,457
14696,454
14697,457
14698,496
14699,469
14700,450
14701,455
14702,451
14703,425
14704,480
14705,452
14706,465
14707,495
14708,470
14709,470
14710,484
14711,468
14712,489
14713,417
14714,448
14715,468
14716,467
14717,467
14718,493
14719,449
14720,474
14721,486
14722,466
14723,496
14724,430
14725,477
14726,456
14727,482
14728,479
14729,494
14730,489
14731,466
14732,472
14733,481
14734,478
14735,442
14736,476
14737,444
14738,455
14739,440
14740,496
14741,477
14742,474
14743,468
14744,464
14745,436
14746,483
14747,474
14748,470
14749,460
14750,467
14751,437
14752,480
14753,485
14754,409
14755,474
14756,479
14757,473
14758,458
14759,488
14760,472
14761,480
14762,477
14763,443
14764,425
14765,492
14766,484
14767,447
14768,457
14769,436
14770,446
14771,492
14772,462
14773,474
14774,452
14775,430
14776,416
14777,487
14778,474
14779,442
14780,456
14781,461
14782,459
14783,445
14784,464
14785,482
14786,467
14787,440
14788,457
14789,448
14790,458
14791,465
14792,451
14793,483
14794,450
14795,428
14796,440
14797,478
14798,491
14799,483
14800,443
14801,465
14802,431
14803,434
14804,416
14805,464
14806,428
14807,479
14808,458
14809,491
14810,475
14811,461
14812,450
14813,492
14814,445
14815,451
14816,430
14817,448
14818,439
14819,467
14820,445
14821,484
14822,457
14823,442
14824,486
14825,445
14826,440
14827,452
14828,494
14829,449
14830,465
14831,452
14832,458
14833,474
14834,476
14835,468
14836,461
14837,471
14838,483
14839,442
14840,499
14841,470
14842,511
14843,443
14844,475
14845,436
14846,483
14847,438
14848,461
14849,456
14850,488
14851,436
14852,415
14853,458
14854,479
14855,474
14856,456
14857,447
14858,495
14859,480
14860,441
14861,470
14862,446
14863,425
14864,442
14865,441
14866,444
14867,456
14868,467
14869,438
14870,463
14871,452
14872,467
14873,424
14874,433
14875,457
14876,463
14877,485
14878,448
14879,409
14880,433
14881,476
14882,416
14883,433
14884,463
14885,451
14886,436
14887,499
14888,454
14889,435
14890,471
14891,458
14892,440
14893,429
14894,481
14895,477
14896,462
14897,480
14898,476
14899,488
14900,465
14901,474
14902,432
14903,488
14904,471
14905,426
14906,464
14907,497
14908,452
14909,430
14910,458
14911,473
14912,472
14913,443
14914,467
14915,431
14916,467
14917,497
14918,466
14919,495
14920,466
14921,458
14922,441
14923,457
14924,452
14925,479
14926,443
14927,497
14928,425
14929,445
14930,438
14931,456
14932,411
14933,451
14934,457
14935,471
14936,443
14937,465
14938,431
14939,437
14940,476
14941,483
14942,439
14943,474
14944,481
14945,466
14946,447
14947,451
14948,444
14949,460
14950,455
14951,460
14952,468
14953,481
14954,474
14955,500
14956,472
14957,456
14958,481
14959,450
14960,460
14961,430
14962,416
14963,472
14964,469
14965,480
14966,445
14967,488
14968,492
14969,453
14970,463
14971,450
14972,466
14973,457
14974,463
14975,446
14976,426
14977,426
14978,472
14979,444
14980,438
14981,476
14982,464
14983,443
14984,421
14985,439
14986,472
14987,435
14988,456
14989,505
14990,456
14991,478
14992,470
14993,468
14994,485
14995,449
14996,451
14997,438
14998,515
14999,488
15000,491
15001,511
15002,456
15003,434
15004,448
15005,473
15006,473
15007,478
15008,442
15009,440
15010,445
15011,422
15012,457
15013,505
15014,447
15015,463
15016,425
15017,477
15018,452
15019,503
15020,478
15021,490
15022,440
15023,466
15024,418
15025,474
15026,466
15027,504
15028,467
15029,486
15030,453
15031,480
15032,488
15033,444
15034,488
15035,452
15036,463
15037,456
15038,473
15039,475
15040,483
15041,516
15042,421
15043,457
15044,466
15045,418
15046,449
15047,474
15048,433
15049,461
15050,489
15051,490
15052,457
15053,490
15054,458
15055,466
15056,452
15057,467
15058,430
15059,438
15060,453
15061,434
15062,474
15063,462
15064,487
15065,485
15066,433
15067,455
15068,460
15069,479
15070,475
15071,469
15072,449
15073,459
15074,475
15075,442
15076,462
15077,457
15078,483
15079,467
15080,468
15081,484
15082,477
15083,527
15084,467
15085,495
15086,458
15087,477
15088,459
15089,472
15090,450
15091,475
15092,454
15093,469
15094,454
15095,464
15096,447
15097,516
15098,424
15099,476
15100,460
15101,472
15102,426
15103,469
15104,484
15105,453
15106,441
15107,438
15108,459
15109,481
15110,434
15111,421
15112,467
15113,466
15114,447
15115,486
15116,462
15117,451
15118,441
15119,485
15120,445
15121,464
15122,486
15123,452
15124,472
15125,452
15126,467
15127,453
15128,450
15129,459
15130,508
15131,496
15132,460
15133,460
15134,426
15135,438
15136,421
15137,479
15138,512
15139,440
15140,477
15141,429
15142,438
15143,453
15144,452
15145,469
15146,476
15147,455
15148,429
15149,509
15150,445
15151,462
15152,501
15153,474
15154,478
15155,476
15156,446
15157,476
15158,464
15159,467
15160,475
15161,504
15162,454
15163,485
15164,463
15165,480
15166,478
15167,447
15168,465
15169,484
15170,533
15171,418
15172,457
15173,456
15174,467
15175,446
15176,442
15177,428
15178,441
15179,459
15180,457
15181,436
15182,484
15183,419
15184,491
15185,444
15186,424
15187,442
15188,461
15189,467
15190,486
15191,466
15192,454
15193,438
15194,470
15195,456
15196,447
15197,440
15198,476
15199,446
15200,467
15201,455
15202,436
15203,478
15204,443
15205,489
15206,459
15207,459
15208,454
15209,493
15210,451
15211,453
15212,478
15213,480
15214,498
15215,457
15216,509
15217,452
15218,460
15219,474
15220,483
15221,464
15222,459
15223,452
15224,453
15225,458
15226,454
15227,471
15228,436
15229,465
15230,499
15231,424
15232,442
15233,447
15234,432
15235,461
15236,490
15237,461
15238,437
15239,438
15240,454
15241,486
15242,433
15243,454
15244,455
15245,450
15246,457
15247,464
15248,426
15249,470
15250,478
15251,479
15252,463
15253,443
15254,492
15255,462
15256,440
15257,447
15258,453
15259,452
15260,489
15261,411
15262,442
15263,439
15264,447
15265,488
15266,437
15267,478
15268,472
15269,475
15270,468
15271,433
15272,470
15273,460
15274,440
15275,464
15276,487
15277,458
15278,460
15279,475
15280,479
15281,473
15282,472
15283,504
15284,461
15285,454
15286,450
15287,469
15288,470
15289,459
15290,461
15291,502
15292,422
15293,502
15294,453
15295,459
15296,446
15297,492
15298,452
15299,455
15300,434
15301,433
15302,445
15303,493
15304,483
15305,467
15306,488
15307,445
15308,463
15309,418
15310,440
15311,454
15312,465
15313,522
15314,474
15315,475
15316,483
15317,472
15318,475
15319,449
15320,470
15321,484
15322,459
15323,468
15324,488
15325,483
15326,454
15327,429
15328,452
15329,439
15330,439
15331,443
15332,494
15333,456
15334,450
15335,473
15336,480
15337,437
15338,434
15339,463
15340,477
15341,476
15342,445
15343,463
15344,476
15345,485
15346,477
15347,467
15348,464
15349,474
15350,506
15351,447
15352,454
15353,427
15354,486
15355,471
15356,461
15357,461
15358,470
15359,419
15360,432
15361,464
15362,476
15363,465
15364,457
15365,459
15366,466
15367,483
15368,448
15369,467
15370,492
15371,476
15372,414
15373,454
15374,487
15375,472
15376,474
15377,423
15378,489
15379,453
15380,499
15381,465
15382,453
15383,463
15384,440
15385,487
15386,478
15387,483
15388,464
15389,421
15390,464
15391,431
15392,465
15393,432
15394,479
15395,427
15396,469
15397,464
15398,442
15399,458
15400,461
15401,436
15402,435
15403,456
15404,497
15405,464
15406,447
15407,460
15408,467
15409,473
15410,442
15411,503
15412,465
15413,468
15414,456
15415,448
15416,438
15417,470
15418,448
15419,464
15420,432
15421,445
15422,430
15423,470
15424,479
15425,475
15426,454
15427,467
15428,484
15429,425
15430,444
15431,492
15432,444
15433,455
15434,452
15435,480
15436,435
15437,450
15438,447
15439,476
15440,444
15441,466
15442,439
15443,478
15444,448
15445,459
15446,434
15447,467
15448,443
15449,477
15450,441
15451,460
15452,446
15453,470
15454,469
15455,429
15456,473
15457,463
15458,490
15459,460
15460,482
15461,511
15462,438
15463,485
15464,498
15465,517
15466,504
15467,464
15468,496
15469,442
15470,425
15471,449
15472,421
15473,485
15474,482
15475,456
15476,492
15477,464
15478,423
15479,505
15480,445
15481,452
15482,433
15483,446
15484,457
15485,436
15486,468
15487,472
15488,424
15489,445
15490,469
15491,486
15492,459
15493,464
15494,470
15495,444
15496,428
15497,450
15498,487
15499,445
15500,452
15501,411
15502,445
15503,412
15504,441
15505,445
15506,490
15507,448
15508,429
15509,424
15510,483
15511,497
15512,461
15513,452
15514,480
15515,478
15516,464
15517,464
15518,474
15519,468
15520,431
15521,495
15522,470
15523,435
15524,493
15525,409
15526,436
15527,443
15528,484
15529,440
15530,488
15531,476
15532,485
15533,469
15534,457
15535,463
15536,451
15537,433
15538,472
15539,455
15540,466
15541,474
15542,492
15543,480
15544,478
15545,499
15546,485
15547,444
15548,487
15549,468
15550,482
15551,480
15552,468
15553,446
15554,482
15555,419
15556,455
15557,487
15558,456
15559,440
15560,459
15561,433
15562,505
15563,454
15564,441
15565,439
15566,465
15567,456
15568,487
15569,495
15570,470
15571,434
15572,459
15573,432
15574,484
15575,444
15576,486
15577,442
15578,442
15579,458
15580,466
15581,435
15582,484
15583,493
15584,411
15585,476
15586,472
15587,437
15588,439
15589,458
15590,402
15591,440
15592,421
15593,440
15594,472
15595,461
15596,456
15597,433
15598,449
15599,437
15600,476
15601,469
15602,447
15603,398
15604,461
15605,488
15606,471
15607,445
15608,461
15609,430
15610,452
15611,449
15612,448
15613,455
15614,434
15615,480
15616,459
15617,457
15618,488
15619,468
15620,452
15621,439
15622,417
15623,493
15624,443
15625,431
15626,464
15627,435
15628,462
15629,447
15630,478
15631,466
15632,477
15633,482
15634,454
15635,477
15636,474
15637,475
15638,436
15639,430
15640,485
15641,454
15642,453
15643,428
15644,434
15645,471
15646,483
15647,453
15648,451
15649,454
15650,436
15651,459
15652,513
15653,464
15654,456
15655,431
15656,455
15657,452
15658,507
15659,460
15660,488
15661,440
15662,445
15663,452
15664,466
15665,491
15666,475
15667,438
15668,483
15669,455
15670,477
15671,429
15672,486
15673,465
15674,447
15675,477
15676,466
15677,485
15678,464
15679,438
15680,443
15681,447
15682,456
15683,465
15684,449
15685,503
15686,439
15687,531
15688,481
15689,444
15690,459
15691,467
15692,461
15693,405
15694,449
15695,439
15696,456
15697,456
15698,457
15699,481
15700,470
15701,412
15702,458
15703,490
15704,502
15705,471
15706,449
15707,471
15708,505
15709,481
15710,485
15711,471
15712,482
15713,486
15714,468
15715,466
15716,431
15717,435
15718,482
15719,477
15720,433
15721,461
15722,452
15723,432
15724,475
15725,463
15726,430
15727,477
15728,485
15729,460
15730,434
15731,510
15732,450
15733,454
15734,473
15735,473
15736,492
15737,462
15738,447
15739,465
15740,490
15741,456
15742,479
15743,454
15744,425
15745,511
15746,468
15747,441
15748,464
15749,419
15750,484
15751,497
15752,479
15753,484
15754,484
15755,490
15756,466
15757,489
15758,483
15759,468
15760,449
15761,451
15762,526
15763,467
15764,502
15765,463
15766,449
15767,442
15768,454
15769,482
15770,486
15771,489
15772,441
15773,506
15774,450
15775,498
15776,452
15777,451
15778,470
15779,447
15780,439
15781,459
15782,460
15783,437
15784,428
15785,452
15786,449
15787,435
15788,454
15789,461
15790,471
15791,468
15792,465
15793,460
15794,448
15795,454
15796,440
15797,471
15798,453
15799,432
15800,427
15801,493
15802,448
15803,427
15804,476
15805,448
15806,428
15807,421
15808,474
15809,452
15810,472
15811,448
15812,491
15813,435
15814,483
15815,445
15816,465
15817,463
15818,492
15819,480
15820,467
15821,476
15822,466
15823,455
15824,468
15825,460
15826,478
15827,466
15828,500
15829,460
15830,470
15831,475
15832,453
15833,451
15834,476
15835,493
15836,451
15837,457
15838,482
15839,454
15840,462
15841,493
15842,437
15843,527
15844,443
15845,448
15846,470
15847,428
15848,426
15849,446
15850,469
15851,452
15852,455
15853,459
15854,477
15855,444
15856,481
15857,448
15858,479
15859,433
15860,445
15861,434
15862,467
15863,476
15864,439
15865,473
15866,480
15867,465
15868,453
15869,458
15870,462
15871,427
15872,474
15873,481
15874,469
15875,435
15876,448
15877,461
15878,450
15879,469
15880,463
15881,458
15882,459
15883,473
15884,448
15885,462
15886,493
15887,474
15888,447
15889,476
15890,465
15891,463
15892,439
15893,435
15894,479
15895,423
15896,475
15897,452
15898,492
15899,455
15900,469
15901,466
15902,460
15903,452
15904,484
15905,483
15906,444
15907,481
15908,460
15909,456
15910,416
15911,486
15912,463
15913,452
15914,466
15915,497
15916,468
15917,460
15918,493
15919,462
15920,464
15921,471
15922,427
15923,434
15924,480
15925,457
15926,468
15927,472
15928,437
15929,442
15930,458
15931,472
15932,486
15933,440
15934,473
15935,472
15936,448
15937,477
15938,439
15939,452
15940,467
15941,460
15942,435
15943,453
15944,461
15945,455
15946,440
15947,462
15948,442
15949,426
15950,452
15951,499
15952,463
15953,444
15954,429
15955,479
15956,441
15957,444
15958,460
15959,452
15960,472
15961,498
15962,477
15963,446
15964,475
15965,472
15966,458
15967,486
15968,419
15969,449
15970,445
15971,437
15972,453
15973,417
15974,448
15975,471
15976,460
15977,467
15978,456
15979,435
15980,462
15981,475
15982,515
15983,472
15984,439
15985,448
15986,454
15987,457
15988,419
15989,450
15990,463
15991,451
15992,488
15993,445
15994,462
15995,454
15996,490
15997,477
15998,462
15999,477
16000,463
16001,463
16002,433
16003,463
16004,454
16005,474
16006,493
16007,413
16008,466
16009,489
16010,460
16011,497
16012,489
16013,475
16014,425
16015,475
16016,474
16017,455
16018,468
16019,447
16020,485
16021,489
16022,509
16023,456
16024,429
16025,445
16026,440
16027,500
16028,462
16029,472
16030,419
16031,468
16032,457
16033,435
16034,457
16035,443
16036,441
16037,461
16038,481
16039,472
16040,464
16041,460
16042,442
16043,460
16044,487
16045,452
16046,443
16047,437
16048,428
16049,476
16050,466
16051,446
16052,458
16053,476
16054,471
16055,469
16056,437
16057,401
16058,456
16059,450
16060,426
16061,468
16062,439
16063,465
16064,444
16065,453
16066,439
16067,451
16068,489
16069,468
16070,517
16071,458
16072,466
16073,505
16074,455
16075,471
16076,465
16077,450
16078,418
16079,445
16080,480
16081,494
16082,457
16083,429
16084,479
16085,462
16086,454
16087,492
16088,472
16089,479
16090,481
16091,470
16092,445
16093,470
16094,467
16095,500
16096,511
16097,492
16098,472
16099,453
16100,457
16101,479
16102,477
16103,465
16104,452
16105,433
16106,486
16107,454
16108,444
16109,479
16110,475
16111,441
16112,496
16113,446
16114,480
16115,462
16116,506
16117,484
16118,484
16119,460
16120,474
16121,466
16122,468
16123,446
16124,465
16125,458
16126,445
16127,441
16128,443
16129,464
16130,476
16131,434
16132,458
16133,433
16134,466
16135,435
16136,424
16137,478
16138,485
16139,464
16140,451
16141,466
16142,403
16143,464
16144,462
16145,422
16146,464
16147,448
16148,475
16149,452
16150,441
16151,469
16152,484
16153,453
16154,443
16155,472
16156,479
16157,451
16158,485
16159,453
16160,443
16161,427
16162,431
16163,452
16164,501
16165,455
16166,443
16167,443
16168,485
16169,504
16170,464
16171,465
16172,466
16173,486
16174,470
16175,490
16176,453
16177,450
16178,485
16179,473
16180,502
16181,435
16182,429
16183,480
16184,459
16185,463
16186,474
16187,459
16188,466
16189,455
16190,465
16191,453
16192,461
16193,448
16194,455
16195,499
16196,456
16197,455
16198,393
16199,464
16200,493
16201,459
16202,433
16203,444
16204,462
16205,469
16206,476
16207,476
16208,462
16209,441
16210,472
16211,461
16212,444
16213,422
16214,436
16215,500
16216,450
16217,439
16218,459
16219,445
16220,493
16221,470
16222,464
16223,476
16224,431
16225,478
16226,430
16227,500
16228,452
16229,464
16230,498
16231,491
16232,448
16233,469
16234,426
16235,504
16236,465
16237,458
16238,470
16239,474
16240,471
16241,462
16242,473
16243,439
16244,444
16245,421
16246,485
16247,442
16248,467
16249,466
16250,469
16251,467
16252,433
16253,486
16254,448
16255,492
16256,449
16257,527
16258,486
16259,488
16260,439
16261,467
16262,481
16263,475
16264,479
16265,433
16266,458
16267,505
16268,462
16269,431
16270,466
16271,455
16272,445
16273,436
16274,467
16275,479
16276,491
16277,425
16278,491
16279,454
16280,491
16281,470
16282,462
16283,420
16284,440
16285,464
16286,456
16287,463
16288,481
16289,446
16290,454
16291,432
16292,409
16293,472
16294,482
16295,446
16296,417
16297,457
16298,457
16299,467
16300,484
16301,424
16302,480
16303,411
16304,461
16305,426
16306,468
16307,434
16308,449
16309,437
16310,478
16311,454
16312,493
16313,450
16314,467
16315,451
16316,445
16317,421
16318,468
16319,460
16320,475
16321,470
16322,485
16323,463
16324,514
16325,464
16326,436
16327,422
16328,484
16329,473
16330,462
16331,432
16332,432
16333,481
16334,465
16335,478
16336,422
16337,448
16338,511
16339,452
16340,476
16341,434
16342,454
16343,455
16344,475
16345,489
16346,467
16347,439
16348,480
16349,467
16350,464
16351,430
16352,454
16353,469
16354,462
16355,504
16356,443
16357,500
16358,460
16359,473
16360,466
16361,444
16362,462
16363,469
16364,447
16365,477
16366,432
16367,471
16368,468
16369,479
16370,421
16371,456
16372,457
16373,469
16374,495
16375,461
16376,430
16377,444
16378,432
16379,419
16380,449
16381,463
16382,413
16383,477
16384,467
16385,471
16386,441
16387,447
16388,498
16389,518
16390,466
16391,494
16392,444
16393,476
16394,452
16395,476
16396,464
16397,487
16398,513
16399,458
16400,461
16401,406
16402,489
16403,441
16404,455
16405,428
16406,470
16407,438
16408,490
16409,470
16410,464
16411,460
16412,489
16413,475
16414,421
16415,424
16416,528
16417,475
16418,483
16419,406
16420,468
16421,452
16422,432
16423,439
16424,457
16425,443
16426,440
16427,468
16428,456
16429,473
16430,489
16431,474
16432,458
16433,430
16434,479
16435,434
16436,476
16437,443
16438,475
16439,436
16440,463
16441,470
16442,488
16443,430
16444,481
16445,477
16446,436
16447,469
16448,470
16449,476
16450,481
16451,490
16452,498
16453,458
16454,465
16455,447
16456,449
16457,431
16458,443
16459,466
16460,444
16461,444
16462,471
16463,477
16464,451
16465,504
16466,476
16467,446
16468,476
16469,468
16470,438
16471,473
16472,466
16473,408
16474,472
16475,462
16476,463
16477,497
16478,469
16479,452
16480,480
16481,484
16482,455
16483,466
16484,478
16485,480
16486,476
16487,444
16488,483
16489,446
16490,497
16491,453
16492,478
16493,469
16494,473
16495,449
16496,493
16497,478
16498,434
16499,440
16500,474
16501,495
16502,459
16503,470
16504,455
16505,465
16506,475
16507,458
16508,435
16509,456
16510,448
16511,481
16512,466
16513,450
16514,495
16515,466
16516,432
16517,446
16518,465
16519,440
16520,422
16521,453
16522,435
16523,441
16524,442
16525,418
16526,491
16527,468
16528,457
16529,458
16530,424
16531,445
16532,473
16533,517
16534,484
16535,458
16536,465
16537,469
16538,491
16539,466
16540,465
16541,447
16542,472
16543,455
16544,410
16545,487
16546,461
16547,489
16548,467
16549,491
16550,467
16551,437
16552,495
16553,465
16554,465
16555,465
16556,469
16557,450
16558,459
16559,455
16560,469
16561,423
16562,466
16563,473
16564,437
16565,499
16566,453
16567,458
16568,479
16569,475
16570,455
16571,435
16572,437
16573,476
16574,463
16575,418
16576,470
16577,470
16578,467
16579,473
16580,471
16581,436
16582,474
16583,466
16584,463
16585,427
16586,450
16587,450
16588,482
16589,452
16590,487
16591,462
16592,473
16593,453
16594,451
16595,455
16596,462
16597,472
16598,488
16599,462
16600,450
16601,449
16602,446
16603,466
16604,474
16605,432
16606,447
16607,480
16608,461
16609,481
16610,443
16611,489
16612,483
16613,462
16614,496
16615,459
16616,495
16617,492
16618,469
16619,442
16620,493
16621,429
16622,471
16623,451
16624,440
16625,439
16626,447
16627,467
16628,478
16629,419
16630,465
16631,446
16632,443
16633,447
16634,457
16635,440
16636,430
16637,474
16638,431
16639,492
16640,454
16641,473
16642,440
16643,477
16644,451
16645,474
16646,476
16647,515
16648,489
16649,461
16650,487
16651,488
16652,444
16653,480
16654,469
16655,468
16656,423
16657,459
16658,447
16659,469
16660,432
16661,456
16662,511
16663,451
16664,438
16665,475
16666,461
16667,449
16668,462
16669,475
16670,443
16671,468
16672,498
16673,446
16674,463
16675,413
16676,458
16677,472
16678,451
16679,426
16680,464
16681,492
16682,473
16683,444
16684,511
16685,487
16686,451
16687,422
16688,488
16689,516
16690,424
16691,445
16692,478
16693,497
16694,446
16695,442
16696,442
16697,474
16698,402
16699,458
16700,497
16701,455
16702,430
16703,480
16704,501
16705,470
16706,440
16707,441
16708,456
16709,423
16710,477
16711,453
16712,431
16713,470
16714,431
16715,457
16716,443
16717,482
16718,457
16719,463
16720,465
16721,439
16722,474
16723,458
16724,493
16725,468
16726,471
16727,456
16728,452
16729,444
16730,478
16731,425
16732,496
16733,472
16734,489
16735,499
16736,464
16737,477
16738,460
16739,458
16740,474
16741,459
16742,441
16743,454
16744,456
16745,501
16746,482
16747,475
16748,443
16749,466
16750,441
16751,454
16752,419
16753,488
16754,492
16755,492
16756,444
16757,445
16758,473
16759,489
16760,452
16761,434
16762,461
16763,442
16764,441
16765,441
16766,476
16767,489
16768,411
16769,465
16770,459
16771,448
16772,463
16773,455
16774,444
16775,476
16776,485
16777,456
16778,445
16779,451
16780,452
16781,462
16782,479
16783,454
16784,447
16785,410
16786,441
16787,450
16788,471
16789,435
16790,455
16791,486
16792,451
16793,460
16794,438
16795,444
16796,443
16797,443
16798,467
16799,433
16800,474
16801,474
16802,465
16803,479
16804,420
16805,455
16806,471
16807,427
16808,450
16809,464
16810,476
16811,486
16812,453
16813,461
16814,501
16815,451
16816,467
16817,468
16818,452
16819,407
16820,499
16821,467
16822,472
16823,474
16824,438
16825,438
16826,430
16827,431
16828,463
16829,439
16830,462
16831,460
16832,439
16833,453
16834,457
16835,469
16836,432
16837,414
16838,416
16839,477
16840,477
16841,446
16842,439
16843,457
16844,499
16845,458
16846,439
16847,469
16848,414
16849,453
16850,459
16851,464
16852,478
16853,522
16854,470
16855,444
16856,457
16857,476
16858,488
16859,464
16860,461
16861,500
16862,506
16863,435
16864,456
16865,495
16866,468
16867,429
16868,502
16869,467
16870,447
16871,428
16872,493
16873,451
16874,450
16875,431
16876,467
16877,456
16878,455
16879,452
16880,515
16881,429
16882,444
16883,478
16884,466
16885,490
16886,460
16887,491
16888,469
16889,517
16890,447
16891,463
16892,432
16893,466
16894,436
16895,482
16896,468
16897,457
16898,405
16899,431
16900,479
16901,476
16902,488
16903,446
16904,451
16905,454
16906,407
16907,409
16908,480
16909,481
16910,451
16911,455
16912,507
16913,458
16914,463
16915,451
16916,418
16917,431
16918,469
16919,436
16920,439
16921,437
16922,477
16923,490
16924,421
16925,510
16926,422
16927,487
16928,449
16929,514
16930,463
16931,458
16932,437
16933,452
16934,508
16935,493
16936,463
16937,464
16938,434
16939,456
16940,439
16941,447
16942,444
16943,480
16944,430
16945,495
16946,464
16947,432
16948,478
16949,467
16950,462
16951,477
16952,470
16953,469
16954,464
16955,456
16956,469
16957,457
16958,426
16959,483
16960,493
16961,452
16962,489
16963,465
16964,478
16965,456
16966,449
16967,488
16968,428
16969,430
16970,458
16971,447
16972,432
16973,443
16974,474
16975,509
16976,459
16977,439
16978,467
16979,441
16980,434
16981,428
16982,496
16983,473
16984,475
16985,454
16986,431
16987,447
16988,466
16989,456
16990,468
16991,456
16992,450
16993,466
16994,494
16995,475
16996,428
16997,435
16998,438
16999,471
17000,457
17001,460
17002,458
17003,466
17004,444
17005,497
17006,481
17007,525
17008,439
17009,440
17010,427
17011,524
17012,441
17013,501
17014,465
17015,455
17016,465
17017,457
17018,519
17019,468
17020,437
17021,488
17022,453
17023,464
17024,498
17025,485
17026,437
17027,440
17028,453
17029,490
17030,493
17031,490
17032,461
17033,471
17034,439
17035,467
17036,438
17037,458
17038,444
17039,442
17040,444
17041,520
17042,511
17043,499
17044,445
17045,453
17046,457
17047,421
17048,473
17049,492
17050,456
17051,477
17052,448
17053,442
17054,483
17055,465
17056,462
17057,491
17058,421
17059,454
17060,467
17061,453
17062,533
17063,430
17064,440
17065,446
17066,478
17067,454
17068,462
17069,483
17070,472
17071,454
17072,480
17073,424
17074,440
17075,481
17076,453
17077,469
17078,504
17079,419
17080,471
17081,493
17082,452
17083,479
17084,461
17085,428
17086,457
17087,439
17088,438
17089,458
17090,415
17091,462
17092,464
17093,450
17094,447
17095,443
17096,450
17097,504
17098,485
17099,437
17100,461
17101,489
17102,457
17103,447
17104,455
17105,465
17106,437
17107,468
17108,470
17109,438
17110,441
17111,432
17112,454
17113,448
17114,497
17115,477
17116,480
17117,431
17118,505
17119,397
17120,423
17121,456
17122,491
17123,467
17124,441
17125,463
17126,449
17127,467
17128,423
17129,461
17130,451
17131,482
17132,496
17133,454
17134,478
17135,476
17136,452
17137,485
17138,479
17139,477
17140,462
17141,499
17142,462
17143,446
17144,464
17145,450
17146,466
17147,430
17148,406
17149,451
17150,460
17151,481
17152,471
17153,421
17154,485
17155,451
17156,433
17157,503
17158,474
17159,451
17160,466
17161,479
17162,437
17163,413
17164,504
17165,411
17166,445
17167,472
17168,487
17169,457
17170,395
17171,467
17172,490
17173,475
17174,441
17175,424
17176,462
17177,443
17178,460
17179,460
17180,466
17181,470
17182,487
17183,444
17184,469
17185,437
17186,477
17187,478
17188,470
17189,437
17190,475
17191,475
17192,440
17193,448
17194,469
17195,467
17196,441
17197,466
17198,468
17199,479
17200,438
17201,487
17202,442
17203,453
17204,458
17205,497
17206,465
17207,460
17208,445
17209,471
17210,475
17211,437
17212,492
17213,464
17214,435
17215,422
17216,444
17217,434
17218,445
17219,451
17220,476
17221,491
17222,461
17223,454
17224,457
17225,469
17226,463
17227,443
17228,447
17229,467
17230,442
17231,460
17232,417
17233,461
17234,516
17235,428
17236,486
17237,433
17238,485
17239,467
17240,476
17241,470
17242,443
17243,486
17244,435
17245,466
17246,468
17247,434
17248,475
17249,468
17250,494
17251,463
17252,465
17253,488
17254,481
17255,473
17256,463
17257,465
17258,440
17259,450
17260,443
17261,455
17262,449
17263,435
17264,426
17265,460
17266,465
17267,465
17268,499
17269,453
17270,464
17271,476
17272,450
17273,472
17274,452
17275,488
17276,474
17277,454
17278,495
17279,456
17280,465
17281,450
17282,481
17283,427
17284,474
17285,463
17286,431
17287,459
17288,456
17289,432
17290,440
17291,492
17292,454
17293,508
17294,439
17295,439
17296,463
17297,472
17298,459
17299,442
17300,489
17301,446
17302,425
17303,418
17304,489
17305,463
17306,522
17307,450
17308,431
17309,454
17310,460
17311,449
17312,496
17313,465
17314,456
17315,476
17316,462
17317,471
17318,434
17319,450
17320,463
17321,435
17322,480
17323,443
17324,496
17325,445
17326,463
17327,496
17328,469
17329,477
17330,463
17331,496
17332,492
17333,472
17334,433
17335,463
17336,491
17337,525
17338,432
17339,462
17340,491
17341,485
17342,464
17343,458
17344,448
17345,442
17346,492
17347,462
17348,472
17349,459
17350,500
17351,481
17352,464
17353,449
17354,491
17355,509
17356,454
17357,456
17358,428
17359,434
17360,494
17361,473
17362,426
17363,470
17364,451
17365,447
17366,456
17367,470
17368,461
17369,428
17370,483
17371,463
17372,475
17373,489
17374,441
17375,458
17376,479
17377,461
17378,438
17379,467
17380,469
17381,489
17382,433
17383,467
17384,466
17385,460
17386,449
17387,454
17388,455
17389,462
17390,442
17391,446
17392,445
17393,476
17394,473
17395,463
17396,442
17397,445
17398,474
17399,449
17400,451
17401,481
17402,446
17403,456
17404,458
17405,463
17406,484
17407,449
17408,509
17409,466
17410,451
17411,435
17412,469
17413,440
17414,427
17415,460
17416,470
17417,472
17418,470
17419,477
17420,452
17421,497
17422,482
17423,454
17424,440
17425,498
17426,470
17427,453
17428,451
17429,434
17430,470
17431,428
17432,473
17433,479
17434,457
17435,458
17436,498
17437,447
17438,461
17439,466
17440,447
17441,461
17442,442
17443,469
17444,444
17445,463
17446,448
17447,464
17448,459
17449,454
17450,487
17451,514
17452,486
17453,437
17454,496
17455,391
17456,472
17457,460
17458,446
17459,451
17460,499
17461,424
17462,459
17463,450
17464,480
17465,487
17466,458
17467,505
17468,468
17469,447
17470,450
17471,455
17472,458
17473,463
17474,465
17475,452
17476,507
17477,455
17478,422
17479,464
17480,455
17481,453
17482,450
17483,497
17484,464
17485,454
17486,504
17487,458
17488,478
17489,462
17490,429
17491,461
17492,467
17493,456
17494,479
17495,431
17496,461
17497,463
17498,430
17499,474
17500,447
17501,445
17502,457
17503,432
17504,477
17505,466
17506,474
17507,438
17508,480
17509,458
17510,487
17511,468
17512,498
17513,469
17514,484
17515,445
17516,427
17517,454
17518,459
17519,451
17520,439
17521,420
17522,483
17523,440
17524,492
17525,469
17526,447
17527,462
17528,455
17529,458
17530,430
17531,451
17532,446
17533,496
17534,474
17535,446
17536,460
17537,464
17538,475
17539,438
17540,465
17541,489
17542,478
17543,470
17544,457
17545,472
17546,462
17547,450
17548,490
17549,477
17550,445
17551,427
17552,466
17553,438
17554,435
17555,486
17556,459
17557,452
17558,440
17559,462
17560,483
17561,468
17562,490
17563,445
17564,451
17565,429
17566,439
17567,475
17568,475
17569,432
17570,474
17571,438
17572,472
17573,450
17574,455
17575,459
17576,489
17577,425
17578,506
17579,432
17580,419
17581,446
17582,467
17583,495
17584,451
17585,434
17586,458
17587,423
17588,418
17589,446
17590,441
17591,453
17592,490
17593,447
17594,473
17595,460
17596,496
17597,501
17598,438
17599,431
17600,473
17601,426
17602,483
17603,494
17604,466
17605,425
17606,433
17607,475
17608,452
17609,458
17610,449
17611,448
17612,467
17613,452
17614,448
17615,469
17616,441
17617,468
17618,482
17619,490
17620,483
17621,453
17622,456
17623,404
17624,476
17625,449
17626,448
17627,485
17628,456
17629,479
17630,452
17631,420
17632,426
17633,455
17634,446
17635,483
17636,455
17637,479
17638,488
17639,431
17640,460
17641,402
17642,453
17643,399
17644,479
17645,483
17646,472
17647,450
17648,482
17649,452
17650,473
17651,474
17652,476
17653,465
17654,460
17655,486
17656,454
17657,489
17658,443
17659,451
17660,454
17661,468
17662,454
17663,473
17664,504
17665,459
17666,485
17667,451
17668,474
17669,440
17670,489
17671,450
17672,447
17673,438
17674,460
17675,453
17676,477
17677,463
17678,428
17679,484
17680,454
17681,450
17682,443
17683,464
17684,432
17685,495
17686,496
17687,463
17688,457
17689,486
17690,461
17691,492
17692,456
17693,510
17694,449
17695,489
17696,465
17697,460
17698,475
17699,445
17700,492
17701,473
17702,499
17703,432
17704,453
17705,450
17706,451
17707,455
17708,437
17709,471
17710,472
17711,464
17712,483
17713,469
17714,411
17715,422
17716,454
17717,437
17718,488
17719,461
17720,423
17721,492
17722,490
17723,443
17724,458
17725,495
17726,460
17727,442
17728,451
17729,492
17730,491
17731,467
17732,474
17733,460
17734,435
17735,427
17736,457
17737,446
17738,478
17739,444
17740,426
17741,475
17742,463
17743,448
17744,490
17745,457
17746,469
17747,464
17748,493
17749,471
17750,451
17751,468
17752,464
17753,448
17754,457
17755,499
17756,450
17757,410
17758,457
17759,484
17760,464
17761,472
17762,455
17763,426
17764,430
17765,444
17766,423
17767,435
17768,429
17769,451
17770,475
17771,465
17772,463
17773,467
17774,469
17775,451
17776,484
17777,445
17778,491
17779,425
17780,415
17781,461
17782,448
17783,467
17784,464
17785,482
17786,450
17787,470
17788,504
17789,477
17790,458
17791,444
17792,483
17793,461
17794,467
17795,439
17796,451
17797,443
17798,478
17799,431
17800,453
17801,494
17802,423
17803,454
17804,465
17805,467
17806,449
17807,438
17808,439
17809,451
17810,461
17811,447
17812,473
17813,474
17814,495
17815,433
17816,499
17817,452
17818,476
17819,490
17820,482
17821,485
17822,454
17823,475
17824,488
17825,456
17826,462
17827,450
17828,473
17829,429
17830,474
17831,438
17832,462
17833,490
17834,444
17835,460
17836,457
17837,449
17838,462
17839,431
17840,489
17841,438
17842,442
17843,431
17844,471
17845,446
17846,451
17847,406
17848,464
17849,429
17850,455
17851,432
17852,466
17853,422
17854,498
17855,459
17856,460
17857,481
17858,458
17859,456
17860,470
17861,441
17862,426
17863,478
17864,521
17865,475
17866,465
17867,489
17868,516
17869,507
17870,467
17871,456
17872,461
17873,439
17874,446
17875,456
17876,472
17877,431
17878,474
17879,461
17880,411
17881,454
17882,506
17883,485
17884,482
17885,475
17886,463
17887,465
17888,467
17889,491
17890,453
17891,484
17892,465
17893,440
17894,496
17895,471
17896,487
17897,454
17898,501
17899,450
17900,478
17901,435
17902,513
17903,459
17904,485
17905,495
17906,509
17907,475
17908,469
17909,451
17910,474
17911,454
17912,453
17913,383
17914,438
17915,470
17916,471
17917,457
17918,457
17919,440
17920,462
17921,444
17922,482
17923,502
17924,500
17925,438
17926,485
17927,466
17928,463
17929,425
17930,493
17931,455
17932,457
17933,474
17934,449
17935,475
17936,496
17937,458
17938,474
17939,467
17940,468
17941,461
17942,476
17943,498
17944,450
17945,464
17946,485
17947,440
17948,473
17949,474
17950,481
17951,447
17952,407
17953,463
17954,451
17955,512
17956,464
17957,440
17958,440
17959,490
17960,477
17961,461
17962,503
17963,470
17964,496
17965,471
17966,473
17967,431
17968,447
17969,474
17970,436
17971,450
17972,502
17973,418
17974,452
17975,470
17976,441
17977,494
17978,441
17979,476
17980,508
17981,444
17982,437
17983,452
17984,440
17985,470
17986,452
17987,435
17988,466
17989,472
17990,475
17991,449
17992,491
17993,459
17994,441
17995,489
17996,455
17997,465
17998,472
17999,442
18000,446
18001,445
18002,408
18003,482
18004,434
18005,429
18006,461
18007,466
18008,458
18009,464
18010,477
18011,463
18012,468
18013,468
18014,445
18015,431
18016,470
18017,427
18018,455
18019,458
18020,491
18021,447
18022,476
18023,449
18024,461
18025,496
18026,465
18027,454
18028,422
18029,512
18030,450
18031,458
18032,443
18033,476
18034,504
18035,478
18036,480
18037,434
18038,452
18039,475
18040,474
18041,436
18042,431
18043,449
18044,494
18045,440
18046,480
18047,430
18048,455
18049,455
18050,459
18051,416
18052,449
18053,474
18054,480
18055,465
18056,457
18057,473
18058,469
18059,463
18060,433
18061,479
18062,453
18063,456
18064,483
18065,467
18066,453
18067,464
18068,453
18069,432
18070,471
18071,477
18072,463
18073,464
18074,446
18075,492
18076,452
18077,464
18078,448
18079,450
18080,469
18081,482
18082,495
18083,448
18084,427
18085,466
18086,477
18087,472
18088,458
18089,450
18090,476
18091,460
18092,447
18093,474
18094,416
18095,503
18096,469
18097,493
18098,468
18099,461
18100,467
18101,443
18102,450
18103,498
18104,469
18105,467
18106,490
18107,459
18108,475
18109,463
18110,475
18111,449
18112,480
18113,450
18114,437
18115,449
18116,475
18117,443
18118,446
18119,477
18120,459
18121,446
18122,432
18123,481
18124,457
18125,453
18126,425
18127,474
18128,484
18129,447
18130,477
18131,485
18132,463
18133,449
18134,474
18135,433
18136,414
18137,499
18138,449
18139,463
18140,400
18141,421
18142,468
18143,482
18144,448
18145,456
18146,511
18147,433
18148,464
18149,460
18150,465
18151,478
18152,451
18153,491
18154,457
18155,473
18156,470
18157,453
18158,471
18159,488
18160,457
18161,464
18162,467
18163,450
18164,471
18165,485
18166,443
18167,442
18168,450
18169,420
18170,429
18171,482
18172,465
18173,461
18174,428
18175,495
18176,456
18177,490
18178,497
18179,470
18180,437
18181,437
18182,460
18183,464
18184,437
18185,446
18186,420
18187,473
18188,439
18189,447
18190,432
18191,440
18192,443
18193,479
18194,473
18195,465
18196,469
18197,448
18198,452
18199,410
18200,489
18201,471
18202,428
18203,445
18204,475
18205,485
18206,482
18207,447
18208,460
18209,446
18210,452
18211,474
18212,478
18213,435
18214,472
18215,469
18216,433
18217,505
18218,480
18219,440
18220,472
18221,486
18222,465
18223,461
18224,460
18225,456
18226,447
18227,486
18228,456
18229,466
18230,444
18231,481
18232,449
18233,439
18234,433
18235,488
18236,483
18237,468
18238,420
18239,458
18240,506
18241,460
18242,506
18243,447
18244,461
18245,462
18246,425
18247,527
18248,464
18249,472
18250,484
18251,488
18252,477
18253,473
18254,458
18255,440
18256,474
18257,459
18258,485
18259,451
18260,468
18261,482
18262,454
18263,484
18264,465
18265,442
18266,460
18267,484
18268,453
18269,444
18270,405
18271,475
18272,474
18273,439
18274,485
18275,475
18276,476
18277,497
18278,461
18279,460
18280,465
18281,471
18282,474
18283,424
18284,439
18285,471
18286,442
18287,455
18288,458
18289,479
18290,422
18291,444
18292,454
18293,459
18294,456
18295,462
18296,461
18297,461
18298,456
18299,439
18300,476
18301,469
18302,460
18303,486
18304,448
18305,426
18306,485
18307,477
18308,442
18309,482
18310,486
18311,454
18312,485
18313,482
18314,435
18315,502
18316,514
18317,494
18318,447
18319,497
18320,460
18321,474
18322,464
18323,463
18324,435
18325,464
18326,471
18327,411
18328,457
18329,468
18330,473
18331,483
18332,479
18333,462
18334,509
18335,477
18336,465
18337,452
18338,462
18339,476
18340,469
18341,483
18342,470
18343,481
18344,457
18345,490
18346,494
18347,448
18348,439
18349,475
18350,452
18351,442
18352,461
18353,452
18354,441
18355,478
18356,454
18357,469
18358,442
18359,469
18360,462
18361,441
18362,499
18363,449
18364,453
18365,456
18366,429
18367,448
18368,406
18369,505
18370,464
18371,486
18372,462
18373,435
18374,483
18375,470
18376,477
18377,466
18378,473
18379,462
18380,433
18381,442
18382,454
18383,427
18384,445
18385,459
18386,462
18387,443
18388,460
18389,455
18390,442
18391,470
18392,473
18393,456
18394,456
18395,434
18396,425
18397,465
18398,500
18399,482
18400,449
18401,436
18402,447
18403,476
18404,497
18405,497
18406,461
18407,459
18408,458
18409,449
18410,494
18411,441
18412,448
18413,406
18414,492
18415,446
18416,446
18417,458
18418,464
18419,466
