row,cell,count
0,0,88
0,1,88
0,2,92
0,3,91
0,4,91
0,5,92
0,6,87
0,7,93
0,8,91
0,9,90
0,10,89
0,11,89
0,12,91
0,13,91
0,14,87
0,15,87
0,16,93
0,17,92
0,18,91
0,19,94
0,20,89
0,21,89
0,22,95
0,23,92
0,24,90
0,25,93
0,26,90
0,27,92
0,28,93
0,29,87
0,30,86
0,31,91
0,32,92
0,33,92
0,34,91
0,35,86
0,36,90
0,37,93
0,38,89
0,39,92
0,40,86
0,41,91
0,42,87
0,43,92
0,44,87
0,45,93
0,46,90
0,47,87
0,48,90
0,49,94
0,50,95
0,51,91
0,52,85
0,53,97
0,54,93
0,55,91
0,56,91
0,57,93
0,58,89
0,59,87
0,60,91
0,61,90
0,62,87
0,63,90
0,64,89
0,65,91
0,66,94
0,67,90
0,68,90
0,69,91
0,70,85
0,71,94
0,72,89
0,73,86
0,74,89
0,75,88
0,76,89
0,77,91
0,78,90
0,79,93
0,80,92
0,81,93
0,82,92
0,83,93
0,84,86
0,85,86
0,86,87
0,87,93
0,88,91
0,89,90
0,90,92
0,91,91
0,92,88
0,93,90
0,94,89
0,95,91
0,96,95
0,97,93
0,98,92
0,99,90
0,100,93
0,101,88
0,102,88
0,103,83
0,104,94
0,105,92
0,106,90
0,107,93
0,108,94
0,109,94
0,110,90
0,111,90
0,112,86
0,113,89
0,114,85
0,115,84
0,116,88
0,117,91
0,118,94
0,119,89
0,120,95
0,121,93
0,122,91
0,123,95
0,124,89
0,125,84
0,126,90
0,127,86
0,128,90
0,129,94
0,130,89
0,131,89
0,132,94
0,133,91
0,134,88
0,135,91
0,136,88
0,137,89
0,138,92
0,139,90
0,140,92
0,141,93
0,142,91
0,143,92
0,144,88
0,145,90
0,146,90
0,147,90
0,148,87
0,149,88
0,150,93
0,151,91
0,152,88
0,153,88
0,154,89
0,155,87
0,156,91
0,157,92
0,158,93
0,159,91
0,160,92
0,161,89
0,162,90
0,163,89
0,164,90
0,165,92
0,166,87
0,167,89
0,168,90
0,169,90
0,170,92
0,171,97
0,172,97
0,173,88
0,174,86
0,175,89
0,176,91
0,177,94
0,178,93
0,179,88
0,180,89
0,181,88
0,182,92
0,183,93
0,184,94
0,185,91
0,186,89
0,187,90
0,188,92
0,189,90
0,190,89
0,191,90
0,192,91
0,193,87
0,194,90
0,195,94
0,196,88
0,197,89
0,198,91
0,199,90
0,200,84
0,201,95
0,202,93
0,203,89
0,204,87
0,205,88
0,206,94
0,207,90
0,208,90
0,209,93
0,210,95
0,211,86
0,212,93
0,213,95
0,214,85
0,215,92
0,216,91
0,217,91
0,218,88
0,219,84
0,220,88
0,221,86
0,222,88
0,223,92
0,224,91
0,225,93
0,226,88
0,227,91
0,228,89
0,229,87
0,230,91
0,231,88
0,232,92
0,233,93
0,234,91
0,235,86
0,236,88
0,237,92
0,238,92
0,239,87
0,240,93
0,241,89
0,242,85
0,243,90
0,244,89
0,245,91
0,246,87
0,247,91
0,248,93
0,249,91
0,250,91
0,251,91
0,252,91
0,253,84
0,254,94
0,255,86
0,256,87
0,257,95
0,258,94
0,259,96
0,260,91
0,261,90
0,262,89
0,263,93
0,264,94
0,265,88
0,266,93
0,267,95
0,268,91
0,269,88
0,270,89
0,271,90
0,272,94
0,273,91
0,274,94
0,275,87
0,276,86
0,277,92
0,278,95
0,279,87
0,280,93
0,281,93
0,282,92
0,283,89
0,284,89
0,285,90
0,286,90
0,287,91
0,288,86
0,289,91
0,290,92
0,291,89
0,292,91
0,293,91
0,294,88
0,295,89
0,296,87
0,297,93
0,298,95
0,299,91
0,300,89
0,301,92
0,302,90
0,303,93
0,304,92
0,305,91
0,306,93
0,307,92
0,308,91
0,309,92
0,310,89
0,311,94
0,312,93
0,313,89
0,314,90
0,315,92
0,316,90
0,317,93
0,318,92
0,319,90
0,320,91
0,321,93
0,322,88
0,323,92
0,324,85
0,325,89
0,326,90
0,327,94
0,328,94
0,329,88
0,330,90
0,331,87
0,332,94
0,333,88
0,334,90
0,335,91
0,336,91
0,337,92
0,338,94
0,339,94
0,340,93
0,341,89
0,342,89
0,343,91
0,344,89
0,345,92
0,346,92
0,347,89
0,348,91
0,349,92
0,350,87
0,351,85
0,352,90
0,353,97
0,354,91
0,355,90
0,356,87
0,357,87
0,358,88
0,359,89
0,360,96
0,361,90
0,362,90
0,363,86
0,364,91
0,365,95
0,366,97
0,367,87
0,368,94
0,369,88
0,370,88
0,371,89
0,372,91
0,373,91
0,374,90
0,375,91
0,376,89
0,377,92
0,378,93
0,379,90
0,380,93
0,381,88
0,382,94
0,383,92
0,384,88
0,385,90
0,386,83
0,387,92
0,388,87
0,389,89
0,390,93
0,391,96
0,392,95
0,393,88
0,394,94
0,395,93
0,396,92
0,397,92
0,398,92
0,399,91
0,400,87
0,401,91
0,402,93
0,403,89
0,404,93
0,405,90
0,406,96
0,407,91
0,408,91
0,409,87
0,410,92
0,411,95
0,412,88
0,413,93
0,414,90
0,415,90
0,416,91
0,417,94
0,418,92
0,419,89
0,420,89
0,421,92
0,422,88
0,423,87
0,424,93
0,425,94
0,426,88
0,427,95
0,428,89
0,429,95
0,430,94
0,431,92
0,432,92
0,433,87
0,434,96
0,435,90
0,436,94
0,437,92
0,438,90
0,439,93
0,440,88
0,441,93
0,442,89
0,443,89
0,444,92
0,445,86
0,446,92
0,447,92
0,448,93
0,449,89
0,450,89
0,451,89
0,452,89
0,453,86
0,454,91
0,455,93
0,456,91
0,457,93
0,458,94
0,459,91
0,460,82
0,461,86
0,462,88
0,463,91
0,464,90
0,465,89
0,466,86
0,467,92
0,468,90
0,469,90
0,470,93
0,471,92
0,472,90
0,473,93
0,474,92
0,475,94
0,476,95
0,477,92
0,478,93
0,479,94
0,480,91
0,481,89
0,482,90
0,483,94
0,484,94
0,485,90
0,486,87
0,487,87
0,488,94
0,489,89
0,490,88
0,491,86
0,492,93
0,493,93
0,494,94
0,495,87
0,496,89
0,497,88
0,498,92
0,499,89
0,500,90
0,501,92
0,502,93
0,503,90
0,504,92
0,505,89
0,506,91
0,507,92
0,508,90
0,509,96
0,510,87
0,511,88
0,512,89
0,513,91
0,514,89
0,515,89
0,516,92
0,517,90
0,518,91
0,519,86
0,520,90
0,521,93
0,522,92
0,523,89
0,524,87
0,525,88
0,526,89
0,527,92
0,528,93
0,529,92
0,530,92
0,531,90
0,532,92
0,533,90
0,534,89
0,535,88
0,536,87
0,537,86
0,538,93
0,539,90
0,540,89
0,541,90
0,542,94
0,543,93
0,544,90
0,545,90
0,546,87
0,547,90
0,548,92
0,549,86
0,550,92
0,551,92
0,552,92
0,553,93
0,554,88
0,555,87
0,556,93
0,557,84
0,558,91
0,559,91
0,560,95
0,561,93
0,562,89
0,563,91
0,564,95
0,565,94
0,566,92
0,567,91
0,568,96
0,569,92
0,570,89
0,571,89
0,572,95
0,573,91
0,574,86
0,575,89
0,576,92
0,577,94
0,578,88
0,579,89
0,580,92
0,581,90
0,582,91
0,583,91
0,584,92
0,585,92
0,586,91
0,587,88
0,588,89
0,589,86
0,590,94
0,591,92
0,592,88
0,593,96
0,594,88
0,595,89
0,596,88
0,597,89
0,598,90
0,599,92
0,600,86
0,601,86
0,602,95
0,603,93
0,604,96
0,605,92
0,606,89
0,607,92
0,608,91
0,609,90
0,610,91
0,611,89
0,612,94
0,613,96
0,614,94
0,615,92
0,616,93
0,617,94
0,618,93
0,619,88
0,620,87
0,621,90
0,622,84
0,623,90
0,624,90
0,625,90
0,626,90
0,627,91
0,628,97
0,629,88
0,630,92
0,631,84
0,632,91
0,633,93
0,634,92
0,635,88
0,636,93
0,637,91
0,638,91
0,639,96
0,640,95
0,641,91
0,642,90
0,643,93
0,644,89
0,645,89
0,646,93
0,647,92
0,648,89
0,649,94
0,650,91
0,651,89
0,652,94
0,653,83
0,654,88
0,655,94
0,656,93
0,657,92
0,658,88
0,659,93
0,660,96
0,661,88
0,662,88
0,663,93
0,664,94
0,665,89
0,666,88
0,667,88
0,668,91
0,669,90
0,670,94
0,671,92
0,672,87
0,673,91
0,674,89
0,675,88
0,676,91
0,677,91
0,678,87
0,679,86
0,680,85
0,681,86
0,682,91
0,683,89
0,684,90
0,685,90
0,686,90
0,687,89
0,688,92
0,689,91
0,690,90
0,691,85
0,692,90
0,693,90
0,694,94
0,695,89
0,696,92
0,697,94
0,698,90
0,699,88
0,700,93
0,701,86
0,702,91
0,703,90
0,704,91
0,705,88
0,706,93
0,707,93
0,708,89
0,709,87
0,710,93
0,711,91
0,712,95
0,713,91
0,714,94
0,715,93
0,716,90
0,717,94
0,718,85
0,719,86
0,720,89
0,721,91
0,722,91
0,723,89
0,724,93
0,725,93
0,726,91
0,727,92
0,728,93
0,729,93
0,730,93
0,731,91
0,732,89
0,733,96
0,734,90
0,735,96
0,736,93
0,737,92
0,738,87
0,739,90
0,740,89
0,741,92
0,742,92
0,743,90
0,744,89
0,745,91
0,746,92
0,747,89
0,748,93
0,749,92
0,750,89
0,751,92
0,752,86
0,753,94
0,754,91
0,755,93
0,756,86
0,757,88
0,758,91
0,759,92
0,760,85
0,761,95
0,762,92
0,763,87
0,764,92
0,765,95
0,766,95
0,767,89
0,768,92
0,769,94
0,770,93
0,771,87
0,772,89
0,773,90
0,774,90
0,775,91
0,776,93
0,777,93
0,778,93
0,779,91
0,780,95
0,781,93
0,782,82
0,783,89
0,784,88
0,785,96
0,786,90
0,787,88
0,788,90
0,789,91
0,790,94
0,791,90
0,792,93
0,793,92
0,794,89
0,795,90
0,796,86
0,797,91
0,798,89
0,799,93
0,800,94
0,801,93
0,802,95
0,803,90
0,804,93
0,805,92
0,806,88
0,807,87
0,808,90
0,809,93
0,810,91
0,811,92
0,812,91
0,813,91
0,814,94
0,815,90
0,816,92
0,817,91
0,818,96
0,819,94
0,820,91
0,821,86
0,822,89
0,823,90
0,824,88
0,825,93
0,826,92
0,827,91
0,828,88
0,829,93
0,830,94
0,831,92
0,832,86
0,833,85
0,834,93
0,835,89
0,836,89
0,837,92
0,838,90
0,839,90
0,840,91
0,841,89
0,842,96
0,843,87
0,844,97
0,845,89
0,846,89
0,847,88
0,848,92
0,849,96
0,850,94
0,851,87
0,852,87
0,853,85
0,854,87
0,855,91
0,856,88
0,857,93
0,858,91
0,859,91
0,860,87
0,861,88
0,862,89
0,863,84
0,864,90
0,865,89
0,866,91
0,867,91
0,868,91
0,869,88
0,870,89
0,871,89
0,872,97
0,873,91
0,874,88
0,875,91
0,876,85
0,877,92
0,878,90
0,879,89
0,880,84
0,881,89
0,882,89
0,883,83
0,884,88
0,885,94
0,886,92
0,887,91
0,888,90
0,889,89
0,890,92
0,891,92
0,892,87
0,893,93
0,894,89
0,895,88
0,896,91
0,897,92
0,898,85
0,899,90
0,900,86
0,901,90
0,902,89
0,903,89
0,904,89
0,905,95
0,906,90
0,907,83
0,908,90
0,909,93
0,910,93
0,911,92
0,912,92
0,913,93
0,914,93
0,915,94
0,916,92
0,917,88
0,918,92
0,919,92
0,920,89
0,921,87
0,922,89
0,923,94
0,924,91
0,925,83
0,926,88
0,927,90
0,928,89
0,929,84
0,930,90
0,931,92
0,932,85
0,933,90
0,934,89
0,935,89
0,936,94
0,937,89
0,938,94
0,939,94
0,940,91
0,941,93
0,942,87
0,943,92
0,944,90
0,945,91
0,946,93
0,947,91
0,948,95
0,949,86
0,950,92
0,951,92
0,952,86
0,953,90
0,954,88
0,955,89
0,956,87
0,957,90
0,958,96
0,959,90
0,960,89
0,961,89
0,962,86
0,963,93
0,964,89
0,965,87
0,966,88
0,967,91
0,968,91
0,969,91
0,970,91
0,971,89
0,972,88
0,973,89
0,974,91
0,975,89
0,976,87
0,977,92
0,978,91
0,979,91
0,980,90
0,981,92
0,982,92
0,983,93
0,984,91
0,985,91
0,986,87
0,987,92
0,988,94
0,989,89
0,990,90
0,991,95
0,992,91
0,993,94
0,994,93
0,995,89
0,996,90
0,997,90
0,998,88
0,999,90
0,1000,90
0,1001,94
0,1002,92
0,1003,86
0,1004,89
0,1005,92
0,1006,95
0,1007,90
0,1008,96
0,1009,88
0,1010,93
0,1011,91
0,1012,91
0,1013,92
0,1014,90
0,1015,91
0,1016,90
0,1017,90
0,1018,93
0,1019,93
0,1020,93
0,1021,88
0,1022,90
0,1023,87
0,1024,89
0,1025,93
0,1026,89
0,1027,91
0,1028,90
0,1029,87
0,1030,94
0,1031,93
0,1032,89
0,1033,94
0,1034,91
0,1035,92
0,1036,92
0,1037,96
0,1038,88
0,1039,89
0,1040,89
0,1041,92
0,1042,90
0,1043,85
0,1044,92
0,1045,93
0,1046,89
0,1047,89
0,1048,90
0,1049,85
0,1050,87
0,1051,92
0,1052,87
0,1053,86
0,1054,88
0,1055,93
0,1056,89
0,1057,86
0,1058,95
0,1059,91
0,1060,90
0,1061,91
0,1062,94
0,1063,95
0,1064,94
0,1065,90
0,1066,90
0,1067,90
0,1068,85
0,1069,91
0,1070,92
0,1071,91
0,1072,92
0,1073,92
0,1074,90
0,1075,92
0,1076,89
0,1077,94
0,1078,88
0,1079,94
0,1080,83
0,1081,94
0,1082,89
0,1083,92
0,1084,89
0,1085,89
0,1086,92
0,1087,91
0,1088,91
0,1089,92
0,1090,91
0,1091,91
0,1092,89
0,1093,91
0,1094,96
0,1095,87
0,1096,89
0,1097,87
0,1098,90
0,1099,91
0,1100,86
0,1101,89
0,1102,88
0,1103,87
0,1104,94
0,1105,87
0,1106,90
0,1107,93
0,1108,87
0,1109,95
0,1110,88
0,1111,92
0,1112,90
0,1113,87
0,1114,89
0,1115,89
0,1116,93
0,1117,90
0,1118,91
0,1119,92
0,1120,90
0,1121,94
0,1122,87
0,1123,86
0,1124,85
0,1125,87
0,1126,92
0,1127,90
0,1128,92
0,1129,91
0,1130,91
0,1131,98
0,1132,92
0,1133,93
0,1134,94
0,1135,95
0,1136,92
0,1137,94
0,1138,90
0,1139,89
0,1140,93
0,1141,87
0,1142,94
0,1143,89
0,1144,88
0,1145,94
0,1146,92
0,1147,89
0,1148,85
0,1149,89
0,1150,94
0,1151,90
0,1152,91
0,1153,92
0,1154,91
0,1155,91
0,1156,91
0,1157,92
0,1158,92
0,1159,91
0,1160,92
0,1161,92
0,1162,92
0,1163,90
0,1164,85
0,1165,94
0,1166,94
0,1167,92
0,1168,88
0,1169,93
0,1170,92
0,1171,85
0,1172,90
0,1173,93
0,1174,93
0,1175,91
0,1176,87
0,1177,89
0,1178,89
0,1179,89
0,1180,92
0,1181,92
0,1182,91
0,1183,82
0,1184,91
0,1185,89
0,1186,87
0,1187,89
0,1188,90
0,1189,93
0,1190,93
0,1191,96
0,1192,91
0,1193,92
0,1194,95
0,1195,88
0,1196,91
0,1197,90
0,1198,88
0,1199,89
0,1200,91
0,1201,92
0,1202,93
0,1203,91
0,1204,92
0,1205,95
0,1206,89
0,1207,86
0,1208,96
0,1209,95
0,1210,93
0,1211,91
0,1212,93
0,1213,93
0,1214,90
0,1215,89
0,1216,90
0,1217,93
0,1218,86
0,1219,91
0,1220,91
0,1221,92
0,1222,90
0,1223,91
0,1224,96
0,1225,88
0,1226,94
0,1227,91
0,1228,92
0,1229,92
0,1230,86
0,1231,89
0,1232,85
0,1233,94
0,1234,91
0,1235,89
0,1236,91
0,1237,90
0,1238,96
0,1239,88
0,1240,86
0,1241,89
0,1242,88
0,1243,91
0,1244,87
0,1245,89
0,1246,92
0,1247,94
0,1248,87
0,1249,92
0,1250,90
0,1251,92
0,1252,94
0,1253,90
0,1254,89
0,1255,84
0,1256,90
0,1257,94
0,1258,86
0,1259,87
0,1260,91
0,1261,91
0,1262,90
0,1263,90
0,1264,88
0,1265,92
0,1266,92
0,1267,86
0,1268,91
0,1269,89
0,1270,88
0,1271,89
0,1272,94
0,1273,89
0,1274,90
0,1275,93
0,1276,91
0,1277,90
0,1278,92
0,1279,88
0,1280,84
0,1281,92
0,1282,89
0,1283,93
0,1284,91
0,1285,91
0,1286,88
0,1287,91
0,1288,90
0,1289,90
0,1290,93
0,1291,92
0,1292,85
0,1293,89
0,1294,91
0,1295,96
0,1296,93
0,1297,93
0,1298,96
0,1299,84
0,1300,90
0,1301,89
0,1302,96
0,1303,94
0,1304,91
0,1305,91
0,1306,92
0,1307,93
0,1308,95
0,1309,89
0,1310,93
0,1311,90
0,1312,93
0,1313,93
0,1314,91
0,1315,88
0,1316,91
0,1317,93
0,1318,84
0,1319,90
0,1320,89
0,1321,93
0,1322,95
0,1323,92
0,1324,91
0,1325,90
0,1326,89
0,1327,93
0,1328,88
0,1329,87
0,1330,93
0,1331,92
0,1332,90
0,1333,94
0,1334,89
0,1335,91
0,1336,92
0,1337,89
0,1338,95
0,1339,94
0,1340,92
0,1341,90
0,1342,89
0,1343,90
0,1344,92
0,1345,94
0,1346,95
0,1347,91
0,1348,92
0,1349,94
0,1350,90
0,1351,91
0,1352,92
0,1353,94
0,1354,93
0,1355,89
0,1356,88
0,1357,87
0,1358,93
0,1359,88
0,1360,85
0,1361,92
0,1362,87
0,1363,95
0,1364,88
0,1365,93
0,1366,84
0,1367,91
0,1368,86
0,1369,90
0,1370,86
0,1371,84
0,1372,91
0,1373,88
0,1374,96
0,1375,88
0,1376,92
0,1377,94
0,1378,91
0,1379,89
0,1380,87
0,1381,88
0,1382,89
0,1383,85
0,1384,91
0,1385,86
0,1386,92
0,1387,90
0,1388,90
0,1389,91
0,1390,89
0,1391,91
0,1392,93
0,1393,92
0,1394,92
0,1395,93
0,1396,91
0,1397,91
0,1398,91
0,1399,94
0,1400,94
0,1401,92
0,1402,89
0,1403,96
0,1404,88
0,1405,89
0,1406,93
0,1407,92
0,1408,95
0,1409,88
0,1410,90
0,1411,92
0,1412,91
0,1413,93
0,1414,96
0,1415,97
0,1416,88
0,1417,90
0,1418,95
0,1419,90
0,1420,91
0,1421,93
0,1422,92
0,1423,86
0,1424,92
0,1425,90
0,1426,93
0,1427,91
0,1428,85
0,1429,95
0,1430,91
0,1431,93
0,1432,93
0,1433,93
0,1434,92
0,1435,91
0,1436,88
0,1437,91
0,1438,91
0,1439,91
0,1440,88
0,1441,91
0,1442,93
0,1443,93
0,1444,89
0,1445,94
0,1446,92
0,1447,94
0,1448,93
0,1449,91
0,1450,87
0,1451,88
0,1452,93
0,1453,89
0,1454,88
0,1455,94
0,1456,89
0,1457,88
0,1458,94
0,1459,94
0,1460,88
0,1461,91
0,1462,90
0,1463,95
0,1464,92
0,1465,89
0,1466,89
0,1467,90
0,1468,89
0,1469,89
0,1470,89
0,1471,95
0,1472,93
0,1473,90
0,1474,92
0,1475,87
0,1476,92
0,1477,86
0,1478,86
0,1479,91
0,1480,89
0,1481,92
0,1482,90
0,1483,88
0,1484,95
0,1485,91
0,1486,90
0,1487,86
0,1488,92
0,1489,90
0,1490,94
0,1491,90
0,1492,93
0,1493,96
0,1494,93
0,1495,91
0,1496,90
0,1497,92
0,1498,93
0,1499,92
0,1500,93
0,1501,91
0,1502,90
0,1503,90
0,1504,88
0,1505,89
0,1506,93
0,1507,94
0,1508,95
0,1509,87
0,1510,95
0,1511,93
0,1512,88
0,1513,84
0,1514,85
0,1515,87
0,1516,85
0,1517,94
0,1518,90
0,1519,94
0,1520,84
0,1521,92
0,1522,92
0,1523,89
0,1524,91
0,1525,94
0,1526,88
0,1527,91
0,1528,93
0,1529,86
0,1530,87
0,1531,91
0,1532,95
0,1533,88
0,1534,90
0,1535,87
0,1536,94
0,1537,88
0,1538,86
0,1539,95
0,1540,89
0,1541,89
0,1542,89
0,1543,92
0,1544,91
0,1545,92
0,1546,86
0,1547,88
0,1548,95
0,1549,88
0,1550,90
0,1551,91
0,1552,93
0,1553,90
0,1554,92
0,1555,88
0,1556,90
0,1557,93
0,1558,95
0,1559,86
0,1560,90
0,1561,91
0,1562,87
0,1563,92
0,1564,88
0,1565,91
0,1566,90
0,1567,86
0,1568,91
0,1569,89
0,1570,91
0,1571,90
0,1572,91
0,1573,88
0,1574,91
0,1575,91
0,1576,88
0,1577,89
0,1578,87
0,1579,92
0,1580,88
0,1581,92
0,1582,91
0,1583,89
0,1584,92
0,1585,91
0,1586,95
0,1587,84
0,1588,83
0,1589,95
0,1590,92
0,1591,90
0,1592,90
0,1593,89
0,1594,88
0,1595,88
0,1596,88
0,1597,92
0,1598,88
0,1599,91
0,1600,91
0,1601,87
0,1602,92
0,1603,92
0,1604,87
0,1605,94
0,1606,92
0,1607,91
0,1608,90
0,1609,93
0,1610,89
0,1611,96
0,1612,92
0,1613,96
0,1614,91
0,1615,85
0,1616,94
0,1617,84
0,1618,90
0,1619,92
0,1620,90
0,1621,91
0,1622,91
0,1623,91
0,1624,92
0,1625,91
0,1626,89
0,1627,93
0,1628,88
0,1629,91
0,1630,91
0,1631,92
0,1632,93
0,1633,90
0,1634,92
0,1635,95
0,1636,93
0,1637,94
0,1638,92
0,1639,88
0,1640,88
0,1641,93
0,1642,97
0,1643,86
0,1644,94
0,1645,92
0,1646,94
0,1647,89
0,1648,91
0,1649,89
0,1650,88
0,1651,86
0,1652,94
0,1653,90
0,1654,91
0,1655,88
0,1656,89
0,1657,92
0,1658,87
0,1659,91
0,1660,92
0,1661,91
0,1662,92
0,1663,91
0,1664,91
0,1665,92
0,1666,92
0,1667,94
0,1668,89
0,1669,93
0,1670,95
0,1671,93
0,1672,91
0,1673,90
0,1674,91
0,1675,90
0,1676,89
0,1677,91
0,1678,87
0,1679,88
0,1680,93
0,1681,91
0,1682,91
0,1683,84
0,1684,93
0,1685,89
0,1686,91
0,1687,88
0,1688,93
0,1689,96
0,1690,92
0,1691,93
0,1692,90
0,1693,91
0,1694,88
0,1695,95
0,1696,92
0,1697,86
0,1698,88
0,1699,93
0,1700,94
0,1701,89
0,1702,91
0,1703,95
0,1704,89
0,1705,86
0,1706,90
0,1707,88
0,1708,91
0,1709,89
0,1710,92
0,1711,93
0,1712,93
0,1713,91
0,1714,84
0,1715,88
0,1716,88
0,1717,88
0,1718,90
0,1719,89
0,1720,91
0,1721,88
0,1722,92
0,1723,90
0,1724,88
0,1725,85
0,1726,90
0,1727,89
0,1728,90
0,1729,91
0,1730,92
0,1731,87
0,1732,92
0,1733,88
0,1734,89
0,1735,92
0,1736,91
0,1737,91
0,1738,91
0,1739,91
0,1740,91
0,1741,90
0,1742,91
0,1743,93
0,1744,89
0,1745,90
0,1746,89
0,1747,91
0,1748,90
0,1749,96
0,1750,88
0,1751,88
0,1752,93
0,1753,94
0,1754,87
0,1755,85
0,1756,88
0,1757,95
0,1758,86
0,1759,91
0,1760,90
0,1761,89
0,1762,95
0,1763,93
0,1764,90
0,1765,89
0,1766,90
0,1767,91
0,1768,87
0,1769,91
0,1770,92
0,1771,89
0,1772,93
0,1773,87
0,1774,90
0,1775,94
0,1776,92
0,1777,93
0,1778,95
0,1779,89
0,1780,93
0,1781,90
0,1782,91
0,1783,87
0,1784,89
0,1785,94
0,1786,89
0,1787,90
0,1788,86
0,1789,94
0,1790,92
0,1791,86
0,1792,92
0,1793,93
0,1794,93
0,1795,84
0,1796,90
0,1797,89
0,1798,87
0,1799,91
0,1800,92
0,1801,91
0,1802,93
0,1803,93
0,1804,91
0,1805,94
0,1806,92
0,1807,90
0,1808,93
0,1809,90
0,1810,89
0,1811,89
0,1812,90
0,1813,90
0,1814,92
0,1815,91
0,1816,94
0,1817,88
0,1818,92
0,1819,91
0,1820,91
0,1821,90
0,1822,89
0,1823,85
0,1824,92
0,1825,92
0,1826,89
0,1827,87
0,1828,87
0,1829,89
0,1830,96
0,1831,93
0,1832,89
0,1833,88
0,1834,94
0,1835,89
0,1836,90
0,1837,95
0,1838,92
0,1839,88
0,1840,90
0,1841,89
1,0,91
1,1,93
1,2,89
1,3,90
1,4,91
1,5,88
1,6,88
1,7,92
1,8,88
1,9,88
1,10,92
1,11,93
1,12,85
1,13,90
1,14,89
1,15,93
1,16,92
1,17,94
1,18,94
1,19,93
1,20,91
1,21,90
1,22,90
1,23,92
1,24,95
1,25,88
1,26,90
1,27,93
1,28,90
1,29,87
1,30,91
1,31,93
1,32,92
1,33,91
1,34,92
1,35,88
1,36,93
1,37,97
1,38,85
1,39,91
1,40,88
1,41,86
1,42,90
1,43,88
1,44,95
1,45,91
1,46,90
1,47,89
1,48,88
1,49,91
1,50,92
1,51,94
1,52,93
1,53,94
1,54,92
1,55,92
1,56,94
1,57,93
1,58,92
1,59,90
1,60,87
1,61,91
1,62,92
1,63,90
1,64,84
1,65,89
1,66,90
1,67,93
1,68,92
1,69,84
1,70,90
1,71,90
1,72,97
1,73,91
1,74,91
1,75,91
1,76,89
1,77,94
1,78,90
1,79,92
1,80,92
1,81,92
1,82,95
1,83,84
1,84,87
1,85,93
1,86,95
1,87,88
1,88,95
1,89,92
1,90,89
1,91,90
1,92,92
1,93,88
1,94,94
1,95,88
1,96,90
1,97,93
1,98,89
1,99,91
1,100,89
1,101,91
1,102,92
1,103,93
1,104,91
1,105,90
1,106,89
1,107,88
1,108,88
1,109,92
1,110,90
1,111,96
1,112,91
1,113,87
1,114,88
1,115,92
1,116,86
1,117,90
1,118,90
1,119,96
1,120,95
1,121,95
1,122,85
1,123,93
1,124,92
1,125,94
1,126,92
1,127,91
1,128,93
1,129,94
1,130,93
1,131,93
1,132,91
1,133,89
1,134,93
1,135,91
1,136,95
1,137,89
1,138,89
1,139,94
1,140,89
1,141,88
1,142,92
1,143,91
1,144,86
1,145,94
1,146,95
1,147,87
1,148,90
1,149,92
1,150,90
1,151,87
1,152,91
1,153,94
1,154,88
1,155,89
1,156,92
1,157,90
1,158,93
1,159,92
1,160,94
1,161,92
1,162,93
1,163,91
1,164,96
1,165,94
1,166,92
1,167,96
1,168,95
1,169,89
1,170,91
1,171,92
1,172,89
1,173,94
1,174,92
1,175,91
1,176,86
1,177,87
1,178,93
1,179,84
1,180,89
1,181,90
1,182,93
1,183,92
1,184,89
1,185,92
1,186,94
1,187,90
1,188,92
1,189,92
1,190,93
1,191,89
1,192,91
1,193,90
1,194,90
1,195,88
1,196,94
1,197,88
1,198,93
1,199,86
1,200,94
1,201,91
1,202,88
1,203,92
1,204,95
1,205,86
1,206,91
1,207,90
1,208,94
1,209,88
1,210,87
1,211,92
1,212,90
1,213,94
1,214,89
1,215,88
1,216,92
1,217,91
1,218,92
1,219,92
1,220,92
1,221,88
1,222,86
1,223,93
1,224,87
1,225,90
1,226,90
1,227,91
1,228,91
1,229,87
1,230,92
1,231,91
1,232,93
1,233,92
1,234,91
1,235,94
1,236,86
1,237,93
1,238,88
1,239,85
1,240,90
1,241,89
1,242,87
1,243,88
1,244,86
1,245,89
1,246,89
1,247,88
1,248,93
1,249,88
1,250,91
1,251,92
1,252,92
1,253,90
1,254,90
1,255,93
1,256,89
1,257,89
1,258,98
1,259,92
1,260,94
1,261,90
1,262,89
1,263,87
1,264,90
1,265,89
1,266,92
1,267,90
1,268,91
1,269,93
1,270,90
1,271,90
1,272,95
1,273,90
1,274,89
1,275,93
1,276,91
1,277,87
1,278,96
1,279,90
1,280,95
1,281,92
1,282,87
1,283,88
1,284,89
1,285,88
1,286,88
1,287,95
1,288,93
1,289,90
1,290,90
1,291,88
1,292,95
1,293,95
1,294,89
1,295,93
1,296,92
1,297,94
1,298,90
1,299,90
1,300,88
1,301,96
1,302,87
1,303,88
1,304,94
1,305,90
1,306,90
1,307,93
1,308,91
1,309,89
1,310,86
1,311,92
1,312,88
1,313,88
1,314,91
1,315,90
1,316,89
1,317,91
1,318,97
1,319,90
1,320,91
1,321,88
1,322,87
1,323,84
1,324,88
1,325,93
1,326,94
1,327,88
1,328,89
1,329,91
1,330,87
1,331,90
1,332,95
1,333,92
1,334,91
1,335,96
1,336,88
1,337,86
1,338,89
1,339,91
1,340,90
1,341,89
1,342,95
1,343,91
1,344,94
1,345,92
1,346,92
1,347,90
1,348,91
1,349,90
1,350,85
1,351,91
1,352,89
1,353,91
1,354,95
1,355,88
1,356,91
1,357,87
1,358,91
1,359,93
1,360,93
1,361,90
1,362,85
1,363,94
1,364,84
1,365,89
1,366,91
1,367,89
1,368,95
1,369,91
1,370,86
1,371,95
1,372,93
1,373,94
1,374,92
1,375,91
1,376,92
1,377,86
1,378,90
1,379,83
1,380,87
1,381,92
1,382,90
1,383,90
1,384,91
1,385,90
1,386,88
1,387,83
1,388,95
1,389,89
1,390,90
1,391,91
1,392,91
1,393,87
1,394,89
1,395,88
1,396,94
1,397,87
1,398,87
1,399,89
1,400,95
1,401,90
1,402,91
1,403,89
1,404,89
1,405,85
1,406,93
1,407,88
1,408,88
1,409,94
1,410,90
1,411,86
1,412,89
1,413,90
1,414,93
1,415,89
1,416,92
1,417,92
1,418,90
1,419,90
1,420,95
1,421,91
1,422,91
1,423,93
1,424,90
1,425,91
1,426,90
1,427,94
1,428,89
1,429,87
1,430,89
1,431,95
1,432,93
1,433,93
1,434,93
1,435,96
1,436,90
1,437,93
1,438,88
1,439,87
1,440,89
1,441,91
1,442,83
1,443,92
1,444,90
1,445,88
1,446,92
1,447,90
1,448,90
1,449,87
1,450,91
1,451,87
1,452,89
1,453,91
1,454,91
1,455,90
1,456,90
1,457,88
1,458,93
1,459,93
1,460,91
1,461,93
1,462,91
1,463,95
1,464,93
1,465,91
1,466,92
1,467,87
1,468,89
1,469,89
1,470,91
1,471,92
1,472,87
1,473,90
1,474,86
1,475,90
1,476,91
1,477,93
1,478,88
1,479,92
1,480,86
1,481,90
1,482,93
1,483,90
1,484,91
1,485,92
1,486,90
1,487,92
1,488,93
1,489,93
1,490,89
1,491,88
1,492,92
1,493,92
1,494,90
1,495,93
1,496,88
1,497,91
1,498,90
1,499,91
1,500,90
1,501,93
1,502,90
1,503,94
1,504,94
1,505,93
1,506,85
1,507,91
1,508,95
1,509,88
1,510,88
1,511,89
1,512,86
1,513,83
1,514,90
1,515,91
1,516,89
1,517,86
1,518,93
1,519,91
1,520,88
1,521,89
1,522,92
1,523,90
1,524,90
1,525,94
1,526,84
1,527,93
1,528,87
1,529,96
1,530,91
1,531,92
1,532,88
1,533,95
1,534,96
1,535,91
1,536,88
1,537,89
1,538,90
1,539,87
1,540,93
1,541,89
1,542,89
1,543,90
1,544,97
1,545,94
1,546,91
1,547,91
1,548,86
1,549,95
1,550,91
1,551,96
1,552,92
1,553,92
1,554,90
1,555,90
1,556,90
1,557,90
1,558,91
1,559,88
1,560,93
1,561,94
1,562,89
1,563,85
1,564,91
1,565,92
1,566,92
1,567,92
1,568,89
1,569,91
1,570,92
1,571,91
1,572,93
1,573,92
1,574,87
1,575,92
1,576,95
1,577,90
1,578,90
1,579,89
1,580,88
1,581,93
1,582,91
1,583,94
1,584,92
1,585,92
1,586,93
1,587,84
1,588,87
1,589,91
1,590,95
1,591,92
1,592,89
1,593,91
1,594,88
1,595,91
1,596,92
1,597,97
1,598,89
1,599,90
1,600,92
1,601,92
1,602,83
1,603,92
1,604,90
1,605,92
1,606,91
1,607,92
1,608,92
1,609,86
1,610,91
1,611,91
1,612,91
1,613,92
1,614,91
1,615,88
1,616,94
1,617,90
1,618,89
1,619,93
1,620,87
1,621,91
1,622,90
1,623,86
1,624,91
1,625,94
1,626,89
1,627,88
1,628,92
1,629,95
1,630,87
1,631,93
1,632,89
1,633,88
1,634,91
1,635,83
1,636,91
1,637,91
1,638,89
1,639,85
1,640,91
1,641,89
1,642,90
1,643,93
1,644,89
1,645,94
1,646,90
1,647,92
1,648,89
1,649,89
1,650,89
1,651,92
1,652,94
1,653,87
1,654,96
1,655,91
1,656,89
1,657,89
1,658,89
1,659,90
1,660,88
1,661,90
1,662,86
1,663,88
1,664,94
1,665,86
1,666,94
1,667,84
1,668,90
1,669,89
1,670,93
1,671,90
1,672,93
1,673,91
1,674,98
1,675,89
1,676,89
1,677,93
1,678,88
1,679,90
1,680,92
1,681,91
1,682,92
1,683,94
1,684,88
1,685,91
1,686,92
1,687,90
1,688,91
1,689,91
1,690,88
1,691,95
1,692,92
1,693,91
1,694,93
1,695,88
1,696,94
1,697,89
1,698,93
1,699,89
1,700,93
1,701,89
1,702,93
1,703,93
1,704,91
1,705,90
1,706,88
1,707,93
1,708,91
1,709,91
1,710,87
1,711,88
1,712,92
1,713,88
1,714,87
1,715,91
1,716,91
1,717,88
1,718,94
1,719,87
1,720,94
1,721,94
1,722,94
1,723,89
1,724,92
1,725,96
1,726,90
1,727,93
1,728,94
1,729,89
1,730,94
1,731,93
1,732,87
1,733,91
1,734,91
1,735,91
1,736,90
1,737,90
1,738,91
1,739,88
1,740,87
1,741,88
1,742,87
1,743,91
1,744,90
1,745,86
1,746,91
1,747,91
1,748,91
1,749,93
1,750,95
1,751,90
1,752,96
1,753,90
1,754,89
1,755,90
1,756,93
1,757,91
1,758,92
1,759,82
1,760,91
1,761,90
1,762,89
1,763,90
1,764,95
1,765,90
1,766,88
1,767,95
1,768,88
1,769,83
1,770,95
1,771,91
1,772,89
1,773,91
1,774,94
1,775,91
1,776,89
1,777,92
1,778,93
1,779,91
1,780,94
1,781,92
1,782,91
1,783,90
1,784,88
1,785,93
1,786,94
1,787,93
1,788,90
1,789,90
1,790,92
1,791,95
1,792,90
1,793,95
1,794,91
1,795,91
1,796,88
1,797,91
1,798,91
1,799,91
1,800,92
1,801,90
1,802,93
1,803,86
1,804,90
1,805,90
1,806,88
1,807,91
1,808,88
1,809,87
1,810,88
1,811,89
1,812,95
1,813,90
1,814,94
1,815,90
1,816,91
1,817,90
1,818,92
1,819,90
1,820,93
1,821,88
1,822,90
1,823,93
1,824,89
1,825,96
1,826,91
1,827,93
1,828,87
1,829,93
1,830,89
1,831,87
1,832,93
1,833,94
1,834,92
1,835,89
1,836,91
1,837,87
1,838,89
1,839,92
1,840,91
1,841,88
1,842,87
1,843,88
1,844,95
1,845,95
1,846,96
1,847,88
1,848,93
1,849,92
1,850,87
1,851,86
1,852,92
1,853,93
1,854,93
1,855,90
1,856,90
1,857,94
1,858,90
1,859,86
1,860,89
1,861,94
1,862,90
1,863,89
1,864,94
1,865,94
1,866,87
1,867,87
1,868,94
1,869,90
1,870,92
1,871,90
1,872,92
1,873,90
1,874,90
1,875,89
1,876,85
1,877,92
1,878,92
1,879,90
1,880,89
1,881,86
1,882,85
1,883,91
1,884,90
1,885,92
1,886,94
1,887,84
1,888,89
1,889,93
1,890,89
1,891,93
1,892,88
1,893,91
1,894,93
1,895,90
1,896,93
1,897,87
1,898,91
1,899,90
1,900,89
1,901,87
1,902,95
1,903,88
1,904,90
1,905,94
1,906,95
1,907,91
1,908,87
1,909,92
1,910,93
1,911,91
1,912,87
1,913,92
1,914,91
1,915,93
1,916,92
1,917,93
1,918,90
1,919,92
1,920,93
1,921,89
1,922,90
1,923,90
1,924,91
1,925,92
1,926,91
1,927,91
1,928,93
1,929,86
1,930,93
1,931,95
1,932,90
1,933,92
1,934,89
1,935,95
1,936,91
1,937,94
1,938,91
1,939,93
1,940,94
1,941,96
1,942,92
1,943,92
1,944,93
1,945,88
1,946,97
1,947,91
1,948,94
1,949,93
1,950,89
1,951,86
1,952,95
1,953,89
1,954,88
1,955,89
1,956,87
1,957,90
1,958,90
1,959,84
1,960,92
1,961,91
1,962,96
1,963,94
1,964,93
1,965,92
1,966,90
1,967,90
1,968,82
1,969,88
1,970,95
1,971,87
1,972,93
1,973,91
1,974,91
1,975,94
1,976,88
1,977,91
1,978,94
1,979,90
1,980,93
1,981,92
1,982,90
1,983,90
1,984,89
1,985,96
1,986,88
1,987,89
1,988,92
1,989,94
1,990,91
1,991,92
1,992,87
1,993,94
1,994,90
1,995,90
1,996,91
1,997,90
1,998,89
1,999,91
1,1000,91
1,1001,92
1,1002,92
1,1003,91
1,1004,82
1,1005,94
1,1006,86
1,1007,93
1,1008,92
1,1009,93
1,1010,92
1,1011,96
1,1012,90
1,1013,91
1,1014,89
1,1015,92
1,1016,87
1,1017,93
1,1018,90
1,1019,93
1,1020,89
1,1021,90
1,1022,89
1,1023,88
1,1024,92
1,1025,91
1,1026,92
1,1027,87
1,1028,92
1,1029,91
1,1030,93
1,1031,89
1,1032,87
1,1033,94
1,1034,91
1,1035,87
1,1036,90
1,1037,94
1,1038,93
1,1039,90
1,1040,91
1,1041,86
1,1042,88
1,1043,94
1,1044,93
1,1045,95
1,1046,96
1,1047,90
1,1048,90
1,1049,91
1,1050,92
1,1051,91
1,1052,86
1,1053,92
1,1054,95
1,1055,93
1,1056,93
1,1057,91
1,1058,89
1,1059,91
1,1060,89
1,1061,87
1,1062,90
1,1063,88
1,1064,88
1,1065,90
1,1066,84
1,1067,91
1,1068,86
1,1069,90
1,1070,93
1,1071,90
1,1072,93
1,1073,90
1,1074,96
1,1075,93
1,1076,91
1,1077,92
1,1078,92
1,1079,90
1,1080,93
1,1081,90
1,1082,91
1,1083,90
1,1084,94
1,1085,88
1,1086,87
1,1087,93
1,1088,95
1,1089,91
1,1090,96
1,1091,90
1,1092,91
1,1093,90
1,1094,94
1,1095,92
1,1096,92
1,1097,91
1,1098,92
1,1099,91
1,1100,93
1,1101,88
1,1102,93
1,1103,92
1,1104,89
1,1105,89
1,1106,94
1,1107,94
1,1108,87
1,1109,96
1,1110,91
1,1111,92
1,1112,92
1,1113,91
1,1114,93
1,1115,91
1,1116,92
1,1117,84
1,1118,94
1,1119,94
1,1120,92
1,1121,85
1,1122,85
1,1123,91
1,1124,94
1,1125,95
1,1126,89
1,1127,93
1,1128,91
1,1129,88
1,1130,89
1,1131,92
1,1132,93
1,1133,90
1,1134,91
1,1135,94
1,1136,93
1,1137,90
1,1138,94
1,1139,91
1,1140,93
1,1141,86
1,1142,90
1,1143,89
1,1144,91
1,1145,90
1,1146,93
1,1147,93
1,1148,93
1,1149,92
1,1150,90
1,1151,94
1,1152,92
1,1153,90
1,1154,92
1,1155,93
1,1156,91
1,1157,90
1,1158,94
1,1159,90
1,1160,94
1,1161,90
1,1162,90
1,1163,91
1,1164,92
1,1165,85
1,1166,89
1,1167,89
1,1168,92
1,1169,91
1,1170,92
1,1171,92
1,1172,95
1,1173,92
1,1174,87
1,1175,91
1,1176,86
1,1177,93
1,1178,92
1,1179,93
1,1180,87
1,1181,92
1,1182,89
1,1183,87
1,1184,92
1,1185,87
1,1186,88
1,1187,92
1,1188,84
1,1189,91
1,1190,89
1,1191,92
1,1192,90
1,1193,92
1,1194,92
1,1195,94
1,1196,88
1,1197,92
1,1198,90
1,1199,95
1,1200,89
1,1201,92
1,1202,96
1,1203,92
1,1204,93
1,1205,88
1,1206,89
1,1207,89
1,1208,88
1,1209,83
1,1210,90
1,1211,92
1,1212,89
1,1213,92
1,1214,97
1,1215,93
1,1216,90
1,1217,92
1,1218,94
1,1219,86
1,1220,93
1,1221,90
1,1222,89
1,1223,93
1,1224,94
1,1225,90
1,1226,91
1,1227,87
1,1228,93
1,1229,95
1,1230,91
1,1231,92
1,1232,91
1,1233,93
1,1234,85
1,1235,86
1,1236,89
1,1237,96
1,1238,93
1,1239,89
1,1240,93
1,1241,90
1,1242,88
1,1243,89
1,1244,91
1,1245,90
1,1246,85
1,1247,91
1,1248,95
1,1249,92
1,1250,90
1,1251,92
1,1252,91
1,1253,83
1,1254,89
1,1255,91
1,1256,92
1,1257,91
1,1258,90
1,1259,91
1,1260,96
1,1261,93
1,1262,88
1,1263,92
1,1264,92
1,1265,93
1,1266,92
1,1267,92
1,1268,83
1,1269,89
1,1270,94
1,1271,94
1,1272,93
1,1273,91
1,1274,96
1,1275,91
1,1276,85
1,1277,86
1,1278,90
1,1279,86
1,1280,88
1,1281,94
1,1282,88
1,1283,88
1,1284,91
1,1285,88
1,1286,91
1,1287,86
1,1288,90
1,1289,85
1,1290,94
1,1291,89
1,1292,93
1,1293,92
1,1294,86
1,1295,95
1,1296,94
1,1297,91
1,1298,93
1,1299,89
1,1300,91
1,1301,89
1,1302,92
1,1303,91
1,1304,88
1,1305,90
1,1306,93
1,1307,94
1,1308,93
1,1309,91
1,1310,91
1,1311,92
1,1312,94
1,1313,89
1,1314,95
1,1315,93
1,1316,91
1,1317,92
1,1318,92
1,1319,85
1,1320,87
1,1321,89
1,1322,89
1,1323,92
1,1324,94
1,1325,92
1,1326,91
1,1327,86
1,1328,87
1,1329,92
1,1330,93
1,1331,89
1,1332,96
1,1333,93
1,1334,90
1,1335,89
1,1336,89
1,1337,87
1,1338,90
1,1339,91
1,1340,91
1,1341,92
1,1342,94
1,1343,93
1,1344,91
1,1345,87
1,1346,92
1,1347,94
1,1348,91
1,1349,92
1,1350,89
1,1351,88
1,1352,92
1,1353,90
1,1354,89
1,1355,93
1,1356,88
1,1357,89
1,1358,89
1,1359,92
1,1360,93
1,1361,88
1,1362,91
1,1363,86
1,1364,94
1,1365,92
1,1366,95
1,1367,92
1,1368,94
1,1369,90
1,1370,93
1,1371,89
1,1372,95
1,1373,91
1,1374,89
1,1375,95
1,1376,90
1,1377,91
1,1378,85
1,1379,93
1,1380,95
1,1381,90
1,1382,93
1,1383,87
1,1384,93
1,1385,90
1,1386,91
1,1387,89
1,1388,86
1,1389,93
1,1390,89
1,1391,87
1,1392,92
1,1393,91
1,1394,83
1,1395,94
1,1396,91
1,1397,90
1,1398,88
1,1399,91
1,1400,87
1,1401,89
1,1402,88
1,1403,88
1,1404,91
1,1405,91
1,1406,90
1,1407,96
1,1408,93
1,1409,89
1,1410,95
1,1411,86
1,1412,91
1,1413,90
1,1414,91
1,1415,90
1,1416,90
1,1417,92
1,1418,90
1,1419,90
1,1420,87
1,1421,93
1,1422,89
1,1423,93
1,1424,92
1,1425,94
1,1426,90
1,1427,88
1,1428,91
1,1429,93
1,1430,92
1,1431,87
1,1432,91
1,1433,93
1,1434,91
1,1435,94
1,1436,91
1,1437,89
1,1438,89
1,1439,91
1,1440,89
1,1441,90
1,1442,90
1,1443,88
1,1444,90
1,1445,93
1,1446,89
1,1447,88
1,1448,90
1,1449,91
1,1450,93
1,1451,89
1,1452,89
1,1453,85
1,1454,89
1,1455,89
1,1456,89
1,1457,90
1,1458,87
1,1459,88
1,1460,87
1,1461,88
1,1462,90
1,1463,87
1,1464,86
1,1465,89
1,1466,93
1,1467,93
1,1468,94
1,1469,94
1,1470,93
1,1471,91
1,1472,93
1,1473,92
1,1474,86
1,1475,94
1,1476,91
1,1477,88
1,1478,93
1,1479,93
1,1480,88
1,1481,88
1,1482,90
1,1483,87
1,1484,86
1,1485,93
1,1486,96
1,1487,95
1,1488,85
1,1489,91
1,1490,88
1,1491,90
1,1492,88
1,1493,90
1,1494,94
1,1495,84
1,1496,91
1,1497,91
1,1498,91
1,1499,96
1,1500,94
1,1501,92
1,1502,92
1,1503,90
1,1504,89
1,1505,88
1,1506,88
1,1507,91
1,1508,89
1,1509,90
1,1510,88
1,1511,91
1,1512,89
1,1513,91
1,1514,91
1,1515,92
1,1516,93
1,1517,93
1,1518,91
1,1519,92
1,1520,91
1,1521,90
1,1522,91
1,1523,92
1,1524,93
1,1525,90
1,1526,96
1,1527,89
1,1528,94
1,1529,92
1,1530,96
1,1531,89
1,1532,88
1,1533,92
1,1534,93
1,1535,91
1,1536,93
1,1537,96
1,1538,89
1,1539,91
1,1540,90
1,1541,88
1,1542,92
1,1543,93
1,1544,93
1,1545,92
1,1546,90
1,1547,90
1,1548,91
1,1549,90
1,1550,96
1,1551,94
1,1552,91
1,1553,88
1,1554,92
1,1555,93
1,1556,93
1,1557,95
1,1558,88
1,1559,90
1,1560,83
1,1561,84
1,1562,90
1,1563,91
1,1564,92
1,1565,88
1,1566,90
1,1567,87
1,1568,89
1,1569,89
1,1570,95
1,1571,91
1,1572,91
1,1573,91
1,1574,92
1,1575,93
1,1576,95
1,1577,87
1,1578,89
1,1579,91
1,1580,85
1,1581,91
1,1582,90
1,1583,91
1,1584,95
1,1585,91
1,1586,93
1,1587,93
1,1588,88
1,1589,90
1,1590,93
1,1591,90
1,1592,86
1,1593,85
1,1594,91
1,1595,92
1,1596,86
1,1597,89
1,1598,90
1,1599,96
1,1600,90
1,1601,91
1,1602,90
1,1603,91
1,1604,84
1,1605,93
1,1606,93
1,1607,89
1,1608,91
1,1609,87
1,1610,92
1,1611,93
1,1612,89
1,1613,87
1,1614,93
1,1615,93
1,1616,93
1,1617,90
1,1618,93
1,1619,86
1,1620,89
1,1621,96
1,1622,91
1,1623,86
1,1624,91
1,1625,96
1,1626,88
1,1627,92
1,1628,88
1,1629,90
1,1630,91
1,1631,90
1,1632,89
1,1633,89
1,1634,91
1,1635,90
1,1636,89
1,1637,93
1,1638,87
1,1639,92
1,1640,92
1,1641,90
1,1642,86
1,1643,90
1,1644,93
1,1645,93
1,1646,90
1,1647,92
1,1648,92
1,1649,93
1,1650,90
1,1651,91
1,1652,91
1,1653,93
1,1654,94
1,1655,91
1,1656,88
1,1657,89
1,1658,88
1,1659,89
1,1660,91
1,1661,89
1,1662,95
1,1663,88
1,1664,87
1,1665,90
1,1666,94
1,1667,96
1,1668,92
1,1669,90
1,1670,91
1,1671,88
1,1672,93
1,1673,90
1,1674,89
1,1675,94
1,1676,94
1,1677,88
1,1678,92
1,1679,88
1,1680,94
1,1681,90
1,1682,90
1,1683,94
1,1684,87
1,1685,89
1,1686,90
1,1687,97
1,1688,88
1,1689,91
1,1690,87
1,1691,90
1,1692,90
1,1693,89
1,1694,92
1,1695,90
1,1696,91
1,1697,86
1,1698,93
1,1699,92
1,1700,86
1,1701,91
1,1702,92
1,1703,89
1,1704,91
1,1705,91
1,1706,92
1,1707,88
1,1708,89
1,1709,87
1,1710,91
1,1711,90
1,1712,85
1,1713,93
1,1714,96
1,1715,93
1,1716,90
1,1717,92
1,1718,85
1,1719,90
1,1720,86
1,1721,91
1,1722,92
1,1723,92
1,1724,91
1,1725,87
1,1726,90
1,1727,84
1,1728,89
1,1729,91
1,1730,94
1,1731,94
1,1732,96
1,1733,93
1,1734,93
1,1735,91
1,1736,91
1,1737,93
1,1738,89
1,1739,96
1,1740,96
1,1741,88
1,1742,92
1,1743,92
1,1744,94
1,1745,93
1,1746,95
1,1747,93
1,1748,87
1,1749,90
1,1750,90
1,1751,89
1,1752,88
1,1753,88
1,1754,89
1,1755,86
1,1756,91
1,1757,92
1,1758,94
1,1759,92
1,1760,90
1,1761,94
1,1762,93
1,1763,91
1,1764,89
1,1765,91
1,1766,89
1,1767,88
1,1768,90
1,1769,92
1,1770,95
1,1771,94
1,1772,91
1,1773,90
1,1774,88
1,1775,91
1,1776,91
1,1777,89
1,1778,86
1,1779,88
1,1780,90
1,1781,92
1,1782,91
1,1783,89
1,1784,92
1,1785,92
1,1786,93
1,1787,94
1,1788,94
1,1789,95
1,1790,92
1,1791,93
1,1792,87
1,1793,93
1,1794,93
1,1795,87
1,1796,92
1,1797,87
1,1798,89
1,1799,91
1,1800,88
1,1801,92
1,1802,93
1,1803,84
1,1804,92
1,1805,95
1,1806,90
1,1807,91
1,1808,88
1,1809,93
1,1810,86
1,1811,91
1,1812,88
1,1813,88
1,1814,88
1,1815,95
1,1816,92
1,1817,92
1,1818,91
1,1819,87
1,1820,88
1,1821,86
1,1822,95
1,1823,85
1,1824,84
1,1825,88
1,1826,95
1,1827,90
1,1828,94
1,1829,90
1,1830,90
1,1831,95
1,1832,94
1,1833,91
1,1834,87
1,1835,92
1,1836,86
1,1837,91
1,1838,91
1,1839,95
1,1840,92
1,1841,90
2,0,93
2,1,92
2,2,96
2,3,92
2,4,87
2,5,93
2,6,89
2,7,90
2,8,88
2,9,88
2,10,92
2,11,88
2,12,91
2,13,83
2,14,90
2,15,95
2,16,94
2,17,84
2,18,89
2,19,90
2,20,86
2,21,91
2,22,87
2,23,88
2,24,92
2,25,92
2,26,90
2,27,93
2,28,90
2,29,97
2,30,89
2,31,91
2,32,93
2,33,92
2,34,92
2,35,89
2,36,87
2,37,90
2,38,89
2,39,88
2,40,90
2,41,91
2,42,92
2,43,94
2,44,88
2,45,84
2,46,92
2,47,90
2,48,93
2,49,91
2,50,91
2,51,93
2,52,92
2,53,90
2,54,90
2,55,88
2,56,95
2,57,86
2,58,86
2,59,91
2,60,85
2,61,90
2,62,88
2,63,86
2,64,86
2,65,89
2,66,92
2,67,91
2,68,92
2,69,88
2,70,90
2,71,92
2,72,95
2,73,91
2,74,92
2,75,93
2,76,92
2,77,89
2,78,88
2,79,89
2,80,92
2,81,88
2,82,95
2,83,91
2,84,90
2,85,84
2,86,92
2,87,93
2,88,92
2,89,85
2,90,86
2,91,86
2,92,96
2,93,91
2,94,86
2,95,88
2,96,91
2,97,93
2,98,89
2,99,91
2,100,93
2,101,91
2,102,89
2,103,87
2,104,92
2,105,88
2,106,91
2,107,90
2,108,89
2,109,91
2,110,93
2,111,85
2,112,86
2,113,89
2,114,94
2,115,89
2,116,87
2,117,86
2,118,96
2,119,93
2,120,89
2,121,86
2,122,86
2,123,92
2,124,88
2,125,95
2,126,91
2,127,91
2,128,89
2,129,94
2,130,89
2,131,95
2,132,92
2,133,95
2,134,84
2,135,89
2,136,94
2,137,90
2,138,96
2,139,92
2,140,88
2,141,90
2,142,89
2,143,94
2,144,91
2,145,89
2,146,89
2,147,92
2,148,93
2,149,89
2,150,87
2,151,88
2,152,95
2,153,89
2,154,88
2,155,85
2,156,91
2,157,90
2,158,93
2,159,89
2,160,89
2,161,92
2,162,90
2,163,93
2,164,91
2,165,87
2,166,93
2,167,92
2,168,92
2,169,94
2,170,90
2,171,92
2,172,92
2,173,92
2,174,89
2,175,92
2,176,94
2,177,89
2,178,90
2,179,92
2,180,95
2,181,93
2,182,94
2,183,96
2,184,91
2,185,92
2,186,93
2,187,91
2,188,88
2,189,93
2,190,93
2,191,90
2,192,90
2,193,90
2,194,90
2,195,93
2,196,86
2,197,89
2,198,92
2,199,91
2,200,93
2,201,83
2,202,89
2,203,92
2,204,93
2,205,87
2,206,92
2,207,90
2,208,91
2,209,88
2,210,94
2,211,90
2,212,92
2,213,91
2,214,90
2,215,88
2,216,95
2,217,90
2,218,86
2,219,92
2,220,92
2,221,90
2,222,95
2,223,91
2,224,91
2,225,89
2,226,93
2,227,96
2,228,90
2,229,95
2,230,93
2,231,88
2,232,87
2,233,93
2,234,87
2,235,91
2,236,89
2,237,89
2,238,90
2,239,88
2,240,91
2,241,91
2,242,91
2,243,93
2,244,91
2,245,89
2,246,88
2,247,86
2,248,89
2,249,88
2,250,92
2,251,91
2,252,88
2,253,91
2,254,93
2,255,90
2,256,91
2,257,95
2,258,87
2,259,95
2,260,90
2,261,87
2,262,92
2,263,91
2,264,94
2,265,95
2,266,90
2,267,87
2,268,88
2,269,95
2,270,89
2,271,90
2,272,86
2,273,84
2,274,90
2,275,90
2,276,88
2,277,91
2,278,91
2,279,90
2,280,89
2,281,95
2,282,92
2,283,88
2,284,93
2,285,90
2,286,92
2,287,93
2,288,87
2,289,90
2,290,91
2,291,91
2,292,91
2,293,87
2,294,89
2,295,89
2,296,91
2,297,92
2,298,90
2,299,90
2,300,87
2,301,91
2,302,93
2,303,93
2,304,92
2,305,93
2,306,89
2,307,92
2,308,92
2,309,90
2,310,90
2,311,93
2,312,95
2,313,84
2,314,94
2,315,87
2,316,94
2,317,87
2,318,89
2,319,90
2,320,89
2,321,86
2,322,93
2,323,92
2,324,91
2,325,91
2,326,92
2,327,88
2,328,89
2,329,90
2,330,90
2,331,93
2,332,91
2,333,87
2,334,90
2,335,90
2,336,94
2,337,89
2,338,92
2,339,91
2,340,84
2,341,92
2,342,94
2,343,95
2,344,92
2,345,84
2,346,92
2,347,89
2,348,95
2,349,89
2,350,92
2,351,90
2,352,91
2,353,89
2,354,94
2,355,92
2,356,86
2,357,92
2,358,91
2,359,93
2,360,92
2,361,88
2,362,89
2,363,93
2,364,89
2,365,91
2,366,90
2,367,92
2,368,89
2,369,89
2,370,91
2,371,92
2,372,92
2,373,89
2,374,91
2,375,92
2,376,90
2,377,87
2,378,89
2,379,90
2,380,92
2,381,95
2,382,88
2,383,87
2,384,89
2,385,93
2,386,92
2,387,91
2,388,92
2,389,92
2,390,90
2,391,91
2,392,89
2,393,94
2,394,88
2,395,93
2,396,87
2,397,93
2,398,94
2,399,88
2,400,89
2,401,93
2,402,84
2,403,81
2,404,90
2,405,87
2,406,93
2,407,91
2,408,92
2,409,93
2,410,90
2,411,91
2,412,93
2,413,92
2,414,95
2,415,92
2,416,91
2,417,92
2,418,91
2,419,87
2,420,90
2,421,92
2,422,93
2,423,85
2,424,93
2,425,88
2,426,89
2,427,90
2,428,88
2,429,90
2,430,91
2,431,90
2,432,93
2,433,93
2,434,88
2,435,89
2,436,89
2,437,93
2,438,95
2,439,91
2,440,89
2,441,91
2,442,89
2,443,92
2,444,92
2,445,87
2,446,91
2,447,91
2,448,89
2,449,91
2,450,92
2,451,89
2,452,88
2,453,90
2,454,93
2,455,88
2,456,87
2,457,88
2,458,90
2,459,96
2,460,91
2,461,93
2,462,91
2,463,85
2,464,92
2,465,88
2,466,86
2,467,91
2,468,93
2,469,89
2,470,89
2,471,91
2,472,84
2,473,91
2,474,97
2,475,95
2,476,89
2,477,91
2,478,88
2,479,89
2,480,92
2,481,92
2,482,93
2,483,86
2,484,89
2,485,89
2,486,90
2,487,90
2,488,90
2,489,89
2,490,91
2,491,89
2,492,91
2,493,89
2,494,88
2,495,94
2,496,92
2,497,90
2,498,94
2,499,87
2,500,94
2,501,94
2,502,94
2,503,91
2,504,90
2,505,92
2,506,95
2,507,92
2,508,89
2,509,94
2,510,94
2,511,87
2,512,91
2,513,90
2,514,85
2,515,94
2,516,93
2,517,97
2,518,90
2,519,95
2,520,91
2,521,95
2,522,94
2,523,97
2,524,89
2,525,89
2,526,87
2,527,92
2,528,89
2,529,94
2,530,89
2,531,87
2,532,90
2,533,94
2,534,90
2,535,94
2,536,92
2,537,92
2,538,90
2,539,93
2,540,90
2,541,89
2,542,90
2,543,90
2,544,89
2,545,92
2,546,90
2,547,87
2,548,90
2,549,90
2,550,89
2,551,90
2,552,91
2,553,93
2,554,94
2,555,86
2,556,93
2,557,91
2,558,88
2,559,92
2,560,91
2,561,93
2,562,90
2,563,91
2,564,90
2,565,92
2,566,89
2,567,91
2,568,93
2,569,91
2,570,87
2,571,94
2,572,92
2,573,92
2,574,89
2,575,91
2,576,92
2,577,93
2,578,96
2,579,89
2,580,87
2,581,91
2,582,89
2,583,88
2,584,97
2,585,89
2,586,95
2,587,90
2,588,92
2,589,95
2,590,92
2,591,91
2,592,86
2,593,88
2,594,91
2,595,88
2,596,90
2,597,86
2,598,91
2,599,93
2,600,84
2,601,93
2,602,89
2,603,85
2,604,88
2,605,89
2,606,85
2,607,90
2,608,88
2,609,89
2,610,91
2,611,91
2,612,87
2,613,92
2,614,94
2,615,86
2,616,95
2,617,92
2,618,89
2,619,95
2,620,92
2,621,88
2,622,87
2,623,88
2,624,92
2,625,89
2,626,97
2,627,92
2,628,91
2,629,89
2,630,96
2,631,93
2,632,92
2,633,88
2,634,85
2,635,89
2,636,89
2,637,86
2,638,92
2,639,88
2,640,90
2,641,92
2,642,85
2,643,90
2,644,93
2,645,93
2,646,86
2,647,87
2,648,90
2,649,84
2,650,88
2,651,92
2,652,91
2,653,93
2,654,91
2,655,97
2,656,89
2,657,91
2,658,90
2,659,93
2,660,93
2,661,90
2,662,90
2,663,92
2,664,90
2,665,89
2,666,92
2,667,91
2,668,91
2,669,93
2,670,92
2,671,92
2,672,90
2,673,92
2,674,86
2,675,88
2,676,91
2,677,92
2,678,89
2,679,96
2,680,88
2,681,92
2,682,93
2,683,93
2,684,92
2,685,87
2,686,96
2,687,89
2,688,91
2,689,92
2,690,88
2,691,89
2,692,90
2,693,94
2,694,88
2,695,92
2,696,93
2,697,89
2,698,90
2,699,91
2,700,86
2,701,87
2,702,93
2,703,86
2,704,90
2,705,91
2,706,95
2,707,96
2,708,91
2,709,90
2,710,90
2,711,93
2,712,91
2,713,91
2,714,92
2,715,86
2,716,89
2,717,91
2,718,91
2,719,94
2,720,92
2,721,90
2,722,89
2,723,91
2,724,90
2,725,87
2,726,90
2,727,91
2,728,97
2,729,96
2,730,88
2,731,91
2,732,92
2,733,86
2,734,86
2,735,91
2,736,92
2,737,90
2,738,95
2,739,90
2,740,95
2,741,94
2,742,95
2,743,92
2,744,90
2,745,92
2,746,88
2,747,88
2,748,94
2,749,91
2,750,96
2,751,90
2,752,87
2,753,88
2,754,92
2,755,88
2,756,89
2,757,91
2,758,94
2,759,91
2,760,90
2,761,95
2,762,91
2,763,94
2,764,92
2,765,91
2,766,93
2,767,86
2,768,90
2,769,93
2,770,88
2,771,96
2,772,88
2,773,87
2,774,95
2,775,90
2,776,91
2,777,89
2,778,87
2,779,96
2,780,86
2,781,90
2,782,91
2,783,91
2,784,89
2,785,89
2,786,92
2,787,86
2,788,93
2,789,86
2,790,88
2,791,86
2,792,91
2,793,88
2,794,89
2,795,95
2,796,90
2,797,86
2,798,87
2,799,83
2,800,87
2,801,88
2,802,94
2,803,88
2,804,86
2,805,89
2,806,91
2,807,91
2,808,90
2,809,90
2,810,94
2,811,93
2,812,90
2,813,86
2,814,88
2,815,92
2,816,85
2,817,92
2,818,91
2,819,89
2,820,91
2,821,92
2,822,92
2,823,92
2,824,90
2,825,86
2,826,87
2,827,91
2,828,92
2,829,90
2,830,89
2,831,90
2,832,90
2,833,89
2,834,89
2,835,95
2,836,92
2,837,92
2,838,91
2,839,90
2,840,91
2,841,95
2,842,89
2,843,88
2,844,90
2,845,92
2,846,92
2,847,93
2,848,92
2,849,91
2,850,89
2,851,89
2,852,90
2,853,87
2,854,94
2,855,91
2,856,89
2,857,94
2,858,91
2,859,91
2,860,91
2,861,92
2,862,88
2,863,90
2,864,91
2,865,94
2,866,91
2,867,93
2,868,94
2,869,89
2,870,91
2,871,90
2,872,90
2,873,90
2,874,87
2,875,88
2,876,93
2,877,83
2,878,93
2,879,86
2,880,94
2,881,93
2,882,89
2,883,90
2,884,89
2,885,90
2,886,89
2,887,90
2,888,95
2,889,89
2,890,95
2,891,92
2,892,94
2,893,90
2,894,92
2,895,92
2,896,94
2,897,93
2,898,86
2,899,86
2,900,89
2,901,83
2,902,85
2,903,88
2,904,93
2,905,91
2,906,90
2,907,87
2,908,88
2,909,88
2,910,93
2,911,89
2,912,94
2,913,91
2,914,93
2,915,93
2,916,94
2,917,88
2,918,89
2,919,94
2,920,91
2,921,93
2,922,88
2,923,88
2,924,92
2,925,94
2,926,90
2,927,95
2,928,87
2,929,84
2,930,89
2,931,94
2,932,91
2,933,90
2,934,95
2,935,95
2,936,94
2,937,92
2,938,87
2,939,93
2,940,93
2,941,90
2,942,89
2,943,94
2,944,89
2,945,92
2,946,94
2,947,91
2,948,90
2,949,95
2,950,92
2,951,93
2,952,89
2,953,91
2,954,90
2,955,94
2,956,94
2,957,92
2,958,90
2,959,89
2,960,89
2,961,91
2,962,92
2,963,88
2,964,96
2,965,87
2,966,89
2,967,93
2,968,93
2,969,92
2,970,89
2,971,89
2,972,92
2,973,90
2,974,90
2,975,92
2,976,92
2,977,91
2,978,93
2,979,92
2,980,91
2,981,87
2,982,90
2,983,88
2,984,89
2,985,94
2,986,89
2,987,87
2,988,90
2,989,89
2,990,91
2,991,85
2,992,91
2,993,88
2,994,87
2,995,94
2,996,90
2,997,89
2,998,94
2,999,88
2,1000,89
2,1001,93
2,1002,91
2,1003,90
2,1004,91
2,1005,86
2,1006,92
2,1007,89
2,1008,89
2,1009,88
2,1010,90
2,1011,89
2,1012,88
2,1013,84
2,1014,91
2,1015,88
2,1016,92
2,1017,89
2,1018,93
2,1019,96
2,1020,90
2,1021,88
2,1022,89
2,1023,89
2,1024,89
2,1025,89
2,1026,91
2,1027,92
2,1028,91
2,1029,89
2,1030,94
2,1031,93
2,1032,92
2,1033,89
2,1034,91
2,1035,93
2,1036,90
2,1037,87
2,1038,91
2,1039,94
2,1040,89
2,1041,88
2,1042,91
2,1043,90
2,1044,85
2,1045,95
2,1046,91
2,1047,93
2,1048,89
2,1049,93
2,1050,89
2,1051,92
2,1052,92
2,1053,91
2,1054,92
2,1055,93
2,1056,92
2,1057,92
2,1058,91
2,1059,85
2,1060,87
2,1061,90
2,1062,90
2,1063,94
2,1064,88
2,1065,87
2,1066,91
2,1067,93
2,1068,93
2,1069,94
2,1070,92
2,1071,91
2,1072,92
2,1073,91
2,1074,87
2,1075,83
2,1076,89
2,1077,92
2,1078,91
2,1079,93
2,1080,94
2,1081,88
2,1082,90
2,1083,88
2,1084,92
2,1085,91
2,1086,94
2,1087,95
2,1088,92
2,1089,91
2,1090,93
2,1091,88
2,1092,93
2,1093,91
2,1094,89
2,1095,91
2,1096,88
2,1097,89
2,1098,95
2,1099,87
2,1100,93
2,1101,89
2,1102,94
2,1103,91
2,1104,87
2,1105,93
2,1106,91
2,1107,85
2,1108,90
2,1109,95
2,1110,88
2,1111,93
2,1112,88
2,1113,90
2,1114,89
2,1115,93
2,1116,93
2,1117,94
2,1118,95
2,1119,90
2,1120,92
2,1121,92
2,1122,92
2,1123,92
2,1124,94
2,1125,93
2,1126,91
2,1127,88
2,1128,93
2,1129,92
2,1130,88
2,1131,91
2,1132,89
2,1133,93
2,1134,94
2,1135,93
2,1136,91
2,1137,89
2,1138,93
2,1139,91
2,1140,92
2,1141,92
2,1142,92
2,1143,88
2,1144,90
2,1145,91
2,1146,87
2,1147,90
2,1148,89
2,1149,88
2,1150,89
2,1151,91
2,1152,93
2,1153,87
2,1154,90
2,1155,88
2,1156,87
2,1157,89
2,1158,90
2,1159,91
2,1160,85
2,1161,89
2,1162,86
2,1163,91
2,1164,94
2,1165,89
2,1166,85
2,1167,92
2,1168,91
2,1169,89
2,1170,89
2,1171,87
2,1172,88
2,1173,89
2,1174,91
2,1175,89
2,1176,87
2,1177,92
2,1178,91
2,1179,90
2,1180,87
2,1181,90
2,1182,96
2,1183,93
2,1184,91
2,1185,94
2,1186,92
2,1187,92
2,1188,89
2,1189,91
2,1190,93
2,1191,94
2,1192,89
2,1193,90
2,1194,95
2,1195,87
2,1196,85
2,1197,95
2,1198,90
2,1199,91
2,1200,90
2,1201,91
2,1202,93
2,1203,85
2,1204,95
2,1205,91
2,1206,87
2,1207,89
2,1208,90
2,1209,92
2,1210,86
2,1211,92
2,1212,87
2,1213,95
2,1214,88
2,1215,89
2,1216,93
2,1217,87
2,1218,87
2,1219,93
2,1220,94
2,1221,95
2,1222,90
2,1223,85
2,1224,94
2,1225,87
2,1226,87
2,1227,94
2,1228,91
2,1229,94
2,1230,88
2,1231,89
2,1232,92
2,1233,94
2,1234,88
2,1235,92
2,1236,90
2,1237,90
2,1238,87
2,1239,90
2,1240,93
2,1241,86
2,1242,94
2,1243,88
2,1244,87
2,1245,90
2,1246,91
2,1247,91
2,1248,96
2,1249,91
2,1250,90
2,1251,92
2,1252,88
2,1253,90
2,1254,90
2,1255,92
2,1256,92
2,1257,89
2,1258,91
2,1259,95
2,1260,90
2,1261,89
2,1262,89
2,1263,95
2,1264,92
2,1265,92
2,1266,91
2,1267,95
2,1268,93
2,1269,89
2,1270,88
2,1271,94
2,1272,93
2,1273,93
2,1274,89
2,1275,91
2,1276,95
2,1277,93
2,1278,89
2,1279,89
2,1280,87
2,1281,89
2,1282,87
2,1283,88
2,1284,91
2,1285,97
2,1286,95
2,1287,90
2,1288,91
2,1289,93
2,1290,88
2,1291,92
2,1292,90
2,1293,91
2,1294,94
2,1295,91
2,1296,91
2,1297,92
2,1298,91
2,1299,95
2,1300,93
2,1301,83
2,1302,91
2,1303,90
2,1304,90
2,1305,95
2,1306,91
2,1307,90
2,1308,94
2,1309,94
2,1310,91
2,1311,93
2,1312,92
2,1313,95
2,1314,93
2,1315,88
2,1316,93
2,1317,95
2,1318,92
2,1319,90
2,1320,92
2,1321,92
2,1322,93
2,1323,89
2,1324,87
2,1325,92
2,1326,90
2,1327,91
2,1328,89
2,1329,92
2,1330,89
2,1331,90
2,1332,91
2,1333,92
2,1334,91
2,1335,86
2,1336,90
2,1337,87
2,1338,93
2,1339,84
2,1340,94
2,1341,91
2,1342,94
2,1343,89
2,1344,92
2,1345,92
2,1346,90
2,1347,91
2,1348,93
2,1349,91
2,1350,89
2,1351,89
2,1352,93
2,1353,90
2,1354,93
2,1355,92
2,1356,88
2,1357,91
2,1358,91
2,1359,88
2,1360,89
2,1361,92
2,1362,88
2,1363,91
2,1364,93
2,1365,89
2,1366,91
2,1367,92
2,1368,86
2,1369,92
2,1370,89
2,1371,90
2,1372,95
2,1373,87
2,1374,93
2,1375,91
2,1376,93
2,1377,93
2,1378,92
2,1379,90
2,1380,92
2,1381,92
2,1382,90
2,1383,95
2,1384,90
2,1385,87
2,1386,90
2,1387,92
2,1388,89
2,1389,91
2,1390,89
2,1391,92
2,1392,92
2,1393,89
2,1394,95
2,1395,89
2,1396,96
2,1397,91
2,1398,91
2,1399,94
2,1400,92
2,1401,88
2,1402,90
2,1403,93
2,1404,90
2,1405,93
2,1406,88
2,1407,90
2,1408,97
2,1409,93
2,1410,88
2,1411,89
2,1412,90
2,1413,86
2,1414,97
2,1415,86
2,1416,93
2,1417,88
2,1418,89
2,1419,88
2,1420,90
2,1421,98
2,1422,92
2,1423,89
2,1424,89
2,1425,89
2,1426,87
2,1427,96
2,1428,88
2,1429,87
2,1430,85
2,1431,92
2,1432,85
2,1433,92
2,1434,94
2,1435,87
2,1436,88
2,1437,94
2,1438,91
2,1439,89
2,1440,94
2,1441,92
2,1442,90
2,1443,87
2,1444,91
2,1445,89
2,1446,90
2,1447,94
2,1448,94
2,1449,91
2,1450,95
2,1451,93
2,1452,91
2,1453,89
2,1454,89
2,1455,94
2,1456,88
2,1457,85
2,1458,93
2,1459,92
2,1460,95
2,1461,90
2,1462,92
2,1463,91
2,1464,92
2,1465,92
2,1466,90
2,1467,87
2,1468,87
2,1469,92
2,1470,91
2,1471,92
2,1472,92
2,1473,88
2,1474,91
2,1475,93
2,1476,89
2,1477,87
2,1478,92
2,1479,91
2,1480,90
2,1481,90
2,1482,92
2,1483,92
2,1484,90
2,1485,91
2,1486,89
2,1487,93
2,1488,91
2,1489,92
2,1490,92
2,1491,86
2,1492,86
2,1493,90
2,1494,92
2,1495,95
2,1496,90
2,1497,90
2,1498,91
2,1499,95
2,1500,87
2,1501,94
2,1502,95
2,1503,94
2,1504,88
2,1505,93
2,1506,92
2,1507,94
2,1508,89
2,1509,96
2,1510,89
2,1511,88
2,1512,85
2,1513,90
2,1514,89
2,1515,95
2,1516,94
2,1517,88
2,1518,89
2,1519,88
2,1520,89
2,1521,91
2,1522,87
2,1523,92
2,1524,88
2,1525,95
2,1526,90
2,1527,89
2,1528,95
2,1529,90
2,1530,96
2,1531,89
2,1532,88
2,1533,93
2,1534,91
2,1535,90
2,1536,91
2,1537,94
2,1538,95
2,1539,91
2,1540,90
2,1541,86
2,1542,91
2,1543,92
2,1544,90
2,1545,90
2,1546,94
2,1547,92
2,1548,91
2,1549,87
2,1550,86
2,1551,93
2,1552,90
2,1553,95
2,1554,94
2,1555,89
2,1556,87
2,1557,90
2,1558,89
2,1559,92
2,1560,91
2,1561,88
2,1562,90
2,1563,86
2,1564,92
2,1565,85
2,1566,92
2,1567,95
2,1568,92
2,1569,89
2,1570,92
2,1571,90
2,1572,84
2,1573,87
2,1574,91
2,1575,88
2,1576,91
2,1577,92
2,1578,93
2,1579,94
2,1580,89
2,1581,92
2,1582,92
2,1583,94
2,1584,86
2,1585,92
2,1586,91
2,1587,93
2,1588,88
2,1589,89
2,1590,93
2,1591,93
2,1592,89
2,1593,89
2,1594,89
2,1595,91
2,1596,91
2,1597,91
2,1598,93
2,1599,94
2,1600,87
2,1601,89
2,1602,89
2,1603,92
2,1604,93
2,1605,91
2,1606,84
2,1607,91
2,1608,84
2,1609,90
2,1610,88
2,1611,90
2,1612,87
2,1613,97
2,1614,92
2,1615,95
2,1616,94
2,1617,88
2,1618,90
2,1619,90
2,1620,90
2,1621,89
2,1622,91
2,1623,95
2,1624,88
2,1625,92
2,1626,86
2,1627,92
2,1628,89
2,1629,89
2,1630,94
2,1631,90
2,1632,89
2,1633,92
2,1634,86
2,1635,92
2,1636,90
2,1637,85
2,1638,88
2,1639,86
2,1640,89
2,1641,93
2,1642,92
2,1643,92
2,1644,90
2,1645,89
2,1646,93
2,1647,87
2,1648,92
2,1649,93
2,1650,92
2,1651,90
2,1652,88
2,1653,94
2,1654,94
2,1655,91
2,1656,89
2,1657,91
2,1658,88
2,1659,89
2,1660,90
2,1661,94
2,1662,88
2,1663,92
2,1664,87
2,1665,93
2,1666,88
2,1667,89
2,1668,91
2,1669,95
2,1670,88
2,1671,90
2,1672,89
2,1673,90
2,1674,93
2,1675,89
2,1676,87
2,1677,88
2,1678,91
2,1679,93
2,1680,95
2,1681,91
2,1682,87
2,1683,90
2,1684,93
2,1685,96
2,1686,92
2,1687,87
2,1688,95
2,1689,91
2,1690,85
2,1691,92
2,1692,91
2,1693,93
2,1694,94
2,1695,91
2,1696,94
2,1697,87
2,1698,88
2,1699,93
2,1700,90
2,1701,92
2,1702,92
2,1703,91
2,1704,87
2,1705,92
2,1706,93
2,1707,89
2,1708,86
2,1709,92
2,1710,89
2,1711,87
2,1712,91
2,1713,95
2,1714,93
2,1715,88
2,1716,90
2,1717,86
2,1718,86
2,1719,91
2,1720,93
2,1721,91
2,1722,92
2,1723,87
2,1724,90
2,1725,90
2,1726,92
2,1727,89
2,1728,84
2,1729,92
2,1730,90
2,1731,91
2,1732,93
2,1733,85
2,1734,92
2,1735,94
2,1736,90
2,1737,88
2,1738,91
2,1739,89
2,1740,91
2,1741,87
2,1742,90
2,1743,85
2,1744,89
2,1745,90
2,1746,92
2,1747,88
2,1748,91
2,1749,89
2,1750,89
2,1751,92
2,1752,91
2,1753,89
2,1754,90
2,1755,93
2,1756,90
2,1757,90
2,1758,92
2,1759,87
2,1760,87
2,1761,91
2,1762,90
2,1763,91
2,1764,87
2,1765,93
2,1766,92
2,1767,93
2,1768,91
2,1769,85
2,1770,92
2,1771,88
2,1772,87
2,1773,87
2,1774,89
2,1775,94
2,1776,92
2,1777,89
2,1778,92
2,1779,90
2,1780,91
2,1781,88
2,1782,86
2,1783,91
2,1784,90
2,1785,94
2,1786,94
2,1787,93
2,1788,90
2,1789,89
2,1790,85
2,1791,92
2,1792,88
2,1793,91
2,1794,91
2,1795,88
2,1796,91
2,1797,88
2,1798,88
2,1799,92
2,1800,88
2,1801,92
2,1802,88
2,1803,89
2,1804,91
2,1805,92
2,1806,92
2,1807,94
2,1808,91
2,1809,87
2,1810,83
2,1811,91
2,1812,87
2,1813,90
2,1814,89
2,1815,91
2,1816,93
2,1817,89
2,1818,90
2,1819,96
2,1820,90
2,1821,93
2,1822,91
2,1823,92
2,1824,90
2,1825,92
2,1826,88
2,1827,88
2,1828,94
2,1829,90
2,1830,90
2,1831,92
2,1832,87
2,1833,94
2,1834,88
2,1835,89
2,1836,90
2,1837,91
2,1838,92
2,1839,91
2,1840,95
2,1841,89
3,0,90
3,1,94
3,2,89
3,3,96
3,4,92
3,5,90
3,6,91
3,7,90
3,8,93
3,9,91
3,10,90
3,11,85
3,12,89
3,13,92
3,14,91
3,15,94
3,16,94
3,17,89
3,18,91
3,19,89
3,20,94
3,21,93
3,22,87
3,23,90
3,24,92
3,25,91
3,26,89
3,27,96
3,28,90
3,29,90
3,30,94
3,31,92
3,32,86
3,33,92
3,34,91
3,35,86
3,36,85
3,37,95
3,38,93
3,39,90
3,40,90
3,41,92
3,42,92
3,43,87
3,44,88
3,45,91
3,46,87
3,47,94
3,48,89
3,49,91
3,50,89
3,51,94
3,52,89
3,53,91
3,54,89
3,55,89
3,56,91
3,57,88
3,58,89
3,59,89
3,60,91
3,61,91
3,62,84
3,63,87
3,64,95
3,65,91
3,66,92
3,67,93
3,68,91
3,69,94
3,70,87
3,71,92
3,72,91
3,73,93
3,74,93
3,75,95
3,76,90
3,77,93
3,78,92
3,79,89
3,80,91
3,81,89
3,82,91
3,83,85
3,84,93
3,85,88
3,86,93
3,87,91
3,88,89
3,89,88
3,90,90
3,91,88
3,92,84
3,93,89
3,94,86
3,95,92
3,96,92
3,97,89
3,98,96
3,99,89
3,100,86
3,101,86
3,102,92
3,103,89
3,104,92
3,105,89
3,106,87
3,107,86
3,108,95
3,109,94
3,110,89
3,111,92
3,112,94
3,113,92
3,114,87
3,115,88
3,116,91
3,117,88
3,118,92
3,119,84
3,120,94
3,121,89
3,122,93
3,123,91
3,124,88
3,125,93
3,126,88
3,127,87
3,128,92
3,129,91
3,130,92
3,131,91
3,132,92
3,133,89
3,134,92
3,135,91
3,136,89
3,137,91
3,138,90
3,139,90
3,140,87
3,141,89
3,142,92
3,143,92
3,144,94
3,145,96
3,146,92
3,147,94
3,148,88
3,149,93
3,150,91
3,151,89
3,152,91
3,153,87
3,154,90
3,155,88
3,156,92
3,157,88
3,158,90
3,159,86
3,160,93
3,161,89
3,162,88
3,163,90
3,164,87
3,165,84
3,166,90
3,167,93
3,168,92
3,169,90
3,170,91
3,171,91
3,172,88
3,173,89
3,174,92
3,175,91
3,176,90
3,177,95
3,178,90
3,179,97
3,180,90
3,181,95
3,182,93
3,183,91
3,184,88
3,185,88
3,186,90
3,187,88
3,188,92
3,189,88
3,190,92
3,191,91
3,192,92
3,193,94
3,194,89
3,195,92
3,196,89
3,197,93
3,198,87
3,199,95
3,200,94
3,201,93
3,202,93
3,203,86
3,204,90
3,205,87
3,206,88
3,207,94
3,208,90
3,209,91
3,210,88
3,211,90
3,212,86
3,213,86
3,214,93
3,215,90
3,216,92
3,217,94
3,218,93
3,219,88
3,220,93
3,221,90
3,222,93
3,223,92
3,224,92
3,225,91
3,226,91
3,227,85
3,228,88
3,229,89
3,230,91
3,231,94
3,232,89
3,233,89
3,234,95
3,235,88
3,236,89
3,237,86
3,238,90
3,239,92
3,240,87
3,241,92
3,242,91
3,243,87
3,244,90
3,245,89
3,246,91
3,247,89
3,248,89
3,249,93
3,250,91
3,251,91
3,252,93
3,253,88
3,254,90
3,255,91
3,256,89
3,257,93
3,258,87
3,259,92
3,260,88
3,261,94
3,262,92
3,263,87
3,264,90
3,265,91
3,266,91
3,267,85
3,268,90
3,269,91
3,270,90
3,271,90
3,272,89
3,273,89
3,274,93
3,275,93
3,276,88
3,277,92
3,278,89
3,279,89
3,280,94
3,281,90
3,282,88
3,283,89
3,284,92
3,285,92
3,286,92
3,287,89
3,288,92
3,289,92
3,290,93
3,291,89
3,292,95
3,293,94
3,294,93
3,295,92
3,296,85
3,297,91
3,298,91
3,299,91
3,300,91
3,301,89
3,302,90
3,303,92
3,304,87
3,305,95
3,306,90
3,307,93
3,308,92
3,309,92
3,310,88
3,311,93
3,312,90
3,313,89
3,314,96
3,315,91
3,316,87
3,317,91
3,318,93
3,319,93
3,320,88
3,321,87
3,322,87
3,323,89
3,324,89
3,325,87
3,326,89
3,327,87
3,328,91
3,329,87
3,330,89
3,331,90
3,332,91
3,333,93
3,334,88
3,335,89
3,336,93
3,337,89
3,338,86
3,339,91
3,340,92
3,341,89
3,342,87
3,343,93
3,344,91
3,345,91
3,346,96
3,347,95
3,348,91
3,349,95
3,350,89
3,351,91
3,352,93
3,353,94
3,354,95
3,355,91
3,356,86
3,357,93
3,358,85
3,359,88
3,360,88
3,361,93
3,362,90
3,363,86
3,364,85
3,365,92
3,366,93
3,367,90
3,368,88
3,369,87
3,370,86
3,371,88
3,372,92
3,373,94
3,374,94
3,375,90
3,376,89
3,377,90
3,378,88
3,379,92
3,380,83
3,381,89
3,382,90
3,383,90
3,384,89
3,385,85
3,386,89
3,387,89
3,388,89
3,389,88
3,390,88
3,391,89
3,392,89
3,393,92
3,394,93
3,395,92
3,396,88
3,397,94
3,398,90
3,399,90
3,400,87
3,401,89
3,402,90
3,403,90
3,404,95
3,405,87
3,406,96
3,407,90
3,408,89
3,409,92
3,410,90
3,411,89
3,412,92
3,413,95
3,414,91
3,415,90
3,416,88
3,417,91
3,418,91
3,419,92
3,420,92
3,421,93
3,422,88
3,423,90
3,424,87
3,425,90
3,426,90
3,427,89
3,428,90
3,429,91
3,430,96
3,431,95
3,432,92
3,433,93
3,434,91
3,435,89
3,436,93
3,437,94
3,438,92
3,439,87
3,440,89
3,441,90
3,442,91
3,443,90
3,444,92
3,445,91
3,446,88
3,447,92
3,448,87
3,449,92
3,450,89
3,451,94
3,452,90
3,453,89
3,454,88
3,455,91
3,456,92
3,457,96
3,458,95
3,459,91
3,460,90
3,461,86
3,462,92
3,463,87
3,464,92
3,465,96
3,466,92
3,467,89
3,468,97
3,469,91
3,470,92
3,471,91
3,472,92
3,473,89
3,474,88
3,475,92
3,476,88
3,477,89
3,478,89
3,479,92
3,480,90
3,481,93
3,482,93
3,483,88
3,484,91
3,485,87
3,486,91
3,487,91
3,488,96
3,489,90
3,490,92
3,491,92
3,492,91
3,493,91
3,494,88
3,495,96
3,496,93
3,497,94
3,498,86
3,499,89
3,500,88
3,501,95
3,502,89
3,503,95
3,504,90
3,505,90
3,506,90
3,507,93
3,508,92
3,509,86
3,510,90
3,511,92
3,512,92
3,513,97
3,514,95
3,515,96
3,516,89
3,517,92
3,518,90
3,519,87
3,520,89
3,521,88
3,522,91
3,523,90
3,524,93
3,525,94
3,526,90
3,527,90
3,528,90
3,529,95
3,530,92
3,531,93
3,532,92
3,533,88
3,534,90
3,535,95
3,536,93
3,537,88
3,538,94
3,539,88
3,540,91
3,541,95
3,542,89
3,543,93
3,544,86
3,545,84
3,546,92
3,547,96
3,548,90
3,549,92
3,550,93
3,551,87
3,552,88
3,553,92
3,554,88
3,555,88
3,556,89
3,557,89
3,558,94
3,559,93
3,560,86
3,561,94
3,562,89
3,563,90
3,564,94
3,565,89
3,566,94
3,567,88
3,568,88
3,569,90
3,570,90
3,571,92
3,572,93
3,573,94
3,574,96
3,575,96
3,576,94
3,577,92
3,578,90
3,579,91
3,580,92
3,581,92
3,582,91
3,583,91
3,584,86
3,585,94
3,586,92
3,587,89
3,588,91
3,589,88
3,590,87
3,591,92
3,592,92
3,593,88
3,594,88
3,595,93
3,596,94
3,597,91
3,598,86
3,599,89
3,600,88
3,601,92
3,602,93
3,603,90
3,604,93
3,605,90
3,606,93
3,607,92
3,608,88
3,609,89
3,610,87
3,611,89
3,612,95
3,613,94
3,614,90
3,615,88
3,616,92
3,617,89
3,618,89
3,619,92
3,620,93
3,621,92
3,622,93
3,623,90
3,624,93
3,625,86
3,626,90
3,627,92
3,628,89
3,629,89
3,630,90
3,631,89
3,632,91
3,633,88
3,634,94
3,635,90
3,636,94
3,637,88
3,638,92
3,639,92
3,640,90
3,641,90
3,642,90
3,643,89
3,644,90
3,645,87
3,646,90
3,647,90
3,648,86
3,649,89
3,650,87
3,651,90
3,652,91
3,653,90
3,654,88
3,655,93
3,656,90
3,657,92
3,658,92
3,659,92
3,660,92
3,661,88
3,662,86
3,663,88
3,664,92
3,665,90
3,666,92
3,667,87
3,668,90
3,669,91
3,670,88
3,671,93
3,672,91
3,673,88
3,674,93
3,675,89
3,676,86
3,677,92
3,678,81
3,679,92
3,680,96
3,681,86
3,682,90
3,683,90
3,684,88
3,685,96
3,686,88
3,687,92
3,688,89
3,689,87
3,690,91
3,691,88
3,692,92
3,693,90
3,694,93
3,695,88
3,696,93
3,697,93
3,698,95
3,699,95
3,700,85
3,701,94
3,702,90
3,703,96
3,704,84
3,705,90
3,706,91
3,707,93
3,708,90
3,709,91
3,710,90
3,711,91
3,712,90
3,713,89
3,714,91
3,715,88
3,716,94
3,717,90
3,718,87
3,719,91
3,720,84
3,721,84
3,722,93
3,723,87
3,724,92
3,725,89
3,726,92
3,727,88
3,728,91
3,729,92
3,730,89
3,731,90
3,732,90
3,733,86
3,734,90
3,735,89
3,736,90
3,737,88
3,738,94
3,739,93
3,740,89
3,741,92
3,742,92
3,743,84
3,744,92
3,745,93
3,746,94
3,747,92
3,748,92
3,749,87
3,750,90
3,751,92
3,752,89
3,753,95
3,754,90
3,755,89
3,756,86
3,757,92
3,758,95
3,759,92
3,760,84
3,761,90
3,762,89
3,763,89
3,764,92
3,765,93
3,766,89
3,767,89
3,768,91
3,769,89
3,770,86
3,771,90
3,772,90
3,773,90
3,774,92
3,775,89
3,776,90
3,777,91
3,778,88
3,779,89
3,780,91
3,781,91
3,782,95
3,783,92
3,784,94
3,785,90
3,786,93
3,787,89
3,788,90
3,789,92
3,790,89
3,791,84
3,792,96
3,793,95
3,794,90
3,795,87
3,796,90
3,797,90
3,798,93
3,799,90
3,800,89
3,801,92
3,802,89
3,803,92
3,804,90
3,805,92
3,806,96
3,807,89
3,808,89
3,809,92
3,810,92
3,811,88
3,812,86
3,813,90
3,814,90
3,815,93
3,816,88
3,817,87
3,818,89
3,819,90
3,820,94
3,821,89
3,822,92
3,823,91
3,824,92
3,825,94
3,826,89
3,827,90
3,828,85
3,829,93
3,830,91
3,831,82
3,832,95
3,833,92
3,834,91
3,835,93
3,836,94
3,837,97
3,838,92
3,839,88
3,840,90
3,841,86
3,842,89
3,843,88
3,844,93
3,845,91
3,846,83
3,847,92
3,848,92
3,849,90
3,850,87
3,851,89
3,852,93
3,853,91
3,854,89
3,855,89
3,856,89
3,857,90
3,858,94
3,859,90
3,860,91
3,861,92
3,862,93
3,863,92
3,864,91
3,865,94
3,866,95
3,867,96
3,868,88
3,869,94
3,870,88
3,871,95
3,872,88
3,873,94
3,874,88
3,875,92
3,876,88
3,877,89
3,878,90
3,879,91
3,880,91
3,881,90
3,882,91
3,883,94
3,884,89
3,885,88
3,886,88
3,887,90
3,888,89
3,889,96
3,890,91
3,891,89
3,892,92
3,893,91
3,894,87
3,895,86
3,896,92
3,897,91
3,898,93
3,899,93
3,900,80
3,901,94
3,902,92
3,903,89
3,904,97
3,905,90
3,906,91
3,907,89
3,908,86
3,909,93
3,910,93
3,911,92
3,912,96
3,913,89
3,914,83
3,915,88
3,916,88
3,917,93
3,918,96
3,919,94
3,920,94
3,921,87
3,922,91
3,923,90
3,924,93
3,925,92
3,926,91
3,927,92
3,928,91
3,929,86
3,930,88
3,931,94
3,932,91
3,933,87
3,934,93
3,935,90
3,936,90
3,937,88
3,938,92
3,939,92
3,940,86
3,941,91
3,942,89
3,943,89
3,944,89
3,945,93
3,946,91
3,947,88
3,948,94
3,949,89
3,950,93
3,951,90
3,952,90
3,953,93
3,954,94
3,955,90
3,956,95
3,957,91
3,958,90
3,959,89
3,960,91
3,961,91
3,962,93
3,963,92
3,964,89
3,965,88
3,966,92
3,967,91
3,968,89
3,969,90
3,970,88
3,971,91
3,972,97
3,973,90
3,974,87
3,975,90
3,976,88
3,977,87
3,978,88
3,979,91
3,980,91
3,981,93
3,982,92
3,983,93
3,984,88
3,985,91
3,986,86
3,987,88
3,988,87
3,989,91
3,990,88
3,991,90
3,992,84
3,993,92
3,994,89
3,995,87
3,996,89
3,997,89
3,998,90
3,999,90
3,1000,90
3,1001,88
3,1002,92
3,1003,92
3,1004,87
3,1005,91
3,1006,92
3,1007,88
3,1008,92
3,1009,85
3,1010,87
3,1011,90
3,1012,92
3,1013,92
3,1014,87
3,1015,93
3,1016,89
3,1017,96
3,1018,95
3,1019,88
3,1020,91
3,1021,93
3,1022,86
3,1023,93
3,1024,97
3,1025,94
3,1026,90
3,1027,91
3,1028,92
3,1029,89
3,1030,92
3,1031,92
3,1032,90
3,1033,92
3,1034,90
3,1035,94
3,1036,88
3,1037,89
3,1038,92
3,1039,91
3,1040,90
3,1041,90
3,1042,88
3,1043,92
3,1044,94
3,1045,85
3,1046,91
3,1047,93
3,1048,96
3,1049,94
3,1050,92
3,1051,93
3,1052,93
3,1053,90
3,1054,91
3,1055,93
3,1056,90
3,1057,90
3,1058,93
3,1059,94
3,1060,92
3,1061,92
3,1062,88
3,1063,89
3,1064,94
3,1065,94
3,1066,88
3,1067,91
3,1068,90
3,1069,83
3,1070,90
3,1071,85
3,1072,95
3,1073,90
3,1074,92
3,1075,85
3,1076,93
3,1077,87
3,1078,95
3,1079,90
3,1080,92
3,1081,86
3,1082,92
3,1083,89
3,1084,90
3,1085,96
3,1086,89
3,1087,88
3,1088,91
3,1089,85
3,1090,91
3,1091,90
3,1092,90
3,1093,93
3,1094,90
3,1095,83
3,1096,93
3,1097,91
3,1098,92
3,1099,90
3,1100,90
3,1101,90
3,1102,89
3,1103,92
3,1104,94
3,1105,91
3,1106,91
3,1107,90
3,1108,89
3,1109,90
3,1110,93
3,1111,92
3,1112,92
3,1113,90
3,1114,93
3,1115,86
3,1116,85
3,1117,94
3,1118,90
3,1119,95
3,1120,91
3,1121,92
3,1122,87
3,1123,92
3,1124,89
3,1125,93
3,1126,94
3,1127,91
3,1128,90
3,1129,89
3,1130,88
3,1131,93
3,1132,90
3,1133,89
3,1134,91
3,1135,92
3,1136,88
3,1137,94
3,1138,89
3,1139,89
3,1140,92
3,1141,90
3,1142,91
3,1143,95
3,1144,88
3,1145,86
3,1146,92
3,1147,87
3,1148,94
3,1149,90
3,1150,92
3,1151,89
3,1152,88
3,1153,87
3,1154,87
3,1155,87
3,1156,87
3,1157,88
3,1158,90
3,1159,90
3,1160,92
3,1161,90
3,1162,94
3,1163,91
3,1164,90
3,1165,92
3,1166,91
3,1167,91
3,1168,91
3,1169,92
3,1170,84
3,1171,89
3,1172,93
3,1173,94
3,1174,94
3,1175,90
3,1176,86
3,1177,92
3,1178,90
3,1179,93
3,1180,95
3,1181,89
3,1182,92
3,1183,89
3,1184,92
3,1185,91
3,1186,95
3,1187,94
3,1188,91
3,1189,94
3,1190,90
3,1191,91
3,1192,95
3,1193,90
3,1194,91
3,1195,95
3,1196,89
3,1197,89
3,1198,92
3,1199,90
3,1200,93
3,1201,92
3,1202,89
3,1203,91
3,1204,87
3,1205,92
3,1206,90
3,1207,94
3,1208,90
3,1209,87
3,1210,92
3,1211,86
3,1212,94
3,1213,87
3,1214,90
3,1215,92
3,1216,95
3,1217,89
3,1218,94
3,1219,92
3,1220,91
3,1221,89
3,1222,94
3,1223,84
3,1224,92
3,1225,94
3,1226,94
3,1227,90
3,1228,93
3,1229,89
3,1230,89
3,1231,96
3,1232,85
3,1233,93
3,1234,82
3,1235,94
3,1236,95
3,1237,87
3,1238,88
3,1239,93
3,1240,88
3,1241,94
3,1242,91
3,1243,91
3,1244,91
3,1245,88
3,1246,93
3,1247,94
3,1248,90
3,1249,91
3,1250,90
3,1251,91
3,1252,93
3,1253,90
3,1254,90
3,1255,90
3,1256,91
3,1257,93
3,1258,94
3,1259,92
3,1260,93
3,1261,84
3,1262,87
3,1263,91
3,1264,89
3,1265,93
3,1266,90
3,1267,89
3,1268,90
3,1269,90
3,1270,91
3,1271,91
3,1272,91
3,1273,88
3,1274,86
3,1275,90
3,1276,96
3,1277,91
3,1278,91
3,1279,94
3,1280,91
3,1281,95
3,1282,92
3,1283,89
3,1284,88
3,1285,85
3,1286,90
3,1287,90
3,1288,86
3,1289,89
3,1290,89
3,1291,89
3,1292,91
3,1293,86
3,1294,90
3,1295,92
3,1296,89
3,1297,92
3,1298,93
3,1299,88
3,1300,93
3,1301,84
3,1302,91
3,1303,92
3,1304,90
3,1305,92
3,1306,94
3,1307,89
3,1308,93
3,1309,95
3,1310,94
3,1311,93
3,1312,92
3,1313,95
3,1314,90
3,1315,92
3,1316,85
3,1317,94
3,1318,94
3,1319,95
3,1320,89
3,1321,91
3,1322,90
3,1323,89
3,1324,91
3,1325,94
3,1326,93
3,1327,90
3,1328,89
3,1329,90
3,1330,89
3,1331,93
3,1332,95
3,1333,90
3,1334,95
3,1335,92
3,1336,92
3,1337,89
3,1338,90
3,1339,86
3,1340,86
3,1341,92
3,1342,87
3,1343,91
3,1344,92
3,1345,88
3,1346,89
3,1347,91
3,1348,91
3,1349,87
3,1350,91
3,1351,91
3,1352,87
3,1353,94
3,1354,92
3,1355,86
3,1356,90
3,1357,90
3,1358,92
3,1359,93
3,1360,89
3,1361,89
3,1362,93
3,1363,87
3,1364,92
3,1365,88
3,1366,91
3,1367,82
3,1368,90
3,1369,92
3,1370,93
3,1371,93
3,1372,94
3,1373,94
3,1374,93
3,1375,93
3,1376,93
3,1377,95
3,1378,92
3,1379,92
3,1380,88
3,1381,91
3,1382,91
3,1383,91
3,1384,92
3,1385,93
3,1386,96
3,1387,99
3,1388,88
3,1389,90
3,1390,91
3,1391,92
3,1392,90
3,1393,91
3,1394,95
3,1395,90
3,1396,87
3,1397,92
3,1398,93
3,1399,93
3,1400,87
3,1401,89
3,1402,90
3,1403,90
3,1404,92
3,1405,91
3,1406,94
3,1407,90
3,1408,94
3,1409,91
3,1410,88
3,1411,89
3,1412,91
3,1413,94
3,1414,93
3,1415,88
3,1416,91
3,1417,90
3,1418,86
3,1419,89
3,1420,92
3,1421,84
3,1422,87
3,1423,90
3,1424,90
3,1425,88
3,1426,93
3,1427,88
3,1428,87
3,1429,95
3,1430,89
3,1431,85
3,1432,90
3,1433,88
3,1434,90
3,1435,92
3,1436,91
3,1437,90
3,1438,92
3,1439,88
3,1440,92
3,1441,90
3,1442,89
3,1443,89
3,1444,91
3,1445,96
3,1446,94
3,1447,91
3,1448,89
3,1449,91
3,1450,88
3,1451,89
3,1452,88
3,1453,90
3,1454,84
3,1455,89
3,1456,88
3,1457,92
3,1458,90
3,1459,95
3,1460,94
3,1461,91
3,1462,92
3,1463,90
3,1464,93
3,1465,88
3,1466,94
3,1467,89
3,1468,89
3,1469,87
3,1470,86
3,1471,92
3,1472,91
3,1473,91
3,1474,89
3,1475,94
3,1476,92
3,1477,93
3,1478,88
3,1479,91
3,1480,89
3,1481,90
3,1482,91
3,1483,83
3,1484,94
3,1485,91
3,1486,96
3,1487,86
3,1488,93
3,1489,94
3,1490,92
3,1491,92
3,1492,87
3,1493,93
3,1494,96
3,1495,84
3,1496,93
3,1497,89
3,1498,92
3,1499,95
3,1500,90
3,1501,89
3,1502,90
3,1503,91
3,1504,90
3,1505,93
3,1506,88
3,1507,90
3,1508,90
3,1509,89
3,1510,87
3,1511,89
3,1512,87
3,1513,90
3,1514,91
3,1515,87
3,1516,86
3,1517,91
3,1518,87
3,1519,91
3,1520,88
3,1521,92
3,1522,90
3,1523,88
3,1524,86
3,1525,89
3,1526,92
3,1527,91
3,1528,90
3,1529,88
3,1530,90
3,1531,89
3,1532,93
3,1533,86
3,1534,90
3,1535,92
3,1536,94
3,1537,91
3,1538,91
3,1539,87
3,1540,89
3,1541,90
3,1542,91
3,1543,90
3,1544,91
3,1545,89
3,1546,92
3,1547,94
3,1548,94
3,1549,93
3,1550,91
3,1551,90
3,1552,92
3,1553,92
3,1554,91
3,1555,92
3,1556,93
3,1557,91
3,1558,85
3,1559,95
3,1560,92
3,1561,90
3,1562,87
3,1563,88
3,1564,88
3,1565,88
3,1566,90
3,1567,94
3,1568,90
3,1569,88
3,1570,91
3,1571,94
3,1572,88
3,1573,92
3,1574,87
3,1575,91
3,1576,91
3,1577,86
3,1578,89
3,1579,94
3,1580,94
3,1581,92
3,1582,95
3,1583,89
3,1584,92
3,1585,88
3,1586,97
3,1587,91
3,1588,87
3,1589,94
3,1590,92
3,1591,91
3,1592,92
3,1593,91
3,1594,91
3,1595,92
3,1596,94
3,1597,90
3,1598,89
3,1599,90
3,1600,92
3,1601,90
3,1602,94
3,1603,87
3,1604,90
3,1605,94
3,1606,86
3,1607,88
3,1608,83
3,1609,91
3,1610,89
3,1611,96
3,1612,89
3,1613,90
3,1614,92
3,1615,85
3,1616,89
3,1617,92
3,1618,88
3,1619,93
3,1620,93
3,1621,94
3,1622,91
3,1623,89
3,1624,91
3,1625,92
3,1626,90
3,1627,92
3,1628,93
3,1629,92
3,1630,91
3,1631,88
3,1632,88
3,1633,94
3,1634,89
3,1635,92
3,1636,88
3,1637,90
3,1638,92
3,1639,93
3,1640,91
3,1641,91
3,1642,87
3,1643,90
3,1644,88
3,1645,89
3,1646,90
3,1647,93
3,1648,89
3,1649,92
3,1650,88
3,1651,89
3,1652,87
3,1653,93
3,1654,93
3,1655,90
3,1656,90
3,1657,89
3,1658,94
3,1659,92
3,1660,88
3,1661,93
3,1662,92
3,1663,87
3,1664,94
3,1665,93
3,1666,95
3,1667,89
3,1668,92
3,1669,88
3,1670,88
3,1671,84
3,1672,91
3,1673,91
3,1674,88
3,1675,94
3,1676,95
3,1677,93
3,1678,93
3,1679,90
3,1680,87
3,1681,95
3,1682,87
3,1683,91
3,1684,91
3,1685,88
3,1686,91
3,1687,92
3,1688,90
3,1689,91
3,1690,91
3,1691,94
3,1692,93
3,1693,88
3,1694,91
3,1695,91
3,1696,93
3,1697,93
3,1698,86
3,1699,89
3,1700,89
3,1701,96
3,1702,88
3,1703,90
3,1704,96
3,1705,91
3,1706,92
3,1707,87
3,1708,93
3,1709,94
3,1710,90
3,1711,93
3,1712,93
3,1713,93
3,1714,88
3,1715,89
3,1716,88
3,1717,92
3,1718,89
3,1719,95
3,1720,90
3,1721,95
3,1722,88
3,1723,90
3,1724,93
3,1725,94
3,1726,89
3,1727,93
3,1728,91
3,1729,88
3,1730,90
3,1731,90
3,1732,95
3,1733,91
3,1734,88
3,1735,90
3,1736,93
3,1737,89
3,1738,91
3,1739,89
3,1740,86
3,1741,95
3,1742,93
3,1743,89
3,1744,93
3,1745,90
3,1746,84
3,1747,92
3,1748,89
3,1749,96
3,1750,92
3,1751,89
3,1752,94
3,1753,92
3,1754,87
3,1755,89
3,1756,89
3,1757,90
3,1758,93
3,1759,89
3,1760,93
3,1761,88
3,1762,92
3,1763,84
3,1764,88
3,1765,90
3,1766,85
3,1767,94
3,1768,94
3,1769,91
3,1770,94
3,1771,93
3,1772,92
3,1773,89
3,1774,93
3,1775,95
3,1776,89
3,1777,94
3,1778,88
3,1779,91
3,1780,91
3,1781,91
3,1782,87
3,1783,92
3,1784,88
3,1785,92
3,1786,91
3,1787,90
3,1788,90
3,1789,88
3,1790,92
3,1791,91
3,1792,89
3,1793,91
3,1794,92
3,1795,95
3,1796,95
3,1797,93
3,1798,92
3,1799,87
3,1800,89
3,1801,89
3,1802,91
3,1803,93
3,1804,86
3,1805,90
3,1806,92
3,1807,92
3,1808,91
3,1809,92
3,1810,91
3,1811,87
3,1812,85
3,1813,93
3,1814,90
3,1815,92
3,1816,92
3,1817,92
3,1818,92
3,1819,91
3,1820,87
3,1821,87
3,1822,90
3,1823,83
3,1824,95
3,1825,94
3,1826,91
3,1827,93
3,1828,91
3,1829,94
3,1830,89
3,1831,84
3,1832,91
3,1833,91
3,1834,90
3,1835,90
3,1836,87
3,1837,93
3,1838,90
3,1839,88
3,1840,89
3,1841,83
4,0,92
4,1,88
4,2,87
4,3,95
4,4,90
4,5,87
4,6,86
4,7,87
4,8,89
4,9,89
4,10,90
4,11,91
4,12,93
4,13,88
4,14,90
4,15,92
4,16,93
4,17,89
4,18,92
4,19,89
4,20,95
4,21,88
4,22,93
4,23,93
4,24,91
4,25,92
4,26,88
4,27,91
4,28,92
4,29,92
4,30,97
4,31,86
4,32,89
4,33,89
4,34,91
4,35,94
4,36,94
4,37,93
4,38,94
4,39,95
4,40,87
4,41,92
4,42,92
4,43,88
4,44,90
4,45,95
4,46,87
4,47,86
4,48,91
4,49,93
4,50,90
4,51,87
4,52,90
4,53,93
4,54,93
4,55,86
4,56,87
4,57,91
4,58,91
4,59,93
4,60,87
4,61,91
4,62,92
4,63,92
4,64,93
4,65,88
4,66,90
4,67,88
4,68,90
4,69,94
4,70,92
4,71,89
4,72,91
4,73,92
4,74,88
4,75,89
4,76,88
4,77,84
4,78,90
4,79,92
4,80,86
4,81,88
4,82,93
4,83,94
4,84,93
4,85,93
4,86,90
4,87,90
4,88,90
4,89,91
4,90,90
4,91,93
4,92,90
4,93,88
4,94,90
4,95,92
4,96,92
4,97,91
4,98,95
4,99,93
4,100,91
4,101,91
4,102,88
4,103,97
4,104,93
4,105,90
4,106,90
4,107,92
4,108,96
4,109,92
4,110,90
4,111,87
4,112,92
4,113,90
4,114,92
4,115,91
4,116,91
4,117,91
4,118,88
4,119,89
4,120,90
4,121,91
4,122,87
4,123,90
4,124,88
4,125,90
4,126,90
4,127,94
4,128,91
4,129,89
4,130,90
4,131,95
4,132,91
4,133,91
4,134,92
4,135,95
4,136,89
4,137,89
4,138,92
4,139,92
4,140,92
4,141,94
4,142,91
4,143,95
4,144,87
4,145,94
4,146,94
4,147,91
4,148,95
4,149,91
4,150,93
4,151,91
4,152,89
4,153,86
4,154,87
4,155,89
4,156,89
4,157,88
4,158,93
4,159,89
4,160,89
4,161,92
4,162,91
4,163,86
4,164,90
4,165,94
4,166,89
4,167,90
4,168,94
4,169,86
4,170,89
4,171,87
4,172,89
4,173,85
4,174,93
4,175,94
4,176,88
4,177,94
4,178,94
4,179,91
4,180,87
4,181,92
4,182,96
4,183,92
4,184,91
4,185,91
4,186,96
4,187,92
4,188,93
4,189,89
4,190,89
4,191,89
4,192,89
4,193,87
4,194,88
4,195,93
4,196,89
4,197,90
4,198,92
4,199,93
4,200,91
4,201,92
4,202,90
4,203,96
4,204,88
4,205,87
4,206,89
4,207,95
4,208,89
4,209,82
4,210,90
4,211,96
4,212,93
4,213,90
4,214,88
4,215,94
4,216,93
4,217,94
4,218,87
4,219,96
4,220,91
4,221,94
4,222,92
4,223,93
4,224,92
4,225,93
4,226,91
4,227,91
4,228,89
4,229,90
4,230,92
4,231,93
4,232,88
4,233,88
4,234,92
4,235,87
4,236,95
4,237,93
4,238,89
4,239,93
4,240,90
4,241,95
4,242,91
4,243,96
4,244,94
4,245,88
4,246,89
4,247,88
4,248,93
4,249,89
4,250,92
4,251,88
4,252,90
4,253,92
4,254,94
4,255,93
4,256,93
4,257,92
4,258,90
4,259,90
4,260,89
4,261,93
4,262,92
4,263,93
4,264,94
4,265,88
4,266,92
4,267,94
4,268,91
4,269,92
4,270,89
4,271,95
4,272,87
4,273,94
4,274,92
4,275,88
4,276,95
4,277,90
4,278,92
4,279,90
4,280,93
4,281,97
4,282,91
4,283,88
4,284,94
4,285,84
4,286,91
4,287,91
4,288,87
4,289,92
4,290,87
4,291,93
4,292,90
4,293,93
4,294,89
4,295,95
4,296,96
4,297,89
4,298,90
4,299,90
4,300,90
4,301,91
4,302,89
4,303,88
4,304,91
4,305,97
4,306,90
4,307,91
4,308,93
4,309,91
4,310,95
4,311,93
4,312,85
4,313,90
4,314,85
4,315,93
4,316,93
4,317,90
4,318,92
4,319,91
4,320,87
4,321,92
4,322,89
4,323,88
4,324,96
4,325,91
4,326,95
4,327,90
4,328,91
4,329,88
4,330,90
4,331,98
4,332,91
4,333,92
4,334,89
4,335,94
4,336,95
4,337,92
4,338,90
4,339,93
4,340,90
4,341,91
4,342,87
4,343,89
4,344,89
4,345,92
4,346,90
4,347,86
4,348,97
4,349,89
4,350,89
4,351,84
4,352,92
4,353,91
4,354,91
4,355,90
4,356,93
4,357,89
4,358,94
4,359,90
4,360,92
4,361,89
4,362,94
4,363,94
4,364,94
4,365,88
4,366,92
4,367,90
4,368,90
4,369,86
4,370,97
4,371,86
4,372,93
4,373,93
4,374,91
4,375,90
4,376,91
4,377,87
4,378,88
4,379,93
4,380,89
4,381,92
4,382,92
4,383,90
4,384,91
4,385,86
4,386,90
4,387,86
4,388,91
4,389,91
4,390,91
4,391,91
4,392,93
4,393,88
4,394,88
4,395,90
4,396,88
4,397,91
4,398,88
4,399,94
4,400,95
4,401,91
4,402,89
4,403,92
4,404,91
4,405,86
4,406,93
4,407,87
4,408,93
4,409,95
4,410,89
4,411,90
4,412,90
4,413,89
4,414,92
4,415,93
4,416,88
4,417,93
4,418,88
4,419,95
4,420,87
4,421,85
4,422,90
4,423,89
4,424,90
4,425,91
4,426,91
4,427,91
4,428,92
4,429,90
4,430,92
4,431,89
4,432,90
4,433,92
4,434,91
4,435,92
4,436,88
4,437,93
4,438,90
4,439,88
4,440,84
4,441,87
4,442,96
4,443,92
4,444,89
4,445,87
4,446,92
4,447,91
4,448,91
4,449,89
4,450,89
4,451,92
4,452,93
4,453,90
4,454,90
4,455,89
4,456,88
4,457,94
4,458,92
4,459,86
4,460,89
4,461,87
4,462,85
4,463,92
4,464,88
4,465,93
4,466,92
4,467,92
4,468,93
4,469,91
4,470,90
4,471,88
4,472,86
4,473,91
4,474,93
4,475,89
4,476,92
4,477,92
4,478,93
4,479,88
4,480,90
4,481,93
4,482,93
4,483,94
4,484,89
4,485,95
4,486,90
4,487,91
4,488,89
4,489,92
4,490,86
4,491,92
4,492,92
4,493,94
4,494,93
4,495,92
4,496,94
4,497,93
4,498,93
4,499,88
4,500,90
4,501,90
4,502,89
4,503,91
4,504,90
4,505,93
4,506,90
4,507,91
4,508,93
4,509,92
4,510,86
4,511,90
4,512,90
4,513,90
4,514,93
4,515,91
4,516,92
4,517,92
4,518,92
4,519,90
4,520,91
4,521,96
4,522,90
4,523,88
4,524,86
4,525,94
4,526,90
4,527,89
4,528,92
4,529,87
4,530,95
4,531,91
4,532,90
4,533,93
4,534,90
4,535,90
4,536,86
4,537,88
4,538,84
4,539,92
4,540,93
4,541,94
4,542,90
4,543,93
4,544,92
4,545,93
4,546,91
4,547,88
4,548,90
4,549,88
4,550,93
4,551,91
4,552,93
4,553,91
4,554,85
4,555,87
4,556,95
4,557,86
4,558,86
4,559,96
4,560,88
4,561,92
4,562,91
4,563,93
4,564,90
4,565,87
4,566,95
4,567,93
4,568,86
4,569,91
4,570,89
4,571,94
4,572,92
4,573,93
4,574,94
4,575,92
4,576,90
4,577,95
4,578,88
4,579,91
4,580,88
4,581,91
4,582,88
4,583,94
4,584,91
4,585,93
4,586,93
4,587,89
4,588,90
4,589,92
4,590,90
4,591,91
4,592,95
4,593,95
4,594,90
4,595,90
4,596,88
4,597,92
4,598,87
4,599,93
4,600,93
4,601,92
4,602,95
4,603,91
4,604,89
4,605,94
4,606,86
4,607,88
4,608,89
4,609,90
4,610,90
4,611,86
4,612,93
4,613,89
4,614,85
4,615,93
4,616,91
4,617,91
4,618,93
4,619,87
4,620,87
4,621,88
4,622,95
4,623,97
4,624,94
4,625,88
4,626,92
4,627,93
4,628,89
4,629,88
4,630,91
4,631,83
4,632,86
4,633,95
4,634,91
4,635,93
4,636,95
4,637,90
4,638,86
4,639,89
4,640,87
4,641,96
4,642,93
4,643,90
4,644,92
4,645,92
4,646,84
4,647,92
4,648,88
4,649,88
4,650,87
4,651,85
4,652,88
4,653,87
4,654,89
4,655,92
4,656,90
4,657,89
4,658,97
4,659,93
4,660,88
4,661,90
4,662,84
4,663,89
4,664,92
4,665,92
4,666,94
4,667,85
4,668,92
4,669,94
4,670,92
4,671,88
4,672,92
4,673,89
4,674,91
4,675,92
4,676,90
4,677,93
4,678,90
4,679,89
4,680,89
4,681,91
4,682,92
4,683,90
4,684,87
4,685,93
4,686,90
4,687,89
4,688,90
4,689,89
4,690,86
4,691,91
4,692,88
4,693,92
4,694,89
4,695,89
4,696,91
4,697,90
4,698,92
4,699,86
4,700,91
4,701,86
4,702,90
4,703,89
4,704,86
4,705,89
4,706,86
4,707,90
4,708,94
4,709,92
4,710,92
4,711,86
4,712,87
4,713,92
4,714,92
4,715,90
4,716,92
4,717,92
4,718,91
4,719,91
4,720,87
4,721,93
4,722,91
4,723,89
4,724,95
4,725,89
4,726,90
4,727,93
4,728,92
4,729,86
4,730,86
4,731,92
4,732,82
4,733,92
4,734,94
4,735,91
4,736,93
4,737,89
4,738,91
4,739,93
4,740,92
4,741,92
4,742,91
4,743,95
4,744,88
4,745,93
4,746,87
4,747,91
4,748,90
4,749,93
4,750,94
4,751,89
4,752,86
4,753,92
4,754,90
4,755,89
4,756,93
4,757,91
4,758,90
4,759,89
4,760,91
4,761,90
4,762,93
4,763,93
4,764,91
4,765,89
4,766,88
4,767,89
4,768,90
4,769,89
4,770,89
4,771,90
4,772,94
4,773,93
4,774,91
4,775,90
4,776,87
4,777,86
4,778,95
4,779,94
4,780,92
4,781,88
4,782,89
4,783,92
4,784,90
4,785,95
4,786,91
4,787,92
4,788,93
4,789,91
4,790,92
4,791,87
4,792,89
4,793,90
4,794,92
4,795,87
4,796,89
4,797,90
4,798,89
4,799,93
4,800,87
4,801,89
4,802,91
4,803,88
4,804,88
4,805,87
4,806,90
4,807,90
4,808,90
4,809,94
4,810,95
4,811,90
4,812,92
4,813,89
4,814,90
4,815,91
4,816,87
4,817,91
4,818,85
4,819,94
4,820,94
4,821,92
4,822,89
4,823,86
4,824,90
4,825,89
4,826,92
4,827,90
4,828,91
4,829,92
4,830,92
4,831,85
4,832,85
4,833,89
4,834,87
4,835,92
4,836,96
4,837,91
4,838,92
4,839,89
4,840,91
4,841,93
4,842,90
4,843,95
4,844,91
4,845,91
4,846,91
4,847,93
4,848,92
4,849,87
4,850,89
4,851,90
4,852,85
4,853,90
4,854,90
4,855,87
4,856,90
4,857,92
4,858,96
4,859,90
4,860,89
4,861,93
4,862,92
4,863,92
4,864,94
4,865,92
4,866,92
4,867,93
4,868,95
4,869,97
4,870,96
4,871,92
4,872,96
4,873,91
4,874,90
4,875,92
4,876,92
4,877,90
4,878,88
4,879,90
4,880,90
4,881,88
4,882,93
4,883,90
4,884,87
4,885,92
4,886,93
4,887,88
4,888,95
4,889,89
4,890,95
4,891,91
4,892,93
4,893,90
4,894,94
4,895,94
4,896,87
4,897,88
4,898,91
4,899,88
4,900,91
4,901,89
4,902,90
4,903,95
4,904,93
4,905,87
4,906,91
4,907,90
4,908,91
4,909,92
4,910,92
4,911,91
4,912,93
4,913,92
4,914,93
4,915,96
4,916,93
4,917,88
4,918,90
4,919,90
4,920,92
4,921,91
4,922,89
4,923,92
4,924,92
4,925,95
4,926,92
4,927,92
4,928,86
4,929,90
4,930,88
4,931,88
4,932,91
4,933,87
4,934,87
4,935,88
4,936,91
4,937,91
4,938,90
4,939,91
4,940,90
4,941,90
4,942,90
4,943,91
4,944,90
4,945,94
4,946,91
4,947,95
4,948,93
4,949,88
4,950,86
4,951,92
4,952,93
4,953,89
4,954,91
4,955,93
4,956,87
4,957,92
4,958,87
4,959,87
4,960,93
4,961,89
4,962,86
4,963,87
4,964,92
4,965,93
4,966,92
4,967,87
4,968,86
4,969,93
4,970,86
4,971,92
4,972,90
4,973,95
4,974,93
4,975,94
4,976,94
4,977,90
4,978,92
4,979,89
4,980,91
4,981,88
4,982,87
4,983,91
4,984,89
4,985,89
4,986,89
4,987,92
4,988,85
4,989,90
4,990,93
4,991,93
4,992,91
4,993,89
4,994,91
4,995,94
4,996,93
4,997,92
4,998,91
4,999,91
4,1000,93
4,1001,96
4,1002,91
4,1003,89
4,1004,93
4,1005,93
4,1006,90
4,1007,92
4,1008,89
4,1009,92
4,1010,87
4,1011,91
4,1012,91
4,1013,89
4,1014,92
4,1015,94
4,1016,95
4,1017,90
4,1018,91
4,1019,92
4,1020,90
4,1021,91
4,1022,92
4,1023,89
4,1024,87
4,1025,95
4,1026,87
4,1027,91
4,1028,90
4,1029,87
4,1030,86
4,1031,92
4,1032,90
4,1033,93
4,1034,92
4,1035,95
4,1036,88
4,1037,93
4,1038,89
4,1039,87
4,1040,91
4,1041,90
4,1042,91
4,1043,90
4,1044,85
4,1045,84
4,1046,91
4,1047,91
4,1048,91
4,1049,91
4,1050,89
4,1051,89
4,1052,91
4,1053,91
4,1054,94
4,1055,86
4,1056,90
4,1057,92
4,1058,92
4,1059,90
4,1060,91
4,1061,91
4,1062,85
4,1063,89
4,1064,91
4,1065,91
4,1066,92
4,1067,91
4,1068,89
4,1069,91
4,1070,90
4,1071,89
4,1072,90
4,1073,89
4,1074,89
4,1075,91
4,1076,90
4,1077,95
4,1078,91
4,1079,91
4,1080,96
4,1081,86
4,1082,88
4,1083,90
4,1084,89
4,1085,90
4,1086,89
4,1087,91
4,1088,94
4,1089,93
4,1090,91
4,1091,87
4,1092,90
4,1093,93
4,1094,94
4,1095,92
4,1096,89
4,1097,89
4,1098,89
4,1099,90
4,1100,93
4,1101,91
4,1102,95
4,1103,94
4,1104,91
4,1105,90
4,1106,89
4,1107,93
4,1108,93
4,1109,95
4,1110,88
4,1111,91
4,1112,87
4,1113,96
4,1114,89
4,1115,90
4,1116,89
4,1117,94
4,1118,90
4,1119,90
4,1120,90
4,1121,92
4,1122,94
4,1123,94
4,1124,90
4,1125,90
4,1126,90
4,1127,92
4,1128,88
4,1129,87
4,1130,89
4,1131,89
4,1132,91
4,1133,88
4,1134,88
4,1135,94
4,1136,90
4,1137,89
4,1138,94
4,1139,85
4,1140,90
4,1141,92
4,1142,89
4,1143,87
4,1144,93
4,1145,90
4,1146,88
4,1147,94
4,1148,93
4,1149,89
4,1150,88
4,1151,90
4,1152,94
4,1153,92
4,1154,94
4,1155,87
4,1156,91
4,1157,95
4,1158,90
4,1159,92
4,1160,87
4,1161,89
4,1162,88
4,1163,90
4,1164,92
4,1165,92
4,1166,91
4,1167,94
4,1168,91
4,1169,93
4,1170,90
4,1171,84
4,1172,93
4,1173,90
4,1174,89
4,1175,88
4,1176,92
4,1177,93
4,1178,90
4,1179,91
4,1180,93
4,1181,89
4,1182,86
4,1183,93
4,1184,95
4,1185,90
4,1186,91
4,1187,88
4,1188,89
4,1189,92
4,1190,88
4,1191,93
4,1192,89
4,1193,88
4,1194,94
4,1195,89
4,1196,92
4,1197,88
4,1198,92
4,1199,91
4,1200,94
4,1201,91
4,1202,93
4,1203,94
4,1204,89
4,1205,91
4,1206,88
4,1207,91
4,1208,89
4,1209,92
4,1210,94
4,1211,91
4,1212,92
4,1213,90
4,1214,89
4,1215,90
4,1216,91
4,1217,89
4,1218,91
4,1219,90
4,1220,91
4,1221,91
4,1222,91
4,1223,92
4,1224,92
4,1225,84
4,1226,91
4,1227,88
4,1228,87
4,1229,88
4,1230,92
4,1231,90
4,1232,87
4,1233,87
4,1234,90
4,1235,89
4,1236,88
4,1237,92
4,1238,94
4,1239,93
4,1240,86
4,1241,91
4,1242,92
4,1243,94
4,1244,90
4,1245,94
4,1246,92
4,1247,91
4,1248,87
4,1249,88
4,1250,92
4,1251,91
4,1252,95
4,1253,89
4,1254,90
4,1255,94
4,1256,93
4,1257,93
4,1258,90
4,1259,87
4,1260,89
4,1261,92
4,1262,84
4,1263,90
4,1264,94
4,1265,87
4,1266,91
4,1267,88
4,1268,92
4,1269,90
4,1270,87
4,1271,92
4,1272,88
4,1273,89
4,1274,89
4,1275,92
4,1276,89
4,1277,84
4,1278,89
4,1279,89
4,1280,96
4,1281,90
4,1282,88
4,1283,92
4,1284,90
4,1285,93
4,1286,90
4,1287,85
4,1288,94
4,1289,89
4,1290,90
4,1291,94
4,1292,92
4,1293,95
4,1294,89
4,1295,86
4,1296,92
4,1297,87
4,1298,89
4,1299,85
4,1300,87
4,1301,86
4,1302,92
4,1303,94
4,1304,89
4,1305,94
4,1306,88
4,1307,92
4,1308,92
4,1309,93
4,1310,92
4,1311,91
4,1312,88
4,1313,94
4,1314,93
4,1315,90
4,1316,93
4,1317,88
4,1318,91
4,1319,89
4,1320,91
4,1321,91
4,1322,92
4,1323,93
4,1324,95
4,1325,91
4,1326,94
4,1327,85
4,1328,92
4,1329,96
4,1330,92
4,1331,89
4,1332,91
4,1333,91
4,1334,88
4,1335,91
4,1336,89
4,1337,94
4,1338,85
4,1339,92
4,1340,94
4,1341,90
4,1342,86
4,1343,86
4,1344,92
4,1345,93
4,1346,95
4,1347,90
4,1348,88
4,1349,96
4,1350,88
4,1351,87
4,1352,89
4,1353,92
4,1354,88
4,1355,88
4,1356,94
4,1357,92
4,1358,94
4,1359,92
4,1360,95
4,1361,92
4,1362,90
4,1363,89
4,1364,91
4,1365,89
4,1366,95
4,1367,89
4,1368,84
4,1369,91
4,1370,90
4,1371,95
4,1372,86
4,1373,85
4,1374,95
4,1375,89
4,1376,90
4,1377,90
4,1378,92
4,1379,94
4,1380,90
4,1381,88
4,1382,89
4,1383,89
4,1384,96
4,1385,89
4,1386,93
4,1387,90
4,1388,90
4,1389,91
4,1390,86
4,1391,86
4,1392,90
4,1393,90
4,1394,93
4,1395,93
4,1396,89
4,1397,93
4,1398,88
4,1399,89
4,1400,90
4,1401,91
4,1402,94
4,1403,93
4,1404,91
4,1405,91
4,1406,94
4,1407,92
4,1408,92
4,1409,92
4,1410,92
4,1411,94
4,1412,91
4,1413,97
4,1414,92
4,1415,89
4,1416,92
4,1417,93
4,1418,86
4,1419,95
4,1420,89
4,1421,93
4,1422,88
4,1423,94
4,1424,91
4,1425,92
4,1426,91
4,1427,93
4,1428,90
4,1429,93
4,1430,88
4,1431,94
4,1432,91
4,1433,86
4,1434,92
4,1435,92
4,1436,89
4,1437,90
4,1438,95
4,1439,90
4,1440,89
4,1441,90
4,1442,93
4,1443,93
4,1444,86
4,1445,90
4,1446,90
4,1447,93
4,1448,93
4,1449,92
4,1450,92
4,1451,88
4,1452,94
4,1453,87
4,1454,94
4,1455,92
4,1456,98
4,1457,89
4,1458,92
4,1459,91
4,1460,91
4,1461,90
4,1462,91
4,1463,94
4,1464,94
4,1465,85
4,1466,88
4,1467,92
4,1468,92
4,1469,92
4,1470,86
4,1471,93
4,1472,90
4,1473,89
4,1474,90
4,1475,93
4,1476,92
4,1477,85
4,1478,88
4,1479,83
4,1480,93
4,1481,92
4,1482,91
4,1483,87
4,1484,90
4,1485,93
4,1486,91
4,1487,92
4,1488,91
4,1489,93
4,1490,90
4,1491,87
4,1492,92
4,1493,91
4,1494,92
4,1495,92
4,1496,94
4,1497,90
4,1498,85
4,1499,88
4,1500,87
4,1501,89
4,1502,90
4,1503,91
4,1504,91
4,1505,91
4,1506,89
4,1507,90
4,1508,94
4,1509,90
4,1510,89
4,1511,86
4,1512,93
4,1513,89
4,1514,90
4,1515,90
4,1516,92
4,1517,88
4,1518,90
4,1519,95
4,1520,90
4,1521,92
4,1522,90
4,1523,85
4,1524,86
4,1525,89
4,1526,94
4,1527,88
4,1528,89
4,1529,87
4,1530,91
4,1531,88
4,1532,87
4,1533,91
4,1534,91
4,1535,94
4,1536,93
4,1537,90
4,1538,90
4,1539,92
4,1540,91
4,1541,80
4,1542,91
4,1543,92
4,1544,86
4,1545,85
4,1546,90
4,1547,91
4,1548,93
4,1549,88
4,1550,89
4,1551,91
4,1552,88
4,1553,89
4,1554,86
4,1555,91
4,1556,90
4,1557,90
4,1558,90
4,1559,93
4,1560,94
4,1561,87
4,1562,83
4,1563,93
4,1564,96
4,1565,90
4,1566,94
4,1567,90
4,1568,88
4,1569,90
4,1570,93
4,1571,93
4,1572,88
4,1573,94
4,1574,91
4,1575,95
4,1576,91
4,1577,90
4,1578,87
4,1579,94
4,1580,93
4,1581,88
4,1582,93
4,1583,90
4,1584,92
4,1585,86
4,1586,88
4,1587,93
4,1588,91
4,1589,89
4,1590,89
4,1591,92
4,1592,91
4,1593,88
4,1594,92
4,1595,87
4,1596,92
4,1597,92
4,1598,93
4,1599,90
4,1600,89
4,1601,92
4,1602,90
4,1603,91
4,1604,90
4,1605,88
4,1606,88
4,1607,94
4,1608,90
4,1609,93
4,1610,89
4,1611,93
4,1612,94
4,1613,94
4,1614,92
4,1615,91
4,1616,92
4,1617,91
4,1618,91
4,1619,93
4,1620,94
4,1621,89
4,1622,93
4,1623,92
4,1624,87
4,1625,91
4,1626,89
4,1627,87
4,1628,95
4,1629,90
4,1630,89
4,1631,90
4,1632,93
4,1633,93
4,1634,90
4,1635,95
4,1636,88
4,1637,91
4,1638,95
4,1639,88
4,1640,87
4,1641,88
4,1642,92
4,1643,91
4,1644,91
4,1645,89
4,1646,93
4,1647,90
4,1648,94
4,1649,90
4,1650,93
4,1651,94
4,1652,91
4,1653,91
4,1654,93
4,1655,93
4,1656,89
4,1657,91
4,1658,90
4,1659,90
4,1660,92
4,1661,92
4,1662,89
4,1663,93
4,1664,88
4,1665,92
4,1666,90
4,1667,95
4,1668,92
4,1669,91
4,1670,92
4,1671,89
4,1672,90
4,1673,92
4,1674,92
4,1675,91
4,1676,87
4,1677,87
4,1678,92
4,1679,91
4,1680,91
4,1681,84
4,1682,90
4,1683,91
4,1684,90
4,1685,92
4,1686,90
4,1687,88
4,1688,89
4,1689,92
4,1690,88
4,1691,89
4,1692,92
4,1693,94
4,1694,90
4,1695,93
4,1696,93
4,1697,92
4,1698,91
4,1699,85
4,1700,91
4,1701,90
4,1702,93
4,1703,91
4,1704,91
4,1705,91
4,1706,90
4,1707,94
4,1708,89
4,1709,89
4,1710,91
4,1711,86
4,1712,89
4,1713,84
4,1714,90
4,1715,94
4,1716,90
4,1717,92
4,1718,93
4,1719,92
4,1720,96
4,1721,93
4,1722,91
4,1723,92
4,1724,90
4,1725,90
4,1726,91
4,1727,89
4,1728,90
4,1729,89
4,1730,90
4,1731,90
4,1732,91
4,1733,91
4,1734,86
4,1735,88
4,1736,92
4,1737,90
4,1738,91
4,1739,89
4,1740,93
4,1741,94
4,1742,93
4,1743,92
4,1744,88
4,1745,88
4,1746,92
4,1747,93
4,1748,91
4,1749,90
4,1750,85
4,1751,93
4,1752,91
4,1753,92
4,1754,93
4,1755,91
4,1756,90
4,1757,87
4,1758,90
4,1759,93
4,1760,91
4,1761,92
4,1762,95
4,1763,92
4,1764,92
4,1765,90
4,1766,85
4,1767,89
4,1768,83
4,1769,90
4,1770,91
4,1771,93
4,1772,86
4,1773,89
4,1774,91
4,1775,88
4,1776,88
4,1777,88
4,1778,91
4,1779,94
4,1780,91
4,1781,95
4,1782,89
4,1783,92
4,1784,87
4,1785,88
4,1786,90
4,1787,86
4,1788,91
4,1789,88
4,1790,91
4,1791,91
4,1792,92
4,1793,92
4,1794,85
4,1795,87
4,1796,91
4,1797,92
4,1798,91
4,1799,92
4,1800,92
4,1801,87
4,1802,95
4,1803,92
4,1804,91
4,1805,89
4,1806,93
4,1807,88
4,1808,88
4,1809,94
4,1810,82
4,1811,83
4,1812,95
4,1813,93
4,1814,94
4,1815,87
4,1816,90
4,1817,92
4,1818,91
4,1819,90
4,1820,86
4,1821,92
4,1822,88
4,1823,86
4,1824,88
4,1825,90
4,1826,93
4,1827,94
4,1828,93
4,1829,94
4,1830,91
4,1831,94
4,1832,87
4,1833,86
4,1834,88
4,1835,93
4,1836,87
4,1837,91
4,1838,89
4,1839,90
4,1840,89
4,1841,94
5,0,89
5,1,87
5,2,92
5,3,93
5,4,93
5,5,89
5,6,91
5,7,90
5,8,89
5,9,91
5,10,94
5,11,93
5,12,90
5,13,92
5,14,89
5,15,94
5,16,91
5,17,90
5,18,91
5,19,94
5,20,89
5,21,88
5,22,93
5,23,93
5,24,87
5,25,85
5,26,91
5,27,95
5,28,93
5,29,94
5,30,92
5,31,87
5,32,88
5,33,88
5,34,85
5,35,90
5,36,91
5,37,88
5,38,90
5,39,88
5,40,93
5,41,87
5,42,90
5,43,95
5,44,82
5,45,89
5,46,93
5,47,88
5,48,93
5,49,85
5,50,90
5,51,90
5,52,90
5,53,92
5,54,92
5,55,94
5,56,92
5,57,96
5,58,88
5,59,90
5,60,94
5,61,92
5,62,91
5,63,87
5,64,94
5,65,88
5,66,85
5,67,89
5,68,88
5,69,94
5,70,96
5,71,90
5,72,95
5,73,91
5,74,91
5,75,88
5,76,86
5,77,82
5,78,92
5,79,90
5,80,92
5,81,94
5,82,86
5,83,90
5,84,88
5,85,90
5,86,95
5,87,92
5,88,92
5,89,90
5,90,89
5,91,87
5,92,91
5,93,89
5,94,96
5,95,88
5,96,92
5,97,93
5,98,91
5,99,87
5,100,90
5,101,91
5,102,89
5,103,91
5,104,92
5,105,89
5,106,90
5,107,91
5,108,88
5,109,90
5,110,95
5,111,95
5,112,94
5,113,89
5,114,93
5,115,89
5,116,87
5,117,89
5,118,90
5,119,91
5,120,91
5,121,92
5,122,89
5,123,90
5,124,88
5,125,90
5,126,88
5,127,91
5,128,90
5,129,89
5,130,88
5,131,90
5,132,88
5,133,85
5,134,92
5,135,88
5,136,87
5,137,93
5,138,88
5,139,86
5,140,94
5,141,96
5,142,92
5,143,87
5,144,93
5,145,92
5,146,90
5,147,90
5,148,94
5,149,93
5,150,91
5,151,88
5,152,91
5,153,91
5,154,90
5,155,81
5,156,92
5,157,86
5,158,93
5,159,90
5,160,87
5,161,92
5,162,88
5,163,91
5,164,86
5,165,85
5,166,86
5,167,96
5,168,90
5,169,90
5,170,91
5,171,90
5,172,86
5,173,91
5,174,88
5,175,93
5,176,92
5,177,90
5,178,92
5,179,94
5,180,91
5,181,86
5,182,86
5,183,87
5,184,96
5,185,89
5,186,90
5,187,98
5,188,89
5,189,95
5,190,93
5,191,94
5,192,93
5,193,96
5,194,90
5,195,89
5,196,93
5,197,92
5,198,92
5,199,87
5,200,93
5,201,89
5,202,93
5,203,93
5,204,91
5,205,92
5,206,93
5,207,94
5,208,87
5,209,92
5,210,94
5,211,94
5,212,90
5,213,93
5,214,91
5,215,90
5,216,93
5,217,88
5,218,89
5,219,86
5,220,93
5,221,90
5,222,87
5,223,88
5,224,91
5,225,91
5,226,91
5,227,91
5,228,95
5,229,96
5,230,88
5,231,94
5,232,90
5,233,91
5,234,89
5,235,91
5,236,92
5,237,94
5,238,96
5,239,92
5,240,97
5,241,90
5,242,93
5,243,88
5,244,91
5,245,89
5,246,87
5,247,93
5,248,88
5,249,97
5,250,96
5,251,85
5,252,89
5,253,92
5,254,93
5,255,89
5,256,92
5,257,91
5,258,92
5,259,86
5,260,88
5,261,92
5,262,90
5,263,91
5,264,90
5,265,91
5,266,88
5,267,91
5,268,91
5,269,91
5,270,88
5,271,87
5,272,96
5,273,91
5,274,92
5,275,89
5,276,92
5,277,92
5,278,94
5,279,92
5,280,84
5,281,90
5,282,90
5,283,86
5,284,87
5,285,90
5,286,90
5,287,91
5,288,89
5,289,90
5,290,92
5,291,91
5,292,90
5,293,90
5,294,95
5,295,92
5,296,92
5,297,92
5,298,91
5,299,87
5,300,87
5,301,91
5,302,88
5,303,93
5,304,91
5,305,91
5,306,85
5,307,91
5,308,90
5,309,92
5,310,86
5,311,88
5,312,90
5,313,93
5,314,92
5,315,88
5,316,91
5,317,93
5,318,93
5,319,89
5,320,91
5,321,90
5,322,92
5,323,91
5,324,93
5,325,89
5,326,91
5,327,94
5,328,94
5,329,91
5,330,93
5,331,90
5,332,93
5,333,93
5,334,92
5,335,90
5,336,89
5,337,90
5,338,98
5,339,89
5,340,91
5,341,91
5,342,88
5,343,91
5,344,90
5,345,90
5,346,93
5,347,90
5,348,94
5,349,90
5,350,88
5,351,90
5,352,84
5,353,93
5,354,88
5,355,87
5,356,87
5,357,90
5,358,91
5,359,91
5,360,87
5,361,92
5,362,91
5,363,90
5,364,92
5,365,92
5,366,90
5,367,94
5,368,94
5,369,92
5,370,95
5,371,92
5,372,89
5,373,94
5,374,91
5,375,91
5,376,90
5,377,92
5,378,92
5,379,87
5,380,93
5,381,89
5,382,92
5,383,94
5,384,89
5,385,91
5,386,86
5,387,92
5,388,93
5,389,90
5,390,91
5,391,88
5,392,89
5,393,90
5,394,94
5,395,91
5,396,90
5,397,92
5,398,90
5,399,91
5,400,89
5,401,89
5,402,90
5,403,90
5,404,90
5,405,92
5,406,93
5,407,89
5,408,88
5,409,89
5,410,91
5,411,92
5,412,89
5,413,85
5,414,88
5,415,91
5,416,92
5,417,96
5,418,92
5,419,90
5,420,87
5,421,92
5,422,93
5,423,91
5,424,96
5,425,93
5,426,95
5,427,91
5,428,91
5,429,87
5,430,88
5,431,87
5,432,88
5,433,94
5,434,95
5,435,94
5,436,85
5,437,90
5,438,86
5,439,92
5,440,92
5,441,93
5,442,93
5,443,88
5,444,85
5,445,92
5,446,91
5,447,86
5,448,95
5,449,86
5,450,93
5,451,93
5,452,90
5,453,84
5,454,94
5,455,88
5,456,92
5,457,92
5,458,92
5,459,95
5,460,91
5,461,90
5,462,89
5,463,90
5,464,87
5,465,92
5,466,91
5,467,86
5,468,89
5,469,90
5,470,91
5,471,92
5,472,88
5,473,89
5,474,89
5,475,90
5,476,93
5,477,85
5,478,89
5,479,90
5,480,89
5,481,94
5,482,94
5,483,87
5,484,86
5,485,92
5,486,92
5,487,93
5,488,92
5,489,87
5,490,90
5,491,94
5,492,86
5,493,93
5,494,90
5,495,91
5,496,89
5,497,92
5,498,89
5,499,92
5,500,86
5,501,89
5,502,89
5,503,88
5,504,92
5,505,91
5,506,91
5,507,88
5,508,92
5,509,94
5,510,93
5,511,93
5,512,93
5,513,89
5,514,92
5,515,89
5,516,90
5,517,85
5,518,88
5,519,91
5,520,94
5,521,89
5,522,87
5,523,90
5,524,94
5,525,92
5,526,89
5,527,90
5,528,87
5,529,89
5,530,95
5,531,91
5,532,90
5,533,90
5,534,90
5,535,88
5,536,88
5,537,92
5,538,94
5,539,94
5,540,88
5,541,93
5,542,91
5,543,91
5,544,91
5,545,88
5,546,88
5,547,90
5,548,92
5,549,88
5,550,88
5,551,84
5,552,92
5,553,87
5,554,92
5,555,92
5,556,91
5,557,91
5,558,92
5,559,89
5,560,93
5,561,89
5,562,90
5,563,88
5,564,86
5,565,88
5,566,86
5,567,87
5,568,94
5,569,88
5,570,89
5,571,92
5,572,90
5,573,89
5,574,95
5,575,91
5,576,91
5,577,87
5,578,93
5,579,91
5,580,91
5,581,90
5,582,90
5,583,90
5,584,91
5,585,93
5,586,93
5,587,96
5,588,90
5,589,89
5,590,93
5,591,96
5,592,90
5,593,91
5,594,91
5,595,93
5,596,92
5,597,96
5,598,84
5,599,91
5,600,90
5,601,89
5,602,85
5,603,90
5,604,88
5,605,91
5,606,89
5,607,90
5,608,93
5,609,88
5,610,97
5,611,91
5,612,93
5,613,89
5,614,89
5,615,93
5,616,96
5,617,88
5,618,92
5,619,90
5,620,89
5,621,95
5,622,85
5,623,88
5,624,90
5,625,93
5,626,87
5,627,92
5,628,94
5,629,88
5,630,91
5,631,93
5,632,90
5,633,94
5,634,88
5,635,94
5,636,93
5,637,92
5,638,89
5,639,87
5,640,92
5,641,87
5,642,91
5,643,91
5,644,96
5,645,94
5,646,89
5,647,92
5,648,91
5,649,95
5,650,92
5,651,92
5,652,91
5,653,95
5,654,88
5,655,93
5,656,93
5,657,90
5,658,88
5,659,93
5,660,90
5,661,87
5,662,90
5,663,88
5,664,87
5,665,91
5,666,93
5,667,86
5,668,89
5,669,94
5,670,91
5,671,90
5,672,96
5,673,87
5,674,91
5,675,91
5,676,95
5,677,89
5,678,90
5,679,92
5,680,95
5,681,90
5,682,89
5,683,93
5,684,90
5,685,93
5,686,91
5,687,94
5,688,95
5,689,84
5,690,95
5,691,87
5,692,87
5,693,86
5,694,89
5,695,87
5,696,92
5,697,95
5,698,86
5,699,91
5,700,94
5,701,94
5,702,90
5,703,90
5,704,94
5,705,86
5,706,93
5,707,91
5,708,86
5,709,91
5,710,88
5,711,89
5,712,89
5,713,88
5,714,88
5,715,83
5,716,88
5,717,91
5,718,93
5,719,92
5,720,92
5,721,88
5,722,89
5,723,91
5,724,90
5,725,91
5,726,88
5,727,90
5,728,85
5,729,94
5,730,95
5,731,87
5,732,91
5,733,93
5,734,89
5,735,90
5,736,89
5,737,90
5,738,96
5,739,91
5,740,92
5,741,93
5,742,91
5,743,90
5,744,93
5,745,91
5,746,89
5,747,94
5,748,88
5,749,88
5,750,88
5,751,92
5,752,89
5,753,87
5,754,88
5,755,92
5,756,91
5,757,91
5,758,89
5,759,88
5,760,91
5,761,90
5,762,91
5,763,92
5,764,91
5,765,89
5,766,91
5,767,93
5,768,92
5,769,88
5,770,89
5,771,92
5,772,90
5,773,88
5,774,95
5,775,91
5,776,93
5,777,93
5,778,89
5,779,94
5,780,88
5,781,90
5,782,90
5,783,91
5,784,95
5,785,90
5,786,93
5,787,90
5,788,93
5,789,90
5,790,92
5,791,90
5,792,93
5,793,94
5,794,92
5,795,94
5,796,89
5,797,89
5,798,90
5,799,90
5,800,86
5,801,92
5,802,92
5,803,90
5,804,86
5,805,91
5,806,90
5,807,90
5,808,90
5,809,90
5,810,92
5,811,94
5,812,90
5,813,92
5,814,90
5,815,90
5,816,87
5,817,88
5,818,88
5,819,91
5,820,89
5,821,88
5,822,93
5,823,91
5,824,90
5,825,92
5,826,90
5,827,90
5,828,88
5,829,93
5,830,89
5,831,94
5,832,91
5,833,92
5,834,89
5,835,89
5,836,89
5,837,94
5,838,84
5,839,93
5,840,94
5,841,90
5,842,89
5,843,92
5,844,90
5,845,92
5,846,90
5,847,87
5,848,90
5,849,92
5,850,94
5,851,90
5,852,93
5,853,90
5,854,94
5,855,94
5,856,87
5,857,88
5,858,95
5,859,91
5,860,87
5,861,93
5,862,92
5,863,97
5,864,95
5,865,94
5,866,90
5,867,90
5,868,90
5,869,93
5,870,86
5,871,89
5,872,90
5,873,94
5,874,92
5,875,89
5,876,90
5,877,91
5,878,84
5,879,87
5,880,91
5,881,91
5,882,87
5,883,91
5,884,93
5,885,92
5,886,96
5,887,87
5,888,91
5,889,86
5,890,92
5,891,94
5,892,89
5,893,91
5,894,92
5,895,92
5,896,87
5,897,91
5,898,86
5,899,90
5,900,93
5,901,95
5,902,86
5,903,94
5,904,90
5,905,93
5,906,88
5,907,88
5,908,90
5,909,93
5,910,93
5,911,86
5,912,91
5,913,89
5,914,93
5,915,90
5,916,86
5,917,88
5,918,93
5,919,91
5,920,91
5,921,90
5,922,89
5,923,85
5,924,92
5,925,87
5,926,93
5,927,93
5,928,92
5,929,93
5,930,86
5,931,89
5,932,86
5,933,92
5,934,89
5,935,93
5,936,88
5,937,92
5,938,84
5,939,85
5,940,92
5,941,94
5,942,93
5,943,89
5,944,86
5,945,85
5,946,94
5,947,87
5,948,90
5,949,95
5,950,83
5,951,93
5,952,90
5,953,89
5,954,93
5,955,91
5,956,98
5,957,92
5,958,89
5,959,91
5,960,95
5,961,93
5,962,93
5,963,92
5,964,90
5,965,89
5,966,90
5,967,88
5,968,91
5,969,91
5,970,87
5,971,85
5,972,86
5,973,95
5,974,93
5,975,92
5,976,91
5,977,95
5,978,94
5,979,93
5,980,91
5,981,92
5,982,93
5,983,91
5,984,89
5,985,88
5,986,95
5,987,95
5,988,92
5,989,90
5,990,92
5,991,90
5,992,94
5,993,92
5,994,95
5,995,90
5,996,84
5,997,88
5,998,90
5,999,89
5,1000,94
5,1001,87
5,1002,92
5,1003,93
5,1004,95
5,1005,89
5,1006,88
5,1007,93
5,1008,95
5,1009,91
5,1010,93
5,1011,92
5,1012,88
5,1013,92
5,1014,90
5,1015,90
5,1016,95
5,1017,89
5,1018,91
5,1019,90
5,1020,89
5,1021,89
5,1022,91
5,1023,90
5,1024,90
5,1025,88
5,1026,86
5,1027,90
5,1028,93
5,1029,92
5,1030,88
5,1031,94
5,1032,89
5,1033,93
5,1034,92
5,1035,91
5,1036,91
5,1037,92
5,1038,93
5,1039,96
5,1040,88
5,1041,92
5,1042,91
5,1043,90
5,1044,97
5,1045,89
5,1046,92
5,1047,92
5,1048,93
5,1049,93
5,1050,89
5,1051,92
5,1052,93
5,1053,91
5,1054,93
5,1055,89
5,1056,89
5,1057,93
5,1058,92
5,1059,90
5,1060,95
5,1061,89
5,1062,93
5,1063,90
5,1064,88
5,1065,93
5,1066,89
5,1067,93
5,1068,91
5,1069,94
5,1070,93
5,1071,95
5,1072,89
5,1073,94
5,1074,89
5,1075,91
5,1076,90
5,1077,94
5,1078,90
5,1079,87
5,1080,93
5,1081,86
5,1082,88
5,1083,87
5,1084,92
5,1085,95
5,1086,93
5,1087,95
5,1088,91
5,1089,89
5,1090,91
5,1091,94
5,1092,91
5,1093,93
5,1094,88
5,1095,92
5,1096,86
5,1097,89
5,1098,92
5,1099,87
5,1100,94
5,1101,93
5,1102,86
5,1103,90
5,1104,87
5,1105,93
5,1106,93
5,1107,90
5,1108,92
5,1109,90
5,1110,92
5,1111,91
5,1112,92
5,1113,87
5,1114,93
5,1115,87
5,1116,90
5,1117,92
5,1118,89
5,1119,92
5,1120,93
5,1121,91
5,1122,92
5,1123,92
5,1124,92
5,1125,90
5,1126,94
5,1127,89
5,1128,86
5,1129,86
5,1130,89
5,1131,94
5,1132,92
5,1133,91
5,1134,93
5,1135,90
5,1136,91
5,1137,90
5,1138,90
5,1139,95
5,1140,87
5,1141,87
5,1142,90
5,1143,91
5,1144,89
5,1145,90
5,1146,93
5,1147,90
5,1148,88
5,1149,89
5,1150,92
5,1151,92
5,1152,89
5,1153,95
5,1154,93
5,1155,88
5,1156,90
5,1157,93
5,1158,90
5,1159,92
5,1160,90
5,1161,97
5,1162,94
5,1163,92
5,1164,91
5,1165,88
5,1166,89
5,1167,95
5,1168,87
5,1169,93
5,1170,91
5,1171,92
5,1172,92
5,1173,93
5,1174,86
5,1175,88
5,1176,95
5,1177,88
5,1178,94
5,1179,94
5,1180,90
5,1181,87
5,1182,87
5,1183,86
5,1184,89
5,1185,88
5,1186,89
5,1187,90
5,1188,93
5,1189,91
5,1190,87
5,1191,89
5,1192,92
5,1193,90
5,1194,91
5,1195,87
5,1196,87
5,1197,92
5,1198,92
5,1199,92
5,1200,91
5,1201,88
5,1202,91
5,1203,88
5,1204,88
5,1205,90
5,1206,93
5,1207,92
5,1208,89
5,1209,92
5,1210,93
5,1211,84
5,1212,91
5,1213,89
5,1214,87
5,1215,92
5,1216,89
5,1217,93
5,1218,90
5,1219,90
5,1220,88
5,1221,91
5,1222,89
5,1223,92
5,1224,87
5,1225,92
5,1226,90
5,1227,92
5,1228,91
5,1229,92
5,1230,94
5,1231,89
5,1232,90
5,1233,93
5,1234,89
5,1235,94
5,1236,90
5,1237,90
5,1238,91
5,1239,90
5,1240,86
5,1241,94
5,1242,93
5,1243,92
5,1244,95
5,1245,87
5,1246,90
5,1247,90
5,1248,87
5,1249,87
5,1250,89
5,1251,90
5,1252,93
5,1253,90
5,1254,88
5,1255,85
5,1256,94
5,1257,94
5,1258,93
5,1259,87
5,1260,88
5,1261,92
5,1262,89
5,1263,90
5,1264,91
5,1265,94
5,1266,93
5,1267,88
5,1268,87
5,1269,90
5,1270,90
5,1271,84
5,1272,90
5,1273,92
5,1274,92
5,1275,93
5,1276,88
5,1277,89
5,1278,87
5,1279,90
5,1280,89
5,1281,88
5,1282,91
5,1283,91
5,1284,90
5,1285,87
5,1286,90
5,1287,94
5,1288,87
5,1289,90
5,1290,90
5,1291,92
5,1292,89
5,1293,87
5,1294,92
5,1295,92
5,1296,86
5,1297,92
5,1298,88
5,1299,91
5,1300,95
5,1301,91
5,1302,89
5,1303,97
5,1304,94
5,1305,91
5,1306,88
5,1307,91
5,1308,93
5,1309,95
5,1310,92
5,1311,96
5,1312,90
5,1313,90
5,1314,95
5,1315,89
5,1316,87
5,1317,88
5,1318,94
5,1319,85
5,1320,95
5,1321,89
5,1322,85
5,1323,91
5,1324,93
5,1325,90
5,1326,94
5,1327,85
5,1328,88
5,1329,88
5,1330,90
5,1331,92
5,1332,90
5,1333,93
5,1334,91
5,1335,93
5,1336,89
5,1337,88
5,1338,85
5,1339,91
5,1340,92
5,1341,91
5,1342,92
5,1343,88
5,1344,97
5,1345,94
5,1346,96
5,1347,88
5,1348,89
5,1349,94
5,1350,91
5,1351,91
5,1352,90
5,1353,92
5,1354,88
5,1355,89
5,1356,91
5,1357,95
5,1358,93
5,1359,91
5,1360,92
5,1361,91
5,1362,92
5,1363,90
5,1364,93
5,1365,95
5,1366,90
5,1367,86
5,1368,91
5,1369,90
5,1370,91
5,1371,91
5,1372,89
5,1373,89
5,1374,87
5,1375,93
5,1376,91
5,1377,87
5,1378,88
5,1379,89
5,1380,94
5,1381,91
5,1382,92
5,1383,90
5,1384,90
5,1385,92
5,1386,92
5,1387,89
5,1388,92
5,1389,86
5,1390,95
5,1391,89
5,1392,91
5,1393,85
5,1394,91
5,1395,91
5,1396,89
5,1397,93
5,1398,93
5,1399,90
5,1400,90
5,1401,90
5,1402,90
5,1403,91
5,1404,94
5,1405,91
5,1406,93
5,1407,91
5,1408,89
5,1409,96
5,1410,90
5,1411,93
5,1412,93
5,1413,90
5,1414,90
5,1415,91
5,1416,93
5,1417,88
5,1418,88
5,1419,89
5,1420,92
5,1421,89
5,1422,95
5,1423,91
5,1424,88
5,1425,93
5,1426,88
5,1427,93
5,1428,90
5,1429,90
5,1430,91
5,1431,86
5,1432,90
5,1433,90
5,1434,89
5,1435,93
5,1436,94
5,1437,92
5,1438,90
5,1439,92
5,1440,89
5,1441,93
5,1442,86
5,1443,90
5,1444,87
5,1445,89
5,1446,88
5,1447,94
5,1448,91
5,1449,91
5,1450,92
5,1451,94
5,1452,91
5,1453,94
5,1454,90
5,1455,90
5,1456,89
5,1457,89
5,1458,92
5,1459,91
5,1460,94
5,1461,91
5,1462,89
5,1463,93
5,1464,94
5,1465,93
5,1466,95
5,1467,88
5,1468,92
5,1469,94
5,1470,89
5,1471,92
5,1472,92
5,1473,89
5,1474,90
5,1475,89
5,1476,88
5,1477,90
5,1478,95
5,1479,86
5,1480,92
5,1481,95
5,1482,91
5,1483,92
5,1484,92
5,1485,93
5,1486,89
5,1487,94
5,1488,90
5,1489,92
5,1490,93
5,1491,95
5,1492,90
5,1493,92
5,1494,91
5,1495,93
5,1496,92
5,1497,90
5,1498,87
5,1499,89
5,1500,95
5,1501,88
5,1502,93
5,1503,92
5,1504,94
5,1505,93
5,1506,92
5,1507,84
5,1508,89
5,1509,90
5,1510,95
5,1511,85
5,1512,91
5,1513,90
5,1514,88
5,1515,87
5,1516,91
5,1517,90
5,1518,91
5,1519,88
5,1520,90
5,1521,93
5,1522,90
5,1523,88
5,1524,90
5,1525,89
5,1526,92
5,1527,89
5,1528,90
5,1529,91
5,1530,91
5,1531,91
5,1532,92
5,1533,90
5,1534,91
5,1535,90
5,1536,92
5,1537,94
5,1538,88
5,1539,85
5,1540,88
5,1541,85
5,1542,91
5,1543,86
5,1544,92
5,1545,96
5,1546,92
5,1547,88
5,1548,90
5,1549,90
5,1550,90
5,1551,87
5,1552,92
5,1553,87
5,1554,89
5,1555,89
5,1556,93
5,1557,91
5,1558,91
5,1559,95
5,1560,91
5,1561,92
5,1562,95
5,1563,89
5,1564,92
5,1565,90
5,1566,91
5,1567,92
5,1568,83
5,1569,92
5,1570,85
5,1571,96
5,1572,87
5,1573,90
5,1574,96
5,1575,89
5,1576,88
5,1577,88
5,1578,85
5,1579,85
5,1580,87
5,1581,90
5,1582,89
5,1583,91
5,1584,91
5,1585,93
5,1586,87
5,1587,93
5,1588,92
5,1589,91
5,1590,91
5,1591,88
5,1592,89
5,1593,90
5,1594,89
5,1595,92
5,1596,87
5,1597,89
5,1598,93
5,1599,90
5,1600,93
5,1601,92
5,1602,89
5,1603,91
5,1604,88
5,1605,92
5,1606,90
5,1607,89
5,1608,87
5,1609,90
5,1610,91
5,1611,86
5,1612,88
5,1613,93
5,1614,90
5,1615,95
5,1616,85
5,1617,91
5,1618,92
5,1619,88
5,1620,88
5,1621,88
5,1622,90
5,1623,89
5,1624,94
5,1625,93
5,1626,91
5,1627,93
5,1628,92
5,1629,93
5,1630,91
5,1631,92
5,1632,84
5,1633,93
5,1634,93
5,1635,88
5,1636,92
5,1637,94
5,1638,96
5,1639,91
5,1640,90
5,1641,88
5,1642,91
5,1643,94
5,1644,94
5,1645,87
5,1646,92
5,1647,93
5,1648,93
5,1649,91
5,1650,90
5,1651,88
5,1652,85
5,1653,89
5,1654,92
5,1655,88
5,1656,84
5,1657,90
5,1658,90
5,1659,90
5,1660,89
5,1661,88
5,1662,87
5,1663,91
5,1664,94
5,1665,88
5,1666,90
5,1667,94
5,1668,90
5,1669,89
5,1670,86
5,1671,94
5,1672,89
5,1673,88
5,1674,92
5,1675,91
5,1676,86
5,1677,93
5,1678,88
5,1679,93
5,1680,93
5,1681,86
5,1682,91
5,1683,96
5,1684,92
5,1685,92
5,1686,91
5,1687,87
5,1688,89
5,1689,94
5,1690,92
5,1691,91
5,1692,92
5,1693,87
5,1694,86
5,1695,92
5,1696,90
5,1697,91
5,1698,86
5,1699,90
5,1700,92
5,1701,89
5,1702,95
5,1703,89
5,1704,94
5,1705,92
5,1706,91
5,1707,94
5,1708,91
5,1709,89
5,1710,89
5,1711,96
5,1712,88
5,1713,88
5,1714,87
5,1715,93
5,1716,92
5,1717,91
5,1718,92
5,1719,91
5,1720,92
5,1721,90
5,1722,90
5,1723,92
5,1724,87
5,1725,90
5,1726,85
5,1727,86
5,1728,92
5,1729,92
5,1730,92
5,1731,92
5,1732,93
5,1733,91
5,1734,89
5,1735,95
5,1736,90
5,1737,90
5,1738,92
5,1739,89
5,1740,92
5,1741,85
5,1742,93
5,1743,90
5,1744,91
5,1745,91
5,1746,89
5,1747,86
5,1748,93
5,1749,90
5,1750,89
5,1751,93
5,1752,93
5,1753,89
5,1754,88
5,1755,89
5,1756,94
5,1757,90
5,1758,95
5,1759,92
5,1760,92
5,1761,87
5,1762,91
5,1763,91
5,1764,92
5,1765,89
5,1766,92
5,1767,86
5,1768,94
5,1769,92
5,1770,93
5,1771,89
5,1772,88
5,1773,87
5,1774,87
5,1775,94
5,1776,91
5,1777,88
5,1778,88
5,1779,93
5,1780,86
5,1781,90
5,1782,86
5,1783,92
5,1784,86
5,1785,93
5,1786,90
5,1787,94
5,1788,93
5,1789,91
5,1790,90
5,1791,88
5,1792,92
5,1793,88
5,1794,92
5,1795,85
5,1796,89
5,1797,88
5,1798,87
5,1799,88
5,1800,93
5,1801,87
5,1802,91
5,1803,90
5,1804,90
5,1805,88
5,1806,83
5,1807,96
5,1808,91
5,1809,90
5,1810,92
5,1811,94
5,1812,88
5,1813,92
5,1814,92
5,1815,92
5,1816,93
5,1817,85
5,1818,91
5,1819,93
5,1820,90
5,1821,89
5,1822,92
5,1823,91
5,1824,91
5,1825,93
5,1826,94
5,1827,90
5,1828,91
5,1829,92
5,1830,93
5,1831,93
5,1832,94
5,1833,86
5,1834,91
5,1835,91
5,1836,92
5,1837,89
5,1838,90
5,1839,90
5,1840,92
5,1841,88
6,0,91
6,1,92
6,2,92
6,3,83
6,4,91
6,5,89
6,6,87
6,7,93
6,8,91
6,9,95
6,10,92
6,11,88
6,12,91
6,13,89
6,14,84
6,15,93
6,16,92
6,17,87
6,18,85
6,19,95
6,20,90
6,21,93
6,22,93
6,23,89
6,24,95
6,25,92
6,26,90
6,27,92
6,28,89
6,29,90
6,30,89
6,31,93
6,32,91
6,33,93
6,34,88
6,35,92
6,36,93
6,37,88
6,38,93
6,39,88
6,40,90
6,41,87
6,42,95
6,43,91
6,44,90
6,45,80
6,46,90
6,47,91
6,48,93
6,49,94
6,50,92
6,51,92
6,52,89
6,53,92
6,54,92
6,55,90
6,56,89
6,57,85
6,58,87
6,59,91
6,60,89
6,61,90
6,62,89
6,63,90
6,64,93
6,65,91
6,66,87
6,67,94
6,68,90
6,69,89
6,70,93
6,71,90
6,72,95
6,73,92
6,74,91
6,75,87
6,76,88
6,77,83
6,78,94
6,79,90
6,80,87
6,81,94
6,82,89
6,83,94
6,84,87
6,85,91
6,86,92
6,87,91
6,88,90
6,89,93
6,90,91
6,91,82
6,92,93
6,93,94
6,94,86
6,95,86
6,96,96
6,97,94
6,98,89
6,99,89
6,100,91
6,101,96
6,102,88
6,103,94
6,104,89
6,105,92
6,106,89
6,107,91
6,108,93
6,109,90
6,110,93
6,111,88
6,112,91
6,113,86
6,114,89
6,115,91
6,116,92
6,117,93
6,118,87
6,119,92
6,120,89
6,121,92
6,122,92
6,123,93
6,124,83
6,125,93
6,126,84
6,127,91
6,128,94
6,129,91
6,130,93
6,131,92
6,132,90
6,133,91
6,134,82
6,135,88
6,136,92
6,137,90
6,138,91
6,139,88
6,140,92
6,141,93
6,142,90
6,143,91
6,144,86
6,145,88
6,146,92
6,147,87
6,148,87
6,149,88
6,150,92
6,151,91
6,152,86
6,153,91
6,154,95
6,155,90
6,156,91
6,157,89
6,158,91
6,159,88
6,160,87
6,161,89
6,162,92
6,163,92
6,164,88
6,165,92
6,166,90
6,167,87
6,168,94
6,169,95
6,170,93
6,171,89
6,172,89
6,173,90
6,174,87
6,175,93
6,176,94
6,177,93
6,178,88
6,179,89
6,180,88
6,181,91
6,182,89
6,183,86
6,184,88
6,185,87
6,186,91
6,187,95
6,188,95
6,189,86
6,190,92
6,191,86
6,192,94
6,193,86
6,194,94
6,195,85
6,196,91
6,197,86
6,198,93
6,199,89
6,200,92
6,201,90
6,202,89
6,203,91
6,204,97
6,205,88
6,206,94
6,207,89
6,208,92
6,209,91
6,210,92
6,211,91
6,212,96
6,213,87
6,214,92
6,215,89
6,216,94
6,217,89
6,218,93
6,219,93
6,220,93
6,221,93
6,222,94
6,223,92
6,224,95
6,225,94
6,226,89
6,227,94
6,228,89
6,229,90
6,230,85
6,231,88
6,232,92
6,233,95
6,234,93
6,235,92
6,236,88
6,237,87
6,238,95
6,239,89
6,240,95
6,241,89
6,242,90
6,243,91
6,244,93
6,245,89
6,246,89
6,247,94
6,248,88
6,249,88
6,250,93
6,251,94
6,252,90
6,253,92
6,254,87
6,255,86
6,256,91
6,257,90
6,258,95
6,259,90
6,260,93
6,261,90
6,262,93
6,263,87
6,264,94
6,265,96
6,266,89
6,267,93
6,268,93
6,269,96
6,270,87
6,271,95
6,272,89
6,273,91
6,274,90
6,275,89
6,276,95
6,277,86
6,278,92
6,279,92
6,280,96
6,281,92
6,282,91
6,283,88
6,284,87
6,285,91
6,286,92
6,287,90
6,288,98
6,289,88
6,290,91
6,291,94
6,292,89
6,293,93
6,294,93
6,295,89
6,296,93
6,297,93
6,298,88
6,299,93
6,300,89
6,301,92
6,302,89
6,303,88
6,304,93
6,305,88
6,306,94
6,307,90
6,308,85
6,309,90
6,310,90
6,311,87
6,312,93
6,313,89
6,314,91
6,315,92
6,316,91
6,317,87
6,318,87
6,319,94
6,320,92
6,321,89
6,322,96
6,323,89
6,324,94
6,325,89
6,326,96
6,327,91
6,328,89
6,329,89
6,330,90
6,331,83
6,332,89
6,333,89
6,334,86
6,335,95
6,336,94
6,337,88
6,338,90
6,339,84
6,340,93
6,341,88
6,342,91
6,343,92
6,344,90
6,345,95
6,346,90
6,347,88
6,348,88
6,349,89
6,350,94
6,351,91
6,352,93
6,353,93
6,354,91
6,355,89
6,356,89
6,357,89
6,358,90
6,359,93
6,360,87
6,361,89
6,362,91
6,363,93
6,364,91
6,365,92
6,366,91
6,367,90
6,368,85
6,369,91
6,370,92
6,371,96
6,372,92
6,373,86
6,374,88
6,375,87
6,376,88
6,377,92
6,378,92
6,379,90
6,380,93
6,381,89
6,382,93
6,383,96
6,384,90
6,385,90
6,386,92
6,387,92
6,388,88
6,389,90
6,390,92
6,391,94
6,392,87
6,393,86
6,394,90
6,395,87
6,396,91
6,397,89
6,398,90
6,399,91
6,400,92
6,401,94
6,402,93
6,403,94
6,404,92
6,405,91
6,406,92
6,407,91
6,408,92
6,409,89
6,410,90
6,411,88
6,412,95
6,413,95
6,414,90
6,415,90
6,416,93
6,417,93
6,418,90
6,419,88
6,420,85
6,421,82
6,422,93
6,423,90
6,424,89
6,425,93
6,426,93
6,427,87
6,428,91
6,429,90
6,430,88
6,431,93
6,432,90
6,433,91
6,434,91
6,435,90
6,436,91
6,437,94
6,438,89
6,439,90
6,440,94
6,441,91
6,442,92
6,443,95
6,444,92
6,445,92
6,446,95
6,447,91
6,448,90
6,449,86
6,450,92
6,451,94
6,452,89
6,453,91
6,454,92
6,455,93
6,456,92
6,457,89
6,458,90
6,459,94
6,460,89
6,461,86
6,462,91
6,463,92
6,464,90
6,465,91
6,466,92
6,467,90
6,468,93
6,469,89
6,470,93
6,471,90
6,472,89
6,473,83
6,474,87
6,475,89
6,476,96
6,477,88
6,478,86
6,479,93
6,480,88
6,481,88
6,482,90
6,483,92
6,484,89
6,485,93
6,486,87
6,487,88
6,488,89
6,489,94
6,490,92
6,491,91
6,492,91
6,493,93
6,494,88
6,495,94
6,496,90
6,497,90
6,498,89
6,499,92
6,500,90
6,501,90
6,502,91
6,503,98
6,504,87
6,505,91
6,506,88
6,507,92
6,508,89
6,509,93
6,510,90
6,511,90
6,512,89
6,513,89
6,514,90
6,515,91
6,516,95
6,517,89
6,518,85
6,519,93
6,520,85
6,521,89
6,522,92
6,523,92
6,524,92
6,525,94
6,526,89
6,527,91
6,528,85
6,529,91
6,530,92
6,531,87
6,532,94
6,533,89
6,534,93
6,535,87
6,536,91
6,537,90
6,538,86
6,539,90
6,540,87
6,541,90
6,542,91
6,543,95
6,544,94
6,545,88
6,546,94
6,547,96
6,548,90
6,549,91
6,550,92
6,551,90
6,552,95
6,553,90
6,554,91
6,555,88
6,556,91
6,557,88
6,558,89
6,559,95
6,560,90
6,561,92
6,562,92
6,563,90
6,564,92
6,565,92
6,566,91
6,567,82
6,568,93
6,569,88
6,570,90
6,571,95
6,572,87
6,573,95
6,574,89
6,575,90
6,576,91
6,577,89
6,578,90
6,579,84
6,580,92
6,581,91
6,582,93
6,583,95
6,584,91
6,585,89
6,586,95
6,587,93
6,588,92
6,589,93
6,590,89
6,591,94
6,592,90
6,593,90
6,594,90
6,595,91
6,596,92
6,597,95
6,598,92
6,599,90
6,600,87
6,601,91
6,602,91
6,603,90
6,604,90
6,605,93
6,606,89
6,607,88
6,608,87
6,609,96
6,610,89
6,611,93
6,612,84
6,613,91
6,614,91
6,615,92
6,616,90
6,617,85
6,618,93
6,619,90
6,620,90
6,621,90
6,622,93
6,623,92
6,624,91
6,625,90
6,626,91
6,627,90
6,628,95
6,629,88
6,630,88
6,631,86
6,632,91
6,633,88
6,634,85
6,635,91
6,636,94
6,637,92
6,638,92
6,639,90
6,640,88
6,641,88
6,642,94
6,643,95
6,644,90
6,645,92
6,646,90
6,647,89
6,648,87
6,649,90
6,650,90
6,651,92
6,652,91
6,653,92
6,654,89
6,655,92
6,656,91
6,657,90
6,658,87
6,659,90
6,660,91
6,661,88
6,662,90
6,663,89
6,664,93
6,665,89
6,666,89
6,667,92
6,668,92
6,669,91
6,670,94
6,671,91
6,672,88
6,673,90
6,674,97
6,675,87
6,676,85
6,677,91
6,678,92
6,679,91
6,680,94
6,681,86
6,682,92
6,683,83
6,684,90
6,685,91
6,686,95
6,687,88
6,688,93
6,689,92
6,690,86
6,691,97
6,692,90
6,693,92
6,694,92
6,695,92
6,696,93
6,697,88
6,698,88
6,699,93
6,700,82
6,701,93
6,702,90
6,703,94
6,704,90
6,705,91
6,706,91
6,707,95
6,708,92
6,709,90
6,710,91
6,711,92
6,712,92
6,713,85
6,714,86
6,715,90
6,716,97
6,717,90
6,718,91
6,719,89
6,720,94
6,721,91
6,722,88
6,723,90
6,724,93
6,725,89
6,726,90
6,727,89
6,728,91
6,729,85
6,730,85
6,731,92
6,732,89
6,733,89
6,734,90
6,735,91
6,736,90
6,737,91
6,738,88
6,739,94
6,740,87
6,741,92
6,742,91
6,743,91
6,744,88
6,745,95
6,746,93
6,747,89
6,748,90
6,749,92
6,750,95
6,751,95
6,752,90
6,753,89
6,754,94
6,755,88
6,756,93
6,757,92
6,758,93
6,759,89
6,760,94
6,761,93
6,762,89
6,763,88
6,764,92
6,765,89
6,766,93
6,767,92
6,768,91
6,769,90
6,770,86
6,771,88
6,772,89
6,773,89
6,774,90
6,775,89
6,776,84
6,777,95
6,778,88
6,779,92
6,780,89
6,781,92
6,782,90
6,783,90
6,784,90
6,785,89
6,786,91
6,787,89
6,788,91
6,789,92
6,790,91
6,791,89
6,792,93
6,793,89
6,794,86
6,795,92
6,796,84
6,797,92
6,798,90
6,799,94
6,800,91
6,801,91
6,802,94
6,803,93
6,804,95
6,805,90
6,806,89
6,807,93
6,808,91
6,809,89
6,810,93
6,811,90
6,812,95
6,813,92
6,814,94
6,815,90
6,816,87
6,817,92
6,818,93
6,819,94
6,820,89
6,821,91
6,822,93
6,823,86
6,824,89
6,825,87
6,826,94
6,827,92
6,828,86
6,829,87
6,830,93
6,831,91
6,832,89
6,833,91
6,834,89
6,835,89
6,836,89
6,837,91
6,838,85
6,839,90
6,840,93
6,841,94
6,842,88
6,843,90
6,844,89
6,845,90
6,846,94
6,847,97
6,848,91
6,849,93
6,850,89
6,851,91
6,852,95
6,853,89
6,854,89
6,855,93
6,856,93
6,857,92
6,858,84
6,859,98
6,860,95
6,861,93
6,862,94
6,863,89
6,864,92
6,865,90
6,866,86
6,867,90
6,868,84
6,869,90
6,870,90
6,871,87
6,872,90
6,873,87
6,874,90
6,875,92
6,876,89
6,877,89
6,878,93
6,879,89
6,880,85
6,881,90
6,882,91
6,883,90
6,884,89
6,885,87
6,886,93
6,887,87
6,888,91
6,889,91
6,890,89
6,891,92
6,892,94
6,893,91
6,894,90
6,895,95
6,896,89
6,897,92
6,898,87
6,899,90
6,900,92
6,901,95
6,902,90
6,903,94
6,904,91
6,905,86
6,906,90
6,907,86
6,908,91
6,909,91
6,910,83
6,911,93
6,912,93
6,913,91
6,914,94
6,915,90
6,916,90
6,917,92
6,918,85
6,919,88
6,920,89
6,921,90
6,922,91
6,923,91
6,924,92
6,925,97
6,926,90
6,927,85
6,928,95
6,929,90
6,930,92
6,931,88
6,932,92
6,933,93
6,934,90
6,935,92
6,936,88
6,937,94
6,938,91
6,939,90
6,940,89
6,941,95
6,942,95
6,943,89
6,944,91
6,945,92
6,946,90
6,947,91
6,948,90
6,949,93
6,950,94
6,951,93
6,952,96
6,953,90
6,954,94
6,955,84
6,956,91
6,957,92
6,958,91
6,959,88
6,960,92
6,961,85
6,962,88
6,963,92
6,964,87
6,965,89
6,966,90
6,967,93
6,968,97
6,969,95
6,970,92
6,971,95
6,972,93
6,973,93
6,974,94
6,975,88
6,976,93
6,977,91
6,978,87
6,979,94
6,980,91
6,981,95
6,982,87
6,983,95
6,984,93
6,985,93
6,986,89
6,987,92
6,988,90
6,989,91
6,990,91
6,991,89
6,992,90
6,993,91
6,994,91
6,995,96
6,996,92
6,997,92
6,998,88
6,999,92
6,1000,90
6,1001,90
6,1002,90
6,1003,92
6,1004,90
6,1005,89
6,1006,91
6,1007,88
6,1008,96
6,1009,91
6,1010,86
6,1011,92
6,1012,92
6,1013,93
6,1014,94
6,1015,90
6,1016,94
6,1017,92
6,1018,88
6,1019,88
6,1020,91
6,1021,90
6,1022,89
6,1023,85
6,1024,93
6,1025,92
6,1026,89
6,1027,93
6,1028,92
6,1029,92
6,1030,93
6,1031,89
6,1032,85
6,1033,86
6,1034,93
6,1035,89
6,1036,85
6,1037,90
6,1038,89
6,1039,90
6,1040,91
6,1041,96
6,1042,94
6,1043,92
6,1044,95
6,1045,85
6,1046,90
6,1047,91
6,1048,86
6,1049,92
6,1050,91
6,1051,95
6,1052,92
6,1053,91
6,1054,87
6,1055,88
6,1056,94
6,1057,95
6,1058,94
6,1059,88
6,1060,87
6,1061,90
6,1062,89
6,1063,91
6,1064,91
6,1065,91
6,1066,85
6,1067,89
6,1068,88
6,1069,89
6,1070,91
6,1071,92
6,1072,94
6,1073,89
6,1074,89
6,1075,92
6,1076,90
6,1077,93
6,1078,93
6,1079,90
6,1080,88
6,1081,91
6,1082,92
6,1083,93
6,1084,90
6,1085,95
6,1086,91
6,1087,90
6,1088,94
6,1089,95
6,1090,89
6,1091,88
6,1092,88
6,1093,97
6,1094,96
6,1095,88
6,1096,94
6,1097,91
6,1098,86
6,1099,92
6,1100,90
6,1101,89
6,1102,90
6,1103,89
6,1104,90
6,1105,89
6,1106,93
6,1107,91
6,1108,91
6,1109,89
6,1110,91
6,1111,90
6,1112,93
6,1113,83
6,1114,87
6,1115,91
6,1116,88
6,1117,87
6,1118,91
6,1119,89
6,1120,86
6,1121,94
6,1122,93
6,1123,86
6,1124,90
6,1125,94
6,1126,91
6,1127,88
6,1128,94
6,1129,96
6,1130,91
6,1131,87
6,1132,87
6,1133,91
6,1134,90
6,1135,92
6,1136,91
6,1137,88
6,1138,91
6,1139,91
6,1140,89
6,1141,93
6,1142,91
6,1143,88
6,1144,94
6,1145,93
6,1146,91
6,1147,89
6,1148,92
6,1149,89
6,1150,96
6,1151,95
6,1152,97
6,1153,93
6,1154,86
6,1155,94
6,1156,88
6,1157,88
6,1158,93
6,1159,88
6,1160,90
6,1161,94
6,1162,94
6,1163,94
6,1164,89
6,1165,92
6,1166,92
6,1167,94
6,1168,91
6,1169,91
6,1170,87
6,1171,93
6,1172,91
6,1173,88
6,1174,91
6,1175,92
6,1176,94
6,1177,91
6,1178,89
6,1179,93
6,1180,89
6,1181,86
6,1182,93
6,1183,92
6,1184,90
6,1185,93
6,1186,92
6,1187,89
6,1188,93
6,1189,94
6,1190,90
6,1191,87
6,1192,94
6,1193,95
6,1194,92
6,1195,89
6,1196,94
6,1197,93
6,1198,94
6,1199,92
6,1200,90
6,1201,91
6,1202,84
6,1203,86
6,1204,94
6,1205,94
6,1206,93
6,1207,92
6,1208,79
6,1209,91
6,1210,88
6,1211,93
6,1212,90
6,1213,89
6,1214,88
6,1215,87
6,1216,88
6,1217,89
6,1218,90
6,1219,90
6,1220,96
6,1221,89
6,1222,90
6,1223,94
6,1224,86
6,1225,90
6,1226,90
6,1227,91
6,1228,92
6,1229,91
6,1230,93
6,1231,96
6,1232,87
6,1233,91
6,1234,89
6,1235,92
6,1236,89
6,1237,93
6,1238,93
6,1239,87
6,1240,88
6,1241,92
6,1242,88
6,1243,87
6,1244,85
6,1245,92
6,1246,91
6,1247,92
6,1248,87
6,1249,92
6,1250,88
6,1251,87
6,1252,85
6,1253,89
6,1254,93
6,1255,91
6,1256,89
6,1257,90
6,1258,95
6,1259,88
6,1260,90
6,1261,91
6,1262,95
6,1263,90
6,1264,90
6,1265,92
6,1266,95
6,1267,86
6,1268,88
6,1269,85
6,1270,92
6,1271,87
6,1272,94
6,1273,86
6,1274,93
6,1275,91
6,1276,93
6,1277,93
6,1278,88
6,1279,92
6,1280,88
6,1281,87
6,1282,90
6,1283,90
6,1284,92
6,1285,95
6,1286,93
6,1287,89
6,1288,91
6,1289,92
6,1290,89
6,1291,89
6,1292,94
6,1293,90
6,1294,90
6,1295,90
6,1296,96
6,1297,88
6,1298,92
6,1299,89
6,1300,92
6,1301,85
6,1302,93
6,1303,85
6,1304,91
6,1305,95
6,1306,92
6,1307,92
6,1308,92
6,1309,85
6,1310,90
6,1311,92
6,1312,88
6,1313,93
6,1314,97
6,1315,92
6,1316,94
6,1317,84
6,1318,85
6,1319,92
6,1320,93
6,1321,87
6,1322,95
6,1323,91
6,1324,89
6,1325,90
6,1326,89
6,1327,91
6,1328,91
6,1329,92
6,1330,89
6,1331,96
6,1332,92
6,1333,88
6,1334,88
6,1335,89
6,1336,84
6,1337,92
6,1338,92
6,1339,93
6,1340,92
6,1341,94
6,1342,91
6,1343,95
6,1344,87
6,1345,90
6,1346,88
6,1347,91
6,1348,89
6,1349,90
6,1350,90
6,1351,88
6,1352,89
6,1353,94
6,1354,92
6,1355,92
6,1356,91
6,1357,92
6,1358,90
6,1359,91
6,1360,89
6,1361,90
6,1362,87
6,1363,90
6,1364,94
6,1365,89
6,1366,92
6,1367,93
6,1368,85
6,1369,89
6,1370,93
6,1371,95
6,1372,89
6,1373,91
6,1374,91
6,1375,92
6,1376,84
6,1377,85
6,1378,87
6,1379,94
6,1380,89
6,1381,88
6,1382,90
6,1383,90
6,1384,89
6,1385,88
6,1386,90
6,1387,92
6,1388,90
6,1389,92
6,1390,87
6,1391,92
6,1392,89
6,1393,86
6,1394,91
6,1395,90
6,1396,93
6,1397,93
6,1398,89
6,1399,89
6,1400,93
6,1401,89
6,1402,93
6,1403,87
6,1404,94
6,1405,90
6,1406,93
6,1407,94
6,1408,93
6,1409,88
6,1410,93
6,1411,93
6,1412,91
6,1413,90
6,1414,88
6,1415,84
6,1416,92
6,1417,94
6,1418,88
6,1419,90
6,1420,91
6,1421,88
6,1422,88
6,1423,94
6,1424,90
6,1425,88
6,1426,90
6,1427,92
6,1428,90
6,1429,88
6,1430,91
6,1431,91
6,1432,90
6,1433,85
6,1434,89
6,1435,89
6,1436,89
6,1437,94
6,1438,93
6,1439,92
6,1440,90
6,1441,91
6,1442,94
6,1443,88
6,1444,91
6,1445,93
6,1446,91
6,1447,88
6,1448,89
6,1449,94
6,1450,93
6,1451,92
6,1452,94
6,1453,83
6,1454,93
6,1455,89
6,1456,92
6,1457,86
6,1458,93
6,1459,91
6,1460,95
6,1461,90
6,1462,87
6,1463,89
6,1464,88
6,1465,88
6,1466,87
6,1467,88
6,1468,87
6,1469,95
6,1470,92
6,1471,87
6,1472,88
6,1473,89
6,1474,90
6,1475,85
6,1476,91
6,1477,90
6,1478,91
6,1479,94
6,1480,90
6,1481,89
6,1482,96
6,1483,90
6,1484,92
6,1485,89
6,1486,91
6,1487,93
6,1488,88
6,1489,90
6,1490,87
6,1491,90
6,1492,88
6,1493,93
6,1494,92
6,1495,92
6,1496,89
6,1497,88
6,1498,90
6,1499,91
6,1500,89
6,1501,90
6,1502,96
6,1503,90
6,1504,86
6,1505,95
6,1506,87
6,1507,93
6,1508,89
6,1509,89
6,1510,92
6,1511,88
6,1512,91
6,1513,90
6,1514,90
6,1515,87
6,1516,92
6,1517,88
6,1518,91
6,1519,88
6,1520,87
6,1521,91
6,1522,91
6,1523,94
6,1524,88
6,1525,89
6,1526,90
6,1527,92
6,1528,90
6,1529,88
6,1530,90
6,1531,90
6,1532,93
6,1533,89
6,1534,85
6,1535,93
6,1536,93
6,1537,90
6,1538,95
6,1539,91
6,1540,89
6,1541,90
6,1542,90
6,1543,89
6,1544,90
6,1545,83
6,1546,82
6,1547,89
6,1548,93
6,1549,91
6,1550,88
6,1551,90
6,1552,93
6,1553,89
6,1554,89
6,1555,93
6,1556,87
6,1557,87
6,1558,90
6,1559,94
6,1560,91
6,1561,93
6,1562,95
6,1563,91
6,1564,90
6,1565,91
6,1566,94
6,1567,89
6,1568,94
6,1569,93
6,1570,95
6,1571,94
6,1572,91
6,1573,86
6,1574,84
6,1575,91
6,1576,90
6,1577,91
6,1578,86
6,1579,91
6,1580,88
6,1581,88
6,1582,88
6,1583,92
6,1584,87
6,1585,91
6,1586,86
6,1587,93
6,1588,90
6,1589,94
6,1590,92
6,1591,96
6,1592,90
6,1593,91
6,1594,91
6,1595,87
6,1596,88
6,1597,91
6,1598,87
6,1599,88
6,1600,89
6,1601,89
6,1602,90
6,1603,93
6,1604,92
6,1605,91
6,1606,87
6,1607,92
6,1608,90
6,1609,90
6,1610,92
6,1611,93
6,1612,91
6,1613,85
6,1614,92
6,1615,92
6,1616,88
6,1617,90
6,1618,91
6,1619,91
6,1620,91
6,1621,92
6,1622,94
6,1623,88
6,1624,88
6,1625,91
6,1626,89
6,1627,86
6,1628,90
6,1629,90
6,1630,91
6,1631,90
6,1632,83
6,1633,92
6,1634,88
6,1635,97
6,1636,94
6,1637,88
6,1638,92
6,1639,95
6,1640,90
6,1641,93
6,1642,94
6,1643,93
6,1644,92
6,1645,84
6,1646,86
6,1647,95
6,1648,90
6,1649,93
6,1650,92
6,1651,89
6,1652,92
6,1653,90
6,1654,90
6,1655,90
6,1656,93
6,1657,93
6,1658,95
6,1659,89
6,1660,94
6,1661,90
6,1662,87
6,1663,91
6,1664,89
6,1665,94
6,1666,90
6,1667,91
6,1668,90
6,1669,91
6,1670,88
6,1671,89
6,1672,90
6,1673,91
6,1674,89
6,1675,90
6,1676,91
6,1677,87
6,1678,93
6,1679,89
6,1680,85
6,1681,90
6,1682,93
6,1683,94
6,1684,89
6,1685,90
6,1686,94
6,1687,83
6,1688,94
6,1689,86
6,1690,89
6,1691,92
6,1692,91
6,1693,89
6,1694,92
6,1695,88
6,1696,91
6,1697,93
6,1698,93
6,1699,93
6,1700,90
6,1701,91
6,1702,88
6,1703,90
6,1704,93
6,1705,88
6,1706,94
6,1707,91
6,1708,94
6,1709,95
6,1710,92
6,1711,90
6,1712,91
6,1713,92
6,1714,90
6,1715,92
6,1716,90
6,1717,89
6,1718,95
6,1719,85
6,1720,93
6,1721,91
6,1722,90
6,1723,95
6,1724,91
6,1725,93
6,1726,88
6,1727,91
6,1728,91
6,1729,91
6,1730,94
6,1731,92
6,1732,94
6,1733,86
6,1734,88
6,1735,90
6,1736,88
6,1737,89
6,1738,91
6,1739,93
6,1740,95
6,1741,94
6,1742,87
6,1743,87
6,1744,92
6,1745,86
6,1746,91
6,1747,87
6,1748,91
6,1749,91
6,1750,92
6,1751,93
6,1752,91
6,1753,87
6,1754,90
6,1755,89
6,1756,92
6,1757,92
6,1758,93
6,1759,91
6,1760,92
6,1761,94
6,1762,91
6,1763,88
6,1764,92
6,1765,88
6,1766,92
6,1767,96
6,1768,90
6,1769,85
6,1770,94
6,1771,89
6,1772,87
6,1773,87
6,1774,92
6,1775,95
6,1776,92
6,1777,95
6,1778,96
6,1779,93
6,1780,93
6,1781,87
6,1782,91
6,1783,89
6,1784,90
6,1785,92
6,1786,93
6,1787,91
6,1788,89
6,1789,92
6,1790,88
6,1791,93
6,1792,91
6,1793,94
6,1794,93
6,1795,93
6,1796,92
6,1797,87
6,1798,93
6,1799,93
6,1800,84
6,1801,92
6,1802,92
6,1803,94
6,1804,94
6,1805,89
6,1806,90
6,1807,93
6,1808,90
6,1809,89
6,1810,89
6,1811,91
6,1812,88
6,1813,91
6,1814,93
6,1815,90
6,1816,86
6,1817,91
6,1818,90
6,1819,92
6,1820,89
6,1821,89
6,1822,92
6,1823,87
6,1824,87
6,1825,90
6,1826,96
6,1827,93
6,1828,88
6,1829,89
6,1830,88
6,1831,96
6,1832,89
6,1833,90
6,1834,87
6,1835,90
6,1836,88
6,1837,90
6,1838,92
6,1839,88
6,1840,89
6,1841,84
7,0,91
7,1,91
7,2,89
7,3,88
7,4,92
7,5,88
7,6,88
7,7,91
7,8,89
7,9,90
7,10,91
7,11,89
7,12,93
7,13,91
7,14,92
7,15,91
7,16,91
7,17,90
7,18,90
7,19,92
7,20,93
7,21,90
7,22,92
7,23,86
7,24,88
7,25,90
7,26,90
7,27,93
7,28,88
7,29,91
7,30,94
7,31,93
7,32,93
7,33,90
7,34,88
7,35,93
7,36,92
7,37,91
7,38,93
7,39,92
7,40,91
7,41,90
7,42,85
7,43,92
7,44,95
7,45,91
7,46,93
7,47,88
7,48,88
7,49,94
7,50,92
7,51,89
7,52,88
7,53,86
7,54,91
7,55,92
7,56,91
7,57,89
7,58,91
7,59,92
7,60,90
7,61,91
7,62,91
7,63,84
7,64,91
7,65,94
7,66,86
7,67,94
7,68,88
7,69,93
7,70,87
7,71,91
7,72,89
7,73,92
7,74,92
7,75,92
7,76,87
7,77,95
7,78,93
7,79,95
7,80,92
7,81,87
7,82,87
7,83,89
7,84,86
7,85,91
7,86,90
7,87,92
7,88,90
7,89,88
7,90,90
7,91,93
7,92,90
7,93,91
7,94,89
7,95,92
7,96,90
7,97,90
7,98,93
7,99,92
7,100,92
7,101,89
7,102,92
7,103,97
7,104,90
7,105,86
7,106,95
7,107,94
7,108,90
7,109,93
7,110,88
7,111,91
7,112,92
7,113,91
7,114,92
7,115,93
7,116,91
7,117,95
7,118,93
7,119,92
7,120,93
7,121,84
7,122,89
7,123,93
7,124,91
7,125,91
7,126,92
7,127,90
7,128,90
7,129,90
7,130,91
7,131,96
7,132,84
7,133,90
7,134,96
7,135,90
7,136,91
7,137,93
7,138,91
7,139,89
7,140,96
7,141,86
7,142,94
7,143,92
7,144,87
7,145,88
7,146,97
7,147,94
7,148,94
7,149,90
7,150,92
7,151,93
7,152,92
7,153,91
7,154,93
7,155,87
7,156,95
7,157,87
7,158,87
7,159,92
7,160,92
7,161,88
7,162,92
7,163,89
7,164,92
7,165,91
7,166,91
7,167,90
7,168,90
7,169,88
7,170,87
7,171,90
7,172,89
7,173,92
7,174,87
7,175,91
7,176,90
7,177,92
7,178,90
7,179,89
7,180,93
7,181,94
7,182,94
7,183,86
7,184,92
7,185,88
7,186,92
7,187,90
7,188,90
7,189,92
7,190,92
7,191,92
7,192,91
7,193,93
7,194,91
7,195,86
7,196,94
7,197,92
7,198,93
7,199,88
7,200,90
7,201,95
7,202,86
7,203,93
7,204,94
7,205,90
7,206,93
7,207,94
7,208,92
7,209,86
7,210,88
7,211,89
7,212,89
7,213,90
7,214,87
7,215,95
7,216,91
7,217,92
7,218,95
7,219,90
7,220,89
7,221,86
7,222,91
7,223,82
7,224,92
7,225,89
7,226,89
7,227,94
7,228,88
7,229,94
7,230,95
7,231,91
7,232,90
7,233,86
7,234,85
7,235,91
7,236,97
7,237,89
7,238,87
7,239,89
7,240,92
7,241,90
7,242,88
7,243,93
7,244,91
7,245,90
7,246,86
7,247,89
7,248,92
7,249,90
7,250,93
7,251,92
7,252,88
7,253,88
7,254,92
7,255,87
7,256,94
7,257,94
7,258,94
7,259,92
7,260,88
7,261,92
7,262,86
7,263,88
7,264,90
7,265,88
7,266,93
7,267,89
7,268,87
7,269,89
7,270,91
7,271,88
7,272,88
7,273,94
7,274,95
7,275,89
7,276,86
7,277,90
7,278,89
7,279,87
7,280,91
7,281,88
7,282,92
7,283,91
7,284,91
7,285,89
7,286,93
7,287,94
7,288,91
7,289,90
7,290,92
7,291,93
7,292,94
7,293,92
7,294,89
7,295,88
7,296,93
7,297,90
7,298,86
7,299,88
7,300,87
7,301,90
7,302,85
7,303,91
7,304,90
7,305,88
7,306,88
7,307,95
7,308,87
7,309,89
7,310,96
7,311,88
7,312,94
7,313,91
7,314,93
7,315,92
7,316,85
7,317,92
7,318,92
7,319,90
7,320,89
7,321,92
7,322,87
7,323,91
7,324,88
7,325,91
7,326,92
7,327,89
7,328,93
7,329,87
7,330,90
7,331,91
7,332,91
7,333,88
7,334,95
7,335,91
7,336,91
7,337,94
7,338,89
7,339,89
7,340,90
7,341,91
7,342,89
7,343,95
7,344,94
7,345,93
7,346,89
7,347,92
7,348,86
7,349,91
7,350,92
7,351,93
7,352,93
7,353,92
7,354,93
7,355,90
7,356,92
7,357,89
7,358,91
7,359,89
7,360,90
7,361,96
7,362,95
7,363,93
7,364,90
7,365,90
7,366,90
7,367,91
7,368,87
7,369,92
7,370,87
7,371,89
7,372,92
7,373,92
7,374,90
7,375,88
7,376,92
7,377,90
7,378,89
7,379,89
7,380,88
7,381,90
7,382,94
7,383,86
7,384,92
7,385,92
7,386,87
7,387,91
7,388,90
7,389,92
7,390,91
7,391,89
7,392,93
7,393,91
7,394,90
7,395,94
7,396,93
7,397,89
7,398,88
7,399,90
7,400,94
7,401,91
7,402,89
7,403,88
7,404,87
7,405,88
7,406,95
7,407,89
7,408,87
7,409,95
7,410,89
7,411,87
7,412,89
7,413,93
7,414,93
7,415,91
7,416,84
7,417,86
7,418,89
7,419,93
7,420,91
7,421,92
7,422,85
7,423,91
7,424,90
7,425,90
7,426,91
7,427,90
7,428,90
7,429,92
7,430,90
7,431,93
7,432,93
7,433,87
7,434,94
7,435,91
7,436,91
7,437,91
7,438,88
7,439,89
7,440,89
7,441,91
7,442,91
7,443,94
7,444,89
7,445,92
7,446,89
7,447,90
7,448,83
7,449,92
7,450,91
7,451,92
7,452,85
7,453,91
7,454,91
7,455,91
7,456,93
7,457,90
7,458,92
7,459,93
7,460,89
7,461,89
7,462,90
7,463,96
7,464,92
7,465,88
7,466,91
7,467,92
7,468,92
7,469,90
7,470,89
7,471,90
7,472,95
7,473,92
7,474,89
7,475,93
7,476,87
7,477,94
7,478,86
7,479,89
7,480,86
7,481,92
7,482,90
7,483,89
7,484,89
7,485,87
7,486,90
7,487,91
7,488,91
7,489,88
7,490,91
7,491,87
7,492,91
7,493,89
7,494,87
7,495,89
7,496,91
7,497,94
7,498,90
7,499,91
7,500,92
7,501,90
7,502,90
7,503,91
7,504,89
7,505,90
7,506,95
7,507,93
7,508,92
7,509,88
7,510,93
7,511,93
7,512,90
7,513,93
7,514,90
7,515,89
7,516,92
7,517,87
7,518,90
7,519,85
7,520,95
7,521,95
7,522,91
7,523,88
7,524,88
7,525,87
7,526,88
7,527,91
7,528,91
7,529,91
7,530,93
7,531,92
7,532,86
7,533,88
7,534,92
7,535,88
7,536,90
7,537,93
7,538,92
7,539,91
7,540,93
7,541,94
7,542,91
7,543,91
7,544,90
7,545,91
7,546,88
7,547,89
7,548,91
7,549,94
7,550,91
7,551,91
7,552,89
7,553,91
7,554,93
7,555,88
7,556,91
7,557,93
7,558,89
7,559,94
7,560,90
7,561,91
7,562,88
7,563,89
7,564,91
7,565,89
7,566,94
7,567,96
7,568,90
7,569,89
7,570,91
7,571,89
7,572,88
7,573,94
7,574,95
7,575,92
7,576,91
7,577,90
7,578,90
7,579,90
7,580,91
7,581,90
7,582,91
7,583,91
7,584,87
7,585,90
7,586,88
7,587,96
7,588,92
7,589,93
7,590,88
7,591,94
7,592,91
7,593,91
7,594,90
7,595,95
7,596,93
7,597,93
7,598,83
7,599,91
7,600,93
7,601,89
7,602,92
7,603,92
7,604,93
7,605,90
7,606,93
7,607,97
7,608,95
7,609,89
7,610,92
7,611,93
7,612,93
7,613,88
7,614,86
7,615,87
7,616,87
7,617,92
7,618,86
7,619,92
7,620,94
7,621,93
7,622,89
7,623,84
7,624,92
7,625,86
7,626,91
7,627,94
7,628,89
7,629,90
7,630,90
7,631,93
7,632,92
7,633,95
7,634,86
7,635,96
7,636,92
7,637,88
7,638,92
7,639,93
7,640,92
7,641,90
7,642,90
7,643,93
7,644,92
7,645,90
7,646,89
7,647,89
7,648,94
7,649,88
7,650,90
7,651,90
7,652,91
7,653,92
7,654,92
7,655,86
7,656,90
7,657,91
7,658,90
7,659,93
7,660,94
7,661,90
7,662,90
7,663,92
7,664,90
7,665,89
7,666,87
7,667,92
7,668,93
7,669,95
7,670,91
7,671,90
7,672,90
7,673,93
7,674,87
7,675,95
7,676,97
7,677,91
7,678,87
7,679,97
7,680,93
7,681,87
7,682,90
7,683,91
7,684,88
7,685,91
7,686,94
7,687,93
7,688,91
7,689,94
7,690,88
7,691,94
7,692,86
7,693,91
7,694,85
7,695,87
7,696,90
7,697,91
7,698,86
7,699,95
7,700,94
7,701,93
7,702,91
7,703,93
7,704,91
7,705,91
7,706,92
7,707,93
7,708,87
7,709,90
7,710,93
7,711,86
7,712,93
7,713,87
7,714,95
7,715,89
7,716,93
7,717,86
7,718,95
7,719,91
7,720,92
7,721,86
7,722,92
7,723,91
7,724,94
7,725,93
7,726,89
7,727,92
7,728,91
7,729,88
7,730,92
7,731,93
7,732,91
7,733,90
7,734,84
7,735,90
7,736,90
7,737,93
7,738,90
7,739,92
7,740,90
7,741,90
7,742,92
7,743,91
7,744,92
7,745,88
7,746,90
7,747,90
7,748,91
7,749,92
7,750,94
7,751,92
7,752,93
7,753,91
7,754,92
7,755,94
7,756,92
7,757,96
7,758,89
7,759,91
7,760,88
7,761,91
7,762,88
7,763,87
7,764,89
7,765,86
7,766,91
7,767,90
7,768,91
7,769,91
7,770,89
7,771,93
7,772,88
7,773,93
7,774,91
7,775,94
7,776,86
7,777,84
7,778,90
7,779,92
7,780,90
7,781,90
7,782,90
7,783,87
7,784,91
7,785,87
7,786,93
7,787,86
7,788,92
7,789,93
7,790,92
7,791,85
7,792,93
7,793,91
7,794,93
7,795,91
7,796,92
7,797,93
7,798,92
7,799,89
7,800,84
7,801,93
7,802,90
7,803,95
7,804,87
7,805,88
7,806,92
7,807,92
7,808,88
7,809,91
7,810,89
7,811,92
7,812,93
7,813,87
7,814,89
7,815,87
7,816,91
7,817,90
7,818,91
7,819,84
7,820,92
7,821,93
7,822,92
7,823,89
7,824,93
7,825,88
7,826,90
7,827,92
7,828,88
7,829,92
7,830,91
7,831,89
7,832,90
7,833,89
7,834,93
7,835,92
7,836,90
7,837,94
7,838,93
7,839,90
7,840,93
7,841,89
7,842,97
7,843,93
7,844,94
7,845,88
7,846,91
7,847,91
7,848,91
7,849,87
7,850,93
7,851,96
7,852,90
7,853,90
7,854,93
7,855,91
7,856,96
7,857,88
7,858,90
7,859,88
7,860,92
7,861,89
7,862,94
7,863,85
7,864,94
7,865,93
7,866,88
7,867,78
7,868,93
7,869,84
7,870,89
7,871,90
7,872,86
7,873,90
7,874,91
7,875,89
7,876,90
7,877,90
7,878,94
7,879,92
7,880,88
7,881,83
7,882,92
7,883,91
7,884,94
7,885,90
7,886,92
7,887,88
7,888,89
7,889,90
7,890,87
7,891,91
7,892,92
7,893,92
7,894,92
7,895,92
7,896,96
7,897,90
7,898,89
7,899,93
7,900,90
7,901,86
7,902,90
7,903,90
7,904,92
7,905,87
7,906,90
7,907,91
7,908,88
7,909,90
7,910,90
7,911,93
7,912,87
7,913,90
7,914,85
7,915,92
7,916,91
7,917,88
7,918,91
7,919,89
7,920,92
7,921,91
7,922,93
7,923,91
7,924,91
7,925,90
7,926,93
7,927,91
7,928,93
7,929,94
7,930,92
7,931,91
7,932,90
7,933,92
7,934,86
7,935,95
7,936,90
7,937,88
7,938,89
7,939,86
7,940,88
7,941,95
7,942,92
7,943,88
7,944,89
7,945,88
7,946,88
7,947,85
7,948,91
7,949,90
7,950,93
7,951,90
7,952,90
7,953,89
7,954,91
7,955,88
7,956,88
7,957,94
7,958,95
7,959,83
7,960,92
7,961,89
7,962,90
7,963,87
7,964,90
7,965,93
7,966,91
7,967,87
7,968,93
7,969,95
7,970,93
7,971,92
7,972,95
7,973,95
7,974,89
7,975,90
7,976,90
7,977,91
7,978,93
7,979,88
7,980,92
7,981,89
7,982,89
7,983,90
7,984,94
7,985,89
7,986,92
7,987,91
7,988,90
7,989,92
7,990,93
7,991,89
7,992,95
7,993,92
7,994,89
7,995,92
7,996,90
7,997,90
7,998,86
7,999,93
7,1000,93
7,1001,92
7,1002,88
7,1003,94
7,1004,88
7,1005,93
7,1006,90
7,1007,86
7,1008,87
7,1009,94
7,1010,93
7,1011,90
7,1012,89
7,1013,90
7,1014,92
7,1015,87
7,1016,92
7,1017,89
7,1018,97
7,1019,91
7,1020,93
7,1021,92
7,1022,92
7,1023,89
7,1024,86
7,1025,90
7,1026,94
7,1027,88
7,1028,84
7,1029,90
7,1030,92
7,1031,98
7,1032,92
7,1033,91
7,1034,94
7,1035,90
7,1036,89
7,1037,92
7,1038,92
7,1039,89
7,1040,92
7,1041,91
7,1042,92
7,1043,91
7,1044,89
7,1045,88
7,1046,92
7,1047,88
7,1048,94
7,1049,84
7,1050,91
7,1051,89
7,1052,91
7,1053,92
7,1054,89
7,1055,90
7,1056,94
7,1057,96
7,1058,94
7,1059,91
7,1060,94
7,1061,90
7,1062,87
7,1063,88
7,1064,93
7,1065,89
7,1066,88
7,1067,88
7,1068,93
7,1069,90
7,1070,89
7,1071,90
7,1072,94
7,1073,95
7,1074,94
7,1075,93
7,1076,89
7,1077,93
7,1078,97
7,1079,88
7,1080,88
7,1081,88
7,1082,89
7,1083,95
7,1084,90
7,1085,88
7,1086,90
7,1087,89
7,1088,91
7,1089,92
7,1090,90
7,1091,89
7,1092,93
7,1093,93
7,1094,93
7,1095,94
7,1096,93
7,1097,92
7,1098,92
7,1099,89
7,1100,89
7,1101,89
7,1102,86
7,1103,89
7,1104,93
7,1105,93
7,1106,89
7,1107,90
7,1108,92
7,1109,93
7,1110,95
7,1111,91
7,1112,92
7,1113,85
7,1114,91
7,1115,88
7,1116,89
7,1117,90
7,1118,86
7,1119,90
7,1120,90
7,1121,89
7,1122,91
7,1123,94
7,1124,82
7,1125,89
7,1126,89
7,1127,90
7,1128,91
7,1129,92
7,1130,90
7,1131,89
7,1132,87
7,1133,92
7,1134,91
7,1135,91
7,1136,91
7,1137,91
7,1138,91
7,1139,88
7,1140,91
7,1141,91
7,1142,93
7,1143,93
7,1144,89
7,1145,89
7,1146,88
7,1147,87
7,1148,90
7,1149,86
7,1150,89
7,1151,92
7,1152,91
7,1153,88
7,1154,88
7,1155,91
7,1156,89
7,1157,91
7,1158,86
7,1159,95
7,1160,87
7,1161,87
7,1162,90
7,1163,90
7,1164,91
7,1165,92
7,1166,94
7,1167,89
7,1168,90
7,1169,92
7,1170,90
7,1171,90
7,1172,92
7,1173,94
7,1174,86
7,1175,96
7,1176,91
7,1177,88
7,1178,89
7,1179,93
7,1180,89
7,1181,89
7,1182,88
7,1183,91
7,1184,91
7,1185,94
7,1186,94
7,1187,91
7,1188,91
7,1189,89
7,1190,94
7,1191,92
7,1192,92
7,1193,88
7,1194,92
7,1195,89
7,1196,90
7,1197,81
7,1198,94
7,1199,88
7,1200,90
7,1201,90
7,1202,88
7,1203,87
7,1204,92
7,1205,90
7,1206,95
7,1207,85
7,1208,92
7,1209,89
7,1210,95
7,1211,90
7,1212,91
7,1213,93
7,1214,89
7,1215,89
7,1216,92
7,1217,88
7,1218,93
7,1219,90
7,1220,87
7,1221,93
7,1222,93
7,1223,93
7,1224,92
7,1225,94
7,1226,86
7,1227,87
7,1228,84
7,1229,91
7,1230,89
7,1231,89
7,1232,93
7,1233,87
7,1234,94
7,1235,84
7,1236,93
7,1237,88
7,1238,92
7,1239,90
7,1240,92
7,1241,90
7,1242,91
7,1243,93
7,1244,91
7,1245,93
7,1246,91
7,1247,91
7,1248,94
7,1249,91
7,1250,93
7,1251,95
7,1252,92
7,1253,88
7,1254,94
7,1255,92
7,1256,91
7,1257,90
7,1258,94
7,1259,91
7,1260,93
7,1261,89
7,1262,93
7,1263,91
7,1264,88
7,1265,90
7,1266,90
7,1267,87
7,1268,90
7,1269,95
7,1270,88
7,1271,90
7,1272,89
7,1273,92
7,1274,92
7,1275,92
7,1276,90
7,1277,90
7,1278,89
7,1279,92
7,1280,93
7,1281,92
7,1282,94
7,1283,93
7,1284,94
7,1285,91
7,1286,88
7,1287,90
7,1288,92
7,1289,90
7,1290,90
7,1291,88
7,1292,90
7,1293,87
7,1294,88
7,1295,91
7,1296,90
7,1297,91
7,1298,95
7,1299,86
7,1300,92
7,1301,92
7,1302,88
7,1303,91
7,1304,89
7,1305,88
7,1306,87
7,1307,92
7,1308,90
7,1309,91
7,1310,91
7,1311,94
7,1312,86
7,1313,92
7,1314,91
7,1315,90
7,1316,90
7,1317,86
7,1318,91
7,1319,88
7,1320,89
7,1321,90
7,1322,94
7,1323,94
7,1324,90
7,1325,90
7,1326,93
7,1327,88
7,1328,91
7,1329,85
7,1330,89
7,1331,89
7,1332,94
7,1333,90
7,1334,91
7,1335,91
7,1336,88
7,1337,88
7,1338,90
7,1339,91
7,1340,90
7,1341,88
7,1342,88
7,1343,95
7,1344,88
7,1345,92
7,1346,97
7,1347,93
7,1348,91
7,1349,92
7,1350,92
7,1351,92
7,1352,94
7,1353,86
7,1354,88
7,1355,91
7,1356,92
7,1357,87
7,1358,92
7,1359,86
7,1360,94
7,1361,93
7,1362,92
7,1363,91
7,1364,93
7,1365,89
7,1366,91
7,1367,90
7,1368,89
7,1369,94
7,1370,89
7,1371,92
7,1372,90
7,1373,93
7,1374,90
7,1375,89
7,1376,90
7,1377,95
7,1378,90
7,1379,94
7,1380,88
7,1381,94
7,1382,94
7,1383,89
7,1384,89
7,1385,96
7,1386,90
7,1387,84
7,1388,92
7,1389,94
7,1390,92
7,1391,89
7,1392,90
7,1393,86
7,1394,90
7,1395,93
7,1396,91
7,1397,93
7,1398,90
7,1399,87
7,1400,92
7,1401,90
7,1402,88
7,1403,88
7,1404,94
7,1405,92
7,1406,95
7,1407,90
7,1408,85
7,1409,94
7,1410,94
7,1411,90
7,1412,91
7,1413,88
7,1414,85
7,1415,94
7,1416,93
7,1417,93
7,1418,92
7,1419,92
7,1420,92
7,1421,90
7,1422,91
7,1423,91
7,1424,92
7,1425,90
7,1426,92
7,1427,93
7,1428,91
7,1429,86
7,1430,89
7,1431,94
7,1432,86
7,1433,89
7,1434,95
7,1435,91
7,1436,94
7,1437,89
7,1438,88
7,1439,88
7,1440,89
7,1441,85
7,1442,92
7,1443,92
7,1444,90
7,1445,88
7,1446,89
7,1447,89
7,1448,93
7,1449,92
7,1450,91
7,1451,91
7,1452,91
7,1453,89
7,1454,88
7,1455,93
7,1456,93
7,1457,87
7,1458,92
7,1459,92
7,1460,89
7,1461,92
7,1462,86
7,1463,95
7,1464,91
7,1465,86
7,1466,94
7,1467,91
7,1468,90
7,1469,86
7,1470,93
7,1471,93
7,1472,92
7,1473,92
7,1474,90
7,1475,90
7,1476,86
7,1477,93
7,1478,88
7,1479,93
7,1480,89
7,1481,89
7,1482,93
7,1483,92
7,1484,91
7,1485,94
7,1486,83
7,1487,96
7,1488,89
7,1489,93
7,1490,87
7,1491,93
7,1492,92
7,1493,90
7,1494,90
7,1495,91
7,1496,86
7,1497,85
7,1498,91
7,1499,92
7,1500,93
7,1501,93
7,1502,89
7,1503,90
7,1504,92
7,1505,92
7,1506,94
7,1507,94
7,1508,90
7,1509,88
7,1510,91
7,1511,92
7,1512,91
7,1513,92
7,1514,90
7,1515,89
7,1516,92
7,1517,91
7,1518,89
7,1519,88
7,1520,92
7,1521,94
7,1522,90
7,1523,91
7,1524,91
7,1525,91
7,1526,90
7,1527,92
7,1528,91
7,1529,88
7,1530,89
7,1531,90
7,1532,93
7,1533,90
7,1534,90
7,1535,92
7,1536,93
7,1537,93
7,1538,91
7,1539,92
7,1540,92
7,1541,91
7,1542,98
7,1543,91
7,1544,93
7,1545,87
7,1546,94
7,1547,95
7,1548,88
7,1549,92
7,1550,90
7,1551,93
7,1552,91
7,1553,91
7,1554,90
7,1555,92
7,1556,91
7,1557,92
7,1558,92
7,1559,91
7,1560,89
7,1561,90
7,1562,92
7,1563,92
7,1564,91
7,1565,85
7,1566,93
7,1567,92
7,1568,90
7,1569,93
7,1570,87
7,1571,95
7,1572,92
7,1573,85
7,1574,92
7,1575,93
7,1576,94
7,1577,92
7,1578,91
7,1579,94
7,1580,94
7,1581,89
7,1582,93
7,1583,91
7,1584,95
7,1585,88
7,1586,88
7,1587,93
7,1588,91
7,1589,94
7,1590,87
7,1591,91
7,1592,95
7,1593,94
7,1594,89
7,1595,91
7,1596,90
7,1597,89
7,1598,90
7,1599,88
7,1600,93
7,1601,93
7,1602,89
7,1603,92
7,1604,92
7,1605,88
7,1606,91
7,1607,94
7,1608,94
7,1609,88
7,1610,93
7,1611,87
7,1612,92
7,1613,92
7,1614,94
7,1615,92
7,1616,84
7,1617,93
7,1618,91
7,1619,89
7,1620,88
7,1621,90
7,1622,93
7,1623,91
7,1624,90
7,1625,95
7,1626,90
7,1627,88
7,1628,87
7,1629,94
7,1630,98
7,1631,95
7,1632,91
7,1633,89
7,1634,93
7,1635,87
7,1636,89
7,1637,88
7,1638,88
7,1639,91
7,1640,91
7,1641,90
7,1642,92
7,1643,90
7,1644,89
7,1645,91
7,1646,91
7,1647,91
7,1648,94
7,1649,90
7,1650,87
7,1651,88
7,1652,92
7,1653,94
7,1654,90
7,1655,92
7,1656,92
7,1657,91
7,1658,92
7,1659,93
7,1660,93
7,1661,89
7,1662,88
7,1663,92
7,1664,91
7,1665,93
7,1666,92
7,1667,94
7,1668,88
7,1669,90
7,1670,91
7,1671,92
7,1672,93
7,1673,91
7,1674,91
7,1675,87
7,1676,97
7,1677,86
7,1678,97
7,1679,91
7,1680,93
7,1681,94
7,1682,92
7,1683,88
7,1684,87
7,1685,89
7,1686,93
7,1687,90
7,1688,90
7,1689,93
7,1690,92
7,1691,88
7,1692,96
7,1693,90
7,1694,88
7,1695,88
7,1696,90
7,1697,93
7,1698,91
7,1699,94
7,1700,86
7,1701,96
7,1702,92
7,1703,90
7,1704,92
7,1705,89
7,1706,83
7,1707,89
7,1708,88
7,1709,94
7,1710,91
7,1711,89
7,1712,92
7,1713,93
7,1714,93
7,1715,92
7,1716,89
7,1717,92
7,1718,92
7,1719,91
7,1720,92
7,1721,93
7,1722,87
7,1723,92
7,1724,91
7,1725,85
7,1726,86
7,1727,90
7,1728,92
7,1729,86
7,1730,89
7,1731,90
7,1732,91
7,1733,95
7,1734,90
7,1735,91
7,1736,91
7,1737,86
7,1738,90
7,1739,92
7,1740,84
7,1741,87
7,1742,90
7,1743,91
7,1744,88
7,1745,87
7,1746,95
7,1747,83
7,1748,89
7,1749,93
7,1750,91
7,1751,85
7,1752,91
7,1753,91
7,1754,92
7,1755,94
7,1756,95
7,1757,94
7,1758,88
7,1759,92
7,1760,89
7,1761,86
7,1762,92
7,1763,88
7,1764,88
7,1765,89
7,1766,87
7,1767,89
7,1768,93
7,1769,92
7,1770,93
7,1771,91
7,1772,88
7,1773,88
7,1774,93
7,1775,92
7,1776,85
7,1777,90
7,1778,92
7,1779,88
7,1780,91
7,1781,87
7,1782,91
7,1783,95
7,1784,90
7,1785,92
7,1786,88
7,1787,91
7,1788,89
7,1789,87
7,1790,94
7,1791,90
7,1792,92
7,1793,91
7,1794,91
7,1795,88
7,1796,86
7,1797,94
7,1798,94
7,1799,90
7,1800,95
7,1801,94
7,1802,89
7,1803,88
7,1804,94
7,1805,90
7,1806,91
7,1807,91
7,1808,87
7,1809,90
7,1810,93
7,1811,90
7,1812,91
7,1813,89
7,1814,94
7,1815,89
7,1816,88
7,1817,96
7,1818,90
7,1819,91
7,1820,87
7,1821,97
7,1822,89
7,1823,95
7,1824,93
7,1825,92
7,1826,92
7,1827,89
7,1828,90
7,1829,93
7,1830,86
7,1831,89
7,1832,91
7,1833,95
7,1834,91
7,1835,90
7,1836,93
7,1837,91
7,1838,93
7,1839,92
7,1840,91
7,1841,85
8,0,95
8,1,92
8,2,95
8,3,89
8,4,87
8,5,88
8,6,91
8,7,92
8,8,89
8,9,90
8,10,89
8,11,94
8,12,86
8,13,88
8,14,94
8,15,89
8,16,91
8,17,89
8,18,87
8,19,93
8,20,92
8,21,89
8,22,93
8,23,92
8,24,93
8,25,96
8,26,88
8,27,91
8,28,86
8,29,94
8,30,94
8,31,89
8,32,90
8,33,90
8,34,89
8,35,91
8,36,90
8,37,91
8,38,92
8,39,91
8,40,94
8,41,92
8,42,89
8,43,93
8,44,89
8,45,91
8,46,89
8,47,91
8,48,89
8,49,90
8,50,89
8,51,88
8,52,88
8,53,89
8,54,88
8,55,90
8,56,88
8,57,91
8,58,92
8,59,86
8,60,84
8,61,92
8,62,92
8,63,93
8,64,91
8,65,92
8,66,89
8,67,91
8,68,89
8,69,91
8,70,91
8,71,96
8,72,89
8,73,89
8,74,93
8,75,93
8,76,88
8,77,93
8,78,89
8,79,91
8,80,90
8,81,93
8,82,89
8,83,88
8,84,92
8,85,95
8,86,94
8,87,90
8,88,93
8,89,85
8,90,87
8,91,91
8,92,92
8,93,90
8,94,89
8,95,88
8,96,94
8,97,93
8,98,88
8,99,92
8,100,87
8,101,94
8,102,93
8,103,86
8,104,91
8,105,97
8,106,90
8,107,89
8,108,93
8,109,89
8,110,87
8,111,82
8,112,91
8,113,86
8,114,96
8,115,94
8,116,89
8,117,92
8,118,94
8,119,87
8,120,90
8,121,91
8,122,93
8,123,93
8,124,89
8,125,93
8,126,90
8,127,95
8,128,90
8,129,87
8,130,94
8,131,90
8,132,90
8,133,91
8,134,91
8,135,95
8,136,89
8,137,84
8,138,90
8,139,89
8,140,85
8,141,91
8,142,92
8,143,91
8,144,92
8,145,90
8,146,90
8,147,86
8,148,94
8,149,86
8,150,87
8,151,91
8,152,95
8,153,91
8,154,89
8,155,85
8,156,92
8,157,85
8,158,95
8,159,91
8,160,90
8,161,92
8,162,94
8,163,86
8,164,92
8,165,92
8,166,91
8,167,93
8,168,90
8,169,91
8,170,86
8,171,96
8,172,90
8,173,90
8,174,92
8,175,93
8,176,93
8,177,97
8,178,92
8,179,89
8,180,91
8,181,86
8,182,87
8,183,92
8,184,91
8,185,93
8,186,87
8,187,89
8,188,89
8,189,92
8,190,95
8,191,90
8,192,90
8,193,91
8,194,92
8,195,88
8,196,91
8,197,87
8,198,90
8,199,90
8,200,91
8,201,91
8,202,90
8,203,91
8,204,96
8,205,92
8,206,90
8,207,94
8,208,91
8,209,88
8,210,94
8,211,89
8,212,90
8,213,91
8,214,91
8,215,92
8,216,94
8,217,93
8,218,87
8,219,90
8,220,90
8,221,91
8,222,89
8,223,88
8,224,89
8,225,93
8,226,86
8,227,92
8,228,95
8,229,91
8,230,87
8,231,91
8,232,97
8,233,91
8,234,96
8,235,92
8,236,91
8,237,88
8,238,89
8,239,91
8,240,93
8,241,87
8,242,94
8,243,89
8,244,89
8,245,92
8,246,89
8,247,92
8,248,91
8,249,92
8,250,89
8,251,89
8,252,97
8,253,93
8,254,92
8,255,92
8,256,89
8,257,93
8,258,93
8,259,86
8,260,87
8,261,86
8,262,86
8,263,89
8,264,90
8,265,95
8,266,91
8,267,90
8,268,91
8,269,86
8,270,86
8,271,96
8,272,91
8,273,94
8,274,90
8,275,90
8,276,89
8,277,91
8,278,91
8,279,91
8,280,93
8,281,89
8,282,92
8,283,93
8,284,93
8,285,90
8,286,87
8,287,90
8,288,88
8,289,87
8,290,93
8,291,90
8,292,90
8,293,93
8,294,93
8,295,93
8,296,94
8,297,86
8,298,87
8,299,86
8,300,94
8,301,89
8,302,92
8,303,93
8,304,93
8,305,91
8,306,88
8,307,94
8,308,95
8,309,90
8,310,93
8,311,90
8,312,86
8,313,89
8,314,93
8,315,93
8,316,95
8,317,86
8,318,91
8,319,95
8,320,86
8,321,91
8,322,87
8,323,91
8,324,89
8,325,87
8,326,94
8,327,90
8,328,88
8,329,92
8,330,89
8,331,86
8,332,92
8,333,93
8,334,88
8,335,93
8,336,96
8,337,87
8,338,95
8,339,94
8,340,94
8,341,93
8,342,89
8,343,91
8,344,91
8,345,96
8,346,93
8,347,91
8,348,95
8,349,92
8,350,94
8,351,87
8,352,88
8,353,94
8,354,95
8,355,92
8,356,92
8,357,85
8,358,88
8,359,87
8,360,91
8,361,92
8,362,89
8,363,92
8,364,96
8,365,93
8,366,92
8,367,88
8,368,96
8,369,94
8,370,88
8,371,92
8,372,93
8,373,89
8,374,86
8,375,88
8,376,95
8,377,90
8,378,90
8,379,89
8,380,88
8,381,94
8,382,86
8,383,91
8,384,86
8,385,87
8,386,87
8,387,91
8,388,89
8,389,93
8,390,92
8,391,92
8,392,92
8,393,92
8,394,93
8,395,96
8,396,91
8,397,91
8,398,91
8,399,96
8,400,87
8,401,95
8,402,93
8,403,86
8,404,93
8,405,87
8,406,87
8,407,91
8,408,96
8,409,94
8,410,91
8,411,93
8,412,95
8,413,91
8,414,90
8,415,96
8,416,94
8,417,84
8,418,93
8,419,91
8,420,95
8,421,94
8,422,92
8,423,93
8,424,90
8,425,91
8,426,88
8,427,96
8,428,92
8,429,93
8,430,90
8,431,90
8,432,91
8,433,91
8,434,87
8,435,87
8,436,93
8,437,87
8,438,92
8,439,90
8,440,91
8,441,92
8,442,87
8,443,91
8,444,91
8,445,92
8,446,95
8,447,83
8,448,89
8,449,88
8,450,90
8,451,90
8,452,87
8,453,87
8,454,95
8,455,88
8,456,90
8,457,90
8,458,89
8,459,94
8,460,86
8,461,91
8,462,91
8,463,94
8,464,92
8,465,92
8,466,88
8,467,91
8,468,89
8,469,92
8,470,90
8,471,89
8,472,90
8,473,94
8,474,89
8,475,89
8,476,94
8,477,90
8,478,89
8,479,96
8,480,96
8,481,91
8,482,91
8,483,92
8,484,94
8,485,90
8,486,95
8,487,90
8,488,94
8,489,92
8,490,90
8,491,90
8,492,84
8,493,95
8,494,93
8,495,93
8,496,92
8,497,87
8,498,88
8,499,94
8,500,91
8,501,88
8,502,84
8,503,87
8,504,85
8,505,90
8,506,90
8,507,91
8,508,91
8,509,91
8,510,89
8,511,93
8,512,88
8,513,89
8,514,87
8,515,93
8,516,90
8,517,92
8,518,97
8,519,92
8,520,91
8,521,89
8,522,88
8,523,89
8,524,94
8,525,89
8,526,90
8,527,89
8,528,94
8,529,92
8,530,82
8,531,94
8,532,91
8,533,90
8,534,89
8,535,89
8,536,88
8,537,92
8,538,91
8,539,92
8,540,91
8,541,87
8,542,88
8,543,92
8,544,84
8,545,91
8,546,91
8,547,93
8,548,93
8,549,88
8,550,84
8,551,90
8,552,94
8,553,94
8,554,90
8,555,95
8,556,90
8,557,93
8,558,92
8,559,91
8,560,88
8,561,91
8,562,91
8,563,93
8,564,90
8,565,91
8,566,90
8,567,93
8,568,92
8,569,89
8,570,91
8,571,90
8,572,91
8,573,91
8,574,88
8,575,89
8,576,85
8,577,93
8,578,96
8,579,89
8,580,89
8,581,88
8,582,89
8,583,85
8,584,94
8,585,92
8,586,88
8,587,91
8,588,87
8,589,95
8,590,92
8,591,95
8,592,90
8,593,88
8,594,90
8,595,90
8,596,93
8,597,91
8,598,92
8,599,92
8,600,88
8,601,85
8,602,89
8,603,90
8,604,92
8,605,90
8,606,92
8,607,92
8,608,91
8,609,96
8,610,94
8,611,92
8,612,91
8,613,88
8,614,92
8,615,90
8,616,91
8,617,94
8,618,94
8,619,91
8,620,91
8,621,96
8,622,98
8,623,91
8,624,89
8,625,90
8,626,92
8,627,90
8,628,83
8,629,94
8,630,92
8,631,89
8,632,93
8,633,97
8,634,92
8,635,93
8,636,88
8,637,86
8,638,91
8,639,92
8,640,91
8,641,92
8,642,91
8,643,90
8,644,92
8,645,92
8,646,92
8,647,90
8,648,89
8,649,90
8,650,92
8,651,89
8,652,89
8,653,91
8,654,92
8,655,92
8,656,93
8,657,88
8,658,94
8,659,90
8,660,93
8,661,89
8,662,88
8,663,92
8,664,95
8,665,86
8,666,87
8,667,92
8,668,94
8,669,90
8,670,94
8,671,90
8,672,91
8,673,95
8,674,96
8,675,85
8,676,89
8,677,90
8,678,92
8,679,91
8,680,90
8,681,93
8,682,91
8,683,91
8,684,86
8,685,94
8,686,94
8,687,89
8,688,90
8,689,92
8,690,91
8,691,89
8,692,89
8,693,87
8,694,92
8,695,93
8,696,94
8,697,91
8,698,90
8,699,92
8,700,91
8,701,90
8,702,84
8,703,93
8,704,89
8,705,88
8,706,84
8,707,91
8,708,88
8,709,90
8,710,91
8,711,90
8,712,84
8,713,92
8,714,90
8,715,92
8,716,93
8,717,93
8,718,93
8,719,79
8,720,88
8,721,94
8,722,93
8,723,90
8,724,94
8,725,94
8,726,94
8,727,89
8,728,92
8,729,94
8,730,94
8,731,93
8,732,89
8,733,87
8,734,85
8,735,86
8,736,96
8,737,87
8,738,90
8,739,91
8,740,95
8,741,90
8,742,92
8,743,92
8,744,91
8,745,89
8,746,87
8,747,86
8,748,95
8,749,92
8,750,92
8,751,91
8,752,87
8,753,84
8,754,87
8,755,94
8,756,90
8,757,92
8,758,88
8,759,90
8,760,87
8,761,90
8,762,94
8,763,88
8,764,89
8,765,90
8,766,90
8,767,92
8,768,91
8,769,88
8,770,89
8,771,90
8,772,86
8,773,89
8,774,92
8,775,90
8,776,89
8,777,89
8,778,92
8,779,91
8,780,85
8,781,87
8,782,88
8,783,89
8,784,92
8,785,96
8,786,92
8,787,93
8,788,88
8,789,88
8,790,93
8,791,90
8,792,92
8,793,86
8,794,90
8,795,91
8,796,90
8,797,92
8,798,92
8,799,91
8,800,89
8,801,91
8,802,94
8,803,87
8,804,90
8,805,92
8,806,94
8,807,88
8,808,90
8,809,94
8,810,92
8,811,92
8,812,91
8,813,92
8,814,95
8,815,92
8,816,90
8,817,90
8,818,90
8,819,91
8,820,91
8,821,90
8,822,90
8,823,91
8,824,94
8,825,87
8,826,90
8,827,88
8,828,89
8,829,90
8,830,93
8,831,90
8,832,89
8,833,91
8,834,91
8,835,93
8,836,91
8,837,87
8,838,94
8,839,93
8,840,87
8,841,90
8,842,92
8,843,90
8,844,91
8,845,87
8,846,90
8,847,91
8,848,94
8,849,92
8,850,90
8,851,91
8,852,93
8,853,88
8,854,91
8,855,96
8,856,89
8,857,88
8,858,90
8,859,92
8,860,89
8,861,87
8,862,86
8,863,92
8,864,90
8,865,86
8,866,92
8,867,87
8,868,90
8,869,94
8,870,92
8,871,91
8,872,89
8,873,94
8,874,91
8,875,90
8,876,92
8,877,89
8,878,92
8,879,90
8,880,91
8,881,91
8,882,89
8,883,90
8,884,91
8,885,93
8,886,93
8,887,90
8,888,91
8,889,90
8,890,95
8,891,86
8,892,90
8,893,95
8,894,91
8,895,86
8,896,90
8,897,95
8,898,88
8,899,90
8,900,92
8,901,95
8,902,88
8,903,90
8,904,88
8,905,94
8,906,90
8,907,94
8,908,88
8,909,93
8,910,91
8,911,87
8,912,88
8,913,94
8,914,87
8,915,92
8,916,92
8,917,82
8,918,89
8,919,90
8,920,91
8,921,90
8,922,93
8,923,88
8,924,92
8,925,88
8,926,90
8,927,93
8,928,93
8,929,91
8,930,92
8,931,84
8,932,93
8,933,92
8,934,91
8,935,88
8,936,93
8,937,92
8,938,90
8,939,90
8,940,94
8,941,94
8,942,89
8,943,93
8,944,83
8,945,91
8,946,87
8,947,95
8,948,89
8,949,90
8,950,85
8,951,90
8,952,89
8,953,93
8,954,93
8,955,94
8,956,93
8,957,84
8,958,94
8,959,87
8,960,94
8,961,91
8,962,87
8,963,90
8,964,90
8,965,85
8,966,94
8,967,90
8,968,87
8,969,91
8,970,95
8,971,94
8,972,93
8,973,93
8,974,94
8,975,89
8,976,92
8,977,91
8,978,90
8,979,93
8,980,92
8,981,89
8,982,91
8,983,91
8,984,88
8,985,91
8,986,91
8,987,85
8,988,90
8,989,90
8,990,88
8,991,94
8,992,92
8,993,93
8,994,92
8,995,93
8,996,83
8,997,89
8,998,92
8,999,92
8,1000,91
8,1001,93
8,1002,93
8,1003,93
8,1004,92
8,1005,89
8,1006,93
8,1007,90
8,1008,86
8,1009,95
8,1010,91
8,1011,85
8,1012,89
8,1013,88
8,1014,94
8,1015,87
8,1016,91
8,1017,91
8,1018,95
8,1019,94
8,1020,91
8,1021,92
8,1022,96
8,1023,89
8,1024,92
8,1025,88
8,1026,97
8,1027,91
8,1028,92
8,1029,87
8,1030,89
8,1031,95
8,1032,91
8,1033,90
8,1034,91
8,1035,93
8,1036,89
8,1037,92
8,1038,88
8,1039,88
8,1040,88
8,1041,87
8,1042,91
8,1043,87
8,1044,91
8,1045,89
8,1046,89
8,1047,85
8,1048,88
8,1049,88
8,1050,88
8,1051,90
8,1052,93
8,1053,87
8,1054,93
8,1055,89
8,1056,89
8,1057,89
8,1058,90
8,1059,93
8,1060,89
8,1061,91
8,1062,85
8,1063,86
8,1064,87
8,1065,88
8,1066,87
8,1067,90
8,1068,90
8,1069,89
8,1070,89
8,1071,91
8,1072,93
8,1073,90
8,1074,91
8,1075,88
8,1076,92
8,1077,88
8,1078,92
8,1079,89
8,1080,91
8,1081,93
8,1082,92
8,1083,90
8,1084,92
8,1085,98
8,1086,93
8,1087,90
8,1088,87
8,1089,92
8,1090,93
8,1091,93
8,1092,91
8,1093,92
8,1094,90
8,1095,92
8,1096,88
8,1097,86
8,1098,92
8,1099,91
8,1100,89
8,1101,89
8,1102,89
8,1103,88
8,1104,92
8,1105,91
8,1106,91
8,1107,92
8,1108,91
8,1109,86
8,1110,91
8,1111,91
8,1112,88
8,1113,91
8,1114,86
8,1115,88
8,1116,90
8,1117,90
8,1118,95
8,1119,95
8,1120,92
8,1121,92
8,1122,88
8,1123,93
8,1124,88
8,1125,90
8,1126,96
8,1127,93
8,1128,91
8,1129,92
8,1130,89
8,1131,90
8,1132,88
8,1133,90
8,1134,92
8,1135,90
8,1136,88
8,1137,91
8,1138,90
8,1139,93
8,1140,89
8,1141,92
8,1142,91
8,1143,94
8,1144,93
8,1145,87
8,1146,91
8,1147,94
8,1148,92
8,1149,91
8,1150,92
8,1151,88
8,1152,90
8,1153,94
8,1154,91
8,1155,90
8,1156,88
8,1157,88
8,1158,88
8,1159,89
8,1160,88
8,1161,92
8,1162,90
8,1163,90
8,1164,90
8,1165,94
8,1166,91
8,1167,91
8,1168,89
8,1169,90
8,1170,89
8,1171,92
8,1172,88
8,1173,87
8,1174,89
8,1175,90
8,1176,96
8,1177,93
8,1178,88
8,1179,95
8,1180,88
8,1181,91
8,1182,92
8,1183,93
8,1184,92
8,1185,88
8,1186,92
8,1187,85
8,1188,92
8,1189,93
8,1190,88
8,1191,91
8,1192,93
8,1193,94
8,1194,90
8,1195,92
8,1196,91
8,1197,90
8,1198,92
8,1199,94
8,1200,94
8,1201,89
8,1202,91
8,1203,87
8,1204,91
8,1205,88
8,1206,92
8,1207,91
8,1208,91
8,1209,91
8,1210,92
8,1211,88
8,1212,93
8,1213,92
8,1214,89
8,1215,90
8,1216,91
8,1217,89
8,1218,93
8,1219,92
8,1220,87
8,1221,89
8,1222,89
8,1223,91
8,1224,91
8,1225,94
8,1226,94
8,1227,93
8,1228,94
8,1229,93
8,1230,96
8,1231,90
8,1232,93
8,1233,91
8,1234,93
8,1235,88
8,1236,90
8,1237,89
8,1238,91
8,1239,90
8,1240,92
8,1241,95
8,1242,87
8,1243,90
8,1244,91
8,1245,90
8,1246,95
8,1247,91
8,1248,93
8,1249,85
8,1250,93
8,1251,91
8,1252,87
8,1253,92
8,1254,89
8,1255,91
8,1256,89
8,1257,88
8,1258,94
8,1259,90
8,1260,94
8,1261,89
8,1262,90
8,1263,92
8,1264,90
8,1265,91
8,1266,95
8,1267,87
8,1268,91
8,1269,91
8,1270,92
8,1271,89
8,1272,91
8,1273,96
8,1274,89
8,1275,92
8,1276,90
8,1277,97
8,1278,87
8,1279,89
8,1280,87
8,1281,93
8,1282,92
8,1283,92
8,1284,93
8,1285,90
8,1286,90
8,1287,92
8,1288,90
8,1289,89
8,1290,90
8,1291,87
8,1292,92
8,1293,86
8,1294,87
8,1295,87
8,1296,91
8,1297,89
8,1298,93
8,1299,87
8,1300,90
8,1301,94
8,1302,88
8,1303,93
8,1304,86
8,1305,90
8,1306,85
8,1307,94
8,1308,88
8,1309,94
8,1310,90
8,1311,88
8,1312,90
8,1313,91
8,1314,96
8,1315,91
8,1316,96
8,1317,93
8,1318,89
8,1319,92
8,1320,92
8,1321,91
8,1322,95
8,1323,89
8,1324,89
8,1325,90
8,1326,88
8,1327,90
8,1328,91
8,1329,90
8,1330,93
8,1331,92
8,1332,93
8,1333,85
8,1334,92
8,1335,89
8,1336,89
8,1337,88
8,1338,92
8,1339,93
8,1340,91
8,1341,86
8,1342,87
8,1343,90
8,1344,92
8,1345,90
8,1346,91
8,1347,91
8,1348,92
8,1349,92
8,1350,91
8,1351,91
8,1352,91
8,1353,89
8,1354,91
8,1355,91
8,1356,89
8,1357,91
8,1358,90
8,1359,83
8,1360,93
8,1361,90
8,1362,89
8,1363,90
8,1364,89
8,1365,94
8,1366,89
8,1367,94
8,1368,93
8,1369,92
8,1370,90
8,1371,87
8,1372,90
8,1373,91
8,1374,93
8,1375,92
8,1376,92
8,1377,90
8,1378,92
8,1379,90
8,1380,94
8,1381,92
8,1382,93
8,1383,90
8,1384,95
8,1385,90
8,1386,95
8,1387,91
8,1388,96
8,1389,90
8,1390,92
8,1391,88
8,1392,95
8,1393,85
8,1394,92
8,1395,86
8,1396,90
8,1397,94
8,1398,92
8,1399,93
8,1400,88
8,1401,93
8,1402,91
8,1403,88
8,1404,89
8,1405,93
8,1406,85
8,1407,89
8,1408,90
8,1409,89
8,1410,92
8,1411,91
8,1412,88
8,1413,94
8,1414,91
8,1415,94
8,1416,96
8,1417,92
8,1418,86
8,1419,91
8,1420,88
8,1421,90
8,1422,91
8,1423,87
8,1424,96
8,1425,89
8,1426,89
8,1427,93
8,1428,97
8,1429,93
8,1430,89
8,1431,85
8,1432,88
8,1433,90
8,1434,87
8,1435,91
8,1436,92
8,1437,88
8,1438,93
8,1439,93
8,1440,90
8,1441,86
8,1442,92
8,1443,88
8,1444,95
8,1445,93
8,1446,89
8,1447,86
8,1448,92
8,1449,94
8,1450,93
8,1451,91
8,1452,93
8,1453,89
8,1454,87
8,1455,93
8,1456,87
8,1457,90
8,1458,92
8,1459,94
8,1460,91
8,1461,91
8,1462,91
8,1463,95
8,1464,90
8,1465,91
8,1466,89
8,1467,95
8,1468,93
8,1469,90
8,1470,95
8,1471,88
8,1472,90
8,1473,89
8,1474,90
8,1475,85
8,1476,97
8,1477,87
8,1478,93
8,1479,93
8,1480,92
8,1481,91
8,1482,95
8,1483,89
8,1484,92
8,1485,90
8,1486,87
8,1487,96
8,1488,89
8,1489,93
8,1490,91
8,1491,89
8,1492,92
8,1493,93
8,1494,90
8,1495,90
8,1496,92
8,1497,93
8,1498,83
8,1499,87
8,1500,93
8,1501,87
8,1502,90
8,1503,89
8,1504,89
8,1505,91
8,1506,94
8,1507,91
8,1508,86
8,1509,87
8,1510,95
8,1511,89
8,1512,90
8,1513,94
8,1514,90
8,1515,92
8,1516,91
8,1517,92
8,1518,89
8,1519,91
8,1520,91
8,1521,94
8,1522,93
8,1523,93
8,1524,91
8,1525,89
8,1526,89
8,1527,92
8,1528,89
8,1529,92
8,1530,89
8,1531,91
8,1532,87
8,1533,89
8,1534,92
8,1535,92
8,1536,90
8,1537,86
8,1538,91
8,1539,94
8,1540,95
8,1541,92
8,1542,93
8,1543,91
8,1544,94
8,1545,93
8,1546,89
8,1547,87
8,1548,90
8,1549,93
8,1550,90
8,1551,86
8,1552,93
8,1553,95
8,1554,90
8,1555,86
8,1556,88
8,1557,89
8,1558,89
8,1559,89
8,1560,90
8,1561,90
8,1562,94
8,1563,92
8,1564,89
8,1565,90
8,1566,91
8,1567,91
8,1568,89
8,1569,93
8,1570,89
8,1571,91
8,1572,85
8,1573,88
8,1574,96
8,1575,90
8,1576,93
8,1577,89
8,1578,93
8,1579,90
8,1580,86
8,1581,89
8,1582,84
8,1583,90
8,1584,88
8,1585,92
8,1586,90
8,1587,91
8,1588,93
8,1589,92
8,1590,91
8,1591,91
8,1592,88
8,1593,90
8,1594,89
8,1595,88
8,1596,87
8,1597,91
8,1598,92
8,1599,90
8,1600,93
8,1601,87
8,1602,93
8,1603,86
8,1604,85
8,1605,84
8,1606,93
8,1607,91
8,1608,93
8,1609,90
8,1610,93
8,1611,96
8,1612,87
8,1613,93
8,1614,89
8,1615,89
8,1616,90
8,1617,87
8,1618,94
8,1619,91
8,1620,92
8,1621,90
8,1622,89
8,1623,89
8,1624,91
8,1625,95
8,1626,91
8,1627,90
8,1628,91
8,1629,93
8,1630,95
8,1631,94
8,1632,94
8,1633,89
8,1634,93
8,1635,91
8,1636,89
8,1637,89
8,1638,91
8,1639,92
8,1640,90
8,1641,87
8,1642,91
8,1643,89
8,1644,93
8,1645,91
8,1646,91
8,1647,91
8,1648,90
8,1649,91
8,1650,90
8,1651,96
8,1652,89
8,1653,93
8,1654,92
8,1655,91
8,1656,91
8,1657,91
8,1658,90
8,1659,95
8,1660,91
8,1661,92
8,1662,94
8,1663,88
8,1664,93
8,1665,92
8,1666,94
8,1667,90
8,1668,90
8,1669,88
8,1670,94
8,1671,88
8,1672,89
8,1673,95
8,1674,94
8,1675,93
8,1676,88
8,1677,90
8,1678,89
8,1679,93
8,1680,89
8,1681,90
8,1682,90
8,1683,84
8,1684,90
8,1685,88
8,1686,84
8,1687,92
8,1688,86
8,1689,87
8,1690,89
8,1691,87
8,1692,87
8,1693,89
8,1694,91
8,1695,88
8,1696,89
8,1697,88
8,1698,93
8,1699,86
8,1700,88
8,1701,91
8,1702,89
8,1703,91
8,1704,93
8,1705,95
8,1706,91
8,1707,89
8,1708,91
8,1709,91
8,1710,88
8,1711,95
8,1712,90
8,1713,91
8,1714,92
8,1715,94
8,1716,91
8,1717,91
8,1718,91
8,1719,90
8,1720,89
8,1721,88
8,1722,93
8,1723,89
8,1724,91
8,1725,91
8,1726,93
8,1727,99
8,1728,90
8,1729,86
8,1730,92
8,1731,90
8,1732,88
8,1733,89
8,1734,93
8,1735,91
8,1736,93
8,1737,91
8,1738,92
8,1739,90
8,1740,96
8,1741,89
8,1742,91
8,1743,89
8,1744,94
8,1745,88
8,1746,95
8,1747,89
8,1748,96
8,1749,92
8,1750,92
8,1751,86
8,1752,93
8,1753,91
8,1754,87
8,1755,87
8,1756,92
8,1757,91
8,1758,87
8,1759,90
8,1760,93
8,1761,95
8,1762,91
8,1763,93
8,1764,93
8,1765,91
8,1766,88
8,1767,90
8,1768,90
8,1769,92
8,1770,89
8,1771,91
8,1772,94
8,1773,90
8,1774,91
8,1775,94
8,1776,89
8,1777,89
8,1778,94
8,1779,90
8,1780,91
8,1781,89
8,1782,91
8,1783,91
8,1784,89
8,1785,92
8,1786,89
8,1787,91
8,1788,91
8,1789,89
8,1790,87
8,1791,88
8,1792,88
8,1793,87
8,1794,91
8,1795,88
8,1796,91
8,1797,91
8,1798,89
8,1799,92
8,1800,92
8,1801,89
8,1802,92
8,1803,92
8,1804,92
8,1805,86
8,1806,92
8,1807,91
8,1808,89
8,1809,91
8,1810,88
8,1811,91
8,1812,92
8,1813,93
8,1814,89
8,1815,85
8,1816,90
8,1817,91
8,1818,92
8,1819,89
8,1820,96
8,1821,88
8,1822,88
8,1823,93
8,1824,93
8,1825,88
8,1826,91
8,1827,94
8,1828,94
8,1829,93
8,1830,88
8,1831,90
8,1832,92
8,1833,92
8,1834,93
8,1835,88
8,1836,80
8,1837,88
8,1838,88
8,1839,87
8,1840,90
8,1841,92
9,0,89
9,1,93
9,2,94
9,3,85
9,4,91
9,5,94
9,6,90
9,7,87
9,8,88
9,9,94
9,10,93
9,11,90
9,12,94
9,13,95
9,14,89
9,15,92
9,16,91
9,17,87
9,18,96
9,19,92
9,20,93
9,21,90
9,22,94
9,23,88
9,24,93
9,25,87
9,26,94
9,27,89
9,28,92
9,29,89
9,30,90
9,31,95
9,32,90
9,33,90
9,34,93
9,35,87
9,36,88
9,37,93
9,38,90
9,39,91
9,40,91
9,41,94
9,42,96
9,43,90
9,44,86
9,45,88
9,46,91
9,47,91
9,48,86
9,49,93
9,50,89
9,51,94
9,52,90
9,53,90
9,54,90
9,55,90
9,56,91
9,57,89
9,58,90
9,59,91
9,60,90
9,61,90
9,62,87
9,63,91
9,64,88
9,65,88
9,66,90
9,67,88
9,68,95
9,69,91
9,70,94
9,71,90
9,72,93
9,73,92
9,74,93
9,75,91
9,76,84
9,77,90
9,78,94
9,79,86
9,80,90
9,81,89
9,82,88
9,83,90
9,84,95
9,85,87
9,86,90
9,87,93
9,88,92
9,89,92
9,90,89
9,91,89
9,92,87
9,93,88
9,94,90
9,95,88
9,96,90
9,97,84
9,98,90
9,99,89
9,100,89
9,101,89
9,102,87
9,103,90
9,104,91
9,105,90
9,106,95
9,107,88
9,108,93
9,109,88
9,110,94
9,111,91
9,112,85
9,113,90
9,114,91
9,115,90
9,116,91
9,117,89
9,118,88
9,119,90
9,120,86
9,121,89
9,122,91
9,123,95
9,124,87
9,125,93
9,126,94
9,127,92
9,128,91
9,129,88
9,130,91
9,131,91
9,132,94
9,133,92
9,134,90
9,135,86
9,136,94
9,137,89
9,138,94
9,139,97
9,140,91
9,141,92
9,142,93
9,143,89
9,144,92
9,145,89
9,146,96
9,147,94
9,148,89
9,149,92
9,150,92
9,151,90
9,152,91
9,153,85
9,154,90
9,155,87
9,156,93
9,157,94
9,158,93
9,159,93
9,160,90
9,161,90
9,162,90
9,163,95
9,164,88
9,165,91
9,166,94
9,167,89
9,168,88
9,169,93
9,170,90
9,171,91
9,172,91
9,173,86
9,174,90
9,175,86
9,176,93
9,177,92
9,178,93
9,179,89
9,180,85
9,181,93
9,182,92
9,183,89
9,184,93
9,185,91
9,186,85
9,187,90
9,188,93
9,189,91
9,190,87
9,191,95
9,192,90
9,193,93
9,194,87
9,195,92
9,196,90
9,197,87
9,198,90
9,199,88
9,200,92
9,201,87
9,202,92
9,203,88
9,204,92
9,205,91
9,206,88
9,207,91
9,208,89
9,209,94
9,210,90
9,211,91
9,212,90
9,213,92
9,214,88
9,215,89
9,216,87
9,217,89
9,218,93
9,219,85
9,220,98
9,221,89
9,222,91
9,223,92
9,224,95
9,225,96
9,226,94
9,227,92
9,228,91
9,229,93
9,230,89
9,231,93
9,232,88
9,233,90
9,234,86
9,235,90
9,236,91
9,237,96
9,238,90
9,239,90
9,240,91
9,241,85
9,242,91
9,243,87
9,244,91
9,245,95
9,246,91
9,247,91
9,248,92
9,249,86
9,250,89
9,251,94
9,252,88
9,253,90
9,254,89
9,255,90
9,256,89
9,257,93
9,258,89
9,259,86
9,260,87
9,261,88
9,262,91
9,263,90
9,264,90
9,265,88
9,266,93
9,267,87
9,268,93
9,269,87
9,270,93
9,271,88
9,272,90
9,273,91
9,274,89
9,275,94
9,276,93
9,277,90
9,278,92
9,279,91
9,280,94
9,281,92
9,282,87
9,283,89
9,284,92
9,285,92
9,286,91
9,287,92
9,288,93
9,289,93
9,290,92
9,291,85
9,292,86
9,293,92
9,294,94
9,295,88
9,296,90
9,297,87
9,298,87
9,299,87
9,300,93
9,301,93
9,302,88
9,303,91
9,304,89
9,305,93
9,306,95
9,307,91
9,308,93
9,309,95
9,310,94
9,311,91
9,312,92
9,313,93
9,314,93
9,315,92
9,316,90
9,317,92
9,318,95
9,319,96
9,320,92
9,321,87
9,322,93
9,323,91
9,324,93
9,325,84
9,326,89
9,327,89
9,328,89
9,329,88
9,330,96
9,331,93
9,332,87
9,333,87
9,334,88
9,335,88
9,336,88
9,337,94
9,338,87
9,339,93
9,340,86
9,341,94
9,342,90
9,343,91
9,344,87
9,345,91
9,346,90
9,347,91
9,348,91
9,349,90
9,350,88
9,351,92
9,352,94
9,353,87
9,354,86
9,355,86
9,356,91
9,357,89
9,358,96
9,359,86
9,360,91
9,361,92
9,362,90
9,363,93
9,364,89
9,365,91
9,366,90
9,367,91
9,368,88
9,369,88
9,370,96
9,371,91
9,372,89
9,373,93
9,374,90
9,375,85
9,376,92
9,377,91
9,378,84
9,379,96
9,380,85
9,381,96
9,382,94
9,383,92
9,384,90
9,385,89
9,386,88
9,387,91
9,388,90
9,389,94
9,390,88
9,391,91
9,392,94
9,393,91
9,394,90
9,395,92
9,396,93
9,397,91
9,398,90
9,399,85
9,400,93
9,401,89
9,402,85
9,403,94
9,404,91
9,405,92
9,406,93
9,407,84
9,408,90
9,409,92
9,410,93
9,411,91
9,412,94
9,413,89
9,414,92
9,415,89
9,416,92
9,417,90
9,418,85
9,419,94
9,420,88
9,421,91
9,422,90
9,423,91
9,424,92
9,425,92
9,426,93
9,427,91
9,428,91
9,429,90
9,430,92
9,431,89
9,432,86
9,433,92
9,434,86
9,435,97
9,436,89
9,437,91
9,438,91
9,439,89
9,440,92
9,441,94
9,442,85
9,443,95
9,444,90
9,445,90
9,446,93
9,447,92
9,448,91
9,449,87
9,450,89
9,451,94
9,452,92
9,453,91
9,454,89
9,455,89
9,456,88
9,457,94
9,458,89
9,459,87
9,460,92
9,461,94
9,462,95
9,463,90
9,464,94
9,465,90
9,466,93
9,467,84
9,468,89
9,469,86
9,470,91
9,471,90
9,472,90
9,473,93
9,474,89
9,475,88
9,476,93
9,477,86
9,478,93
9,479,92
9,480,91
9,481,91
9,482,93
9,483,89
9,484,91
9,485,81
9,486,89
9,487,93
9,488,91
9,489,92
9,490,92
9,491,94
9,492,90
9,493,91
9,494,95
9,495,90
9,496,90
9,497,91
9,498,93
9,499,92
9,500,94
9,501,86
9,502,92
9,503,89
9,504,93
9,505,90
9,506,90
9,507,87
9,508,94
9,509,92
9,510,89
9,511,91
9,512,88
9,513,94
9,514,91
9,515,91
9,516,90
9,517,92
9,518,92
9,519,91
9,520,89
9,521,88
9,522,89
9,523,88
9,524,88
9,525,93
9,526,92
9,527,91
9,528,91
9,529,89
9,530,93
9,531,92
9,532,88
9,533,90
9,534,87
9,535,92
9,536,91
9,537,88
9,538,95
9,539,87
9,540,91
9,541,91
9,542,88
9,543,91
9,544,93
9,545,86
9,546,90
9,547,89
9,548,93
9,549,95
9,550,87
9,551,87
9,552,91
9,553,92
9,554,94
9,555,97
9,556,87
9,557,91
9,558,90
9,559,88
9,560,95
9,561,92
9,562,92
9,563,91
9,564,92
9,565,90
9,566,91
9,567,86
9,568,88
9,569,89
9,570,88
9,571,85
9,572,89
9,573,90
9,574,91
9,575,87
9,576,92
9,577,90
9,578,88
9,579,95
9,580,92
9,581,93
9,582,94
9,583,88
9,584,88
9,585,89
9,586,88
9,587,81
9,588,94
9,589,87
9,590,91
9,591,92
9,592,90
9,593,91
9,594,92
9,595,91
9,596,89
9,597,94
9,598,96
9,599,91
9,600,89
9,601,88
9,602,89
9,603,94
9,604,94
9,605,91
9,606,92
9,607,90
9,608,89
9,609,92
9,610,89
9,611,89
9,612,88
9,613,86
9,614,94
9,615,96
9,616,90
9,617,94
9,618,89
9,619,91
9,620,89
9,621,90
9,622,93
9,623,96
9,624,85
9,625,86
9,626,88
9,627,94
9,628,90
9,629,93
9,630,89
9,631,87
9,632,90
9,633,87
9,634,93
9,635,82
9,636,91
9,637,87
9,638,93
9,639,88
9,640,92
9,641,92
9,642,87
9,643,92
9,644,88
9,645,91
9,646,90
9,647,89
9,648,90
9,649,92
9,650,85
9,651,92
9,652,86
9,653,92
9,654,89
9,655,93
9,656,92
9,657,88
9,658,90
9,659,91
9,660,96
9,661,90
9,662,94
9,663,97
9,664,88
9,665,89
9,666,89
9,667,90
9,668,87
9,669,87
9,670,92
9,671,90
9,672,92
9,673,89
9,674,88
9,675,90
9,676,92
9,677,92
9,678,89
9,679,93
9,680,93
9,681,94
9,682,90
9,683,87
9,684,95
9,685,92
9,686,93
9,687,92
9,688,91
9,689,94
9,690,92
9,691,90
9,692,94
9,693,91
9,694,94
9,695,92
9,696,91
9,697,96
9,698,93
9,699,91
9,700,91
9,701,92
9,702,90
9,703,91
9,704,93
9,705,92
9,706,95
9,707,94
9,708,91
9,709,88
9,710,86
9,711,89
9,712,90
9,713,94
9,714,92
9,715,95
9,716,91
9,717,86
9,718,85
9,719,90
9,720,87
9,721,89
9,722,93
9,723,91
9,724,88
9,725,87
9,726,94
9,727,93
9,728,93
9,729,90
9,730,92
9,731,93
9,732,91
9,733,94
9,734,97
9,735,88
9,736,90
9,737,90
9,738,91
9,739,95
9,740,89
9,741,89
9,742,94
9,743,91
9,744,90
9,745,90
9,746,94
9,747,91
9,748,90
9,749,91
9,750,91
9,751,86
9,752,91
9,753,91
9,754,94
9,755,90
9,756,90
9,757,91
9,758,89
9,759,93
9,760,93
9,761,87
9,762,87
9,763,86
9,764,90
9,765,90
9,766,92
9,767,89
9,768,85
9,769,92
9,770,93
9,771,90
9,772,91
9,773,85
9,774,89
9,775,84
9,776,93
9,777,91
9,778,91
9,779,91
9,780,92
9,781,91
9,782,88
9,783,91
9,784,93
9,785,93
9,786,91
9,787,89
9,788,94
9,789,92
9,790,88
9,791,89
9,792,92
9,793,93
9,794,90
9,795,89
9,796,86
9,797,93
9,798,87
9,799,90
9,800,92
9,801,90
9,802,94
9,803,94
9,804,91
9,805,91
9,806,91
9,807,88
9,808,87
9,809,89
9,810,94
9,811,93
9,812,88
9,813,90
9,814,92
9,815,91
9,816,93
9,817,93
9,818,86
9,819,87
9,820,93
9,821,92
9,822,88
9,823,92
9,824,92
9,825,89
9,826,91
9,827,91
9,828,91
9,829,86
9,830,91
9,831,90
9,832,89
9,833,94
9,834,94
9,835,93
9,836,89
9,837,88
9,838,95
9,839,92
9,840,93
9,841,93
9,842,87
9,843,94
9,844,96
9,845,92
9,846,90
9,847,92
9,848,88
9,849,90
9,850,89
9,851,95
9,852,93
9,853,90
9,854,91
9,855,94
9,856,87
9,857,94
9,858,94
9,859,91
9,860,89
9,861,91
9,862,89
9,863,91
9,864,90
9,865,88
9,866,92
9,867,94
9,868,91
9,869,88
9,870,93
9,871,86
9,872,94
9,873,89
9,874,91
9,875,92
9,876,92
9,877,85
9,878,94
9,879,89
9,880,88
9,881,87
9,882,94
9,883,88
9,884,92
9,885,88
9,886,94
9,887,92
9,888,90
9,889,94
9,890,86
9,891,90
9,892,93
9,893,87
9,894,89
9,895,86
9,896,92
9,897,92
9,898,94
9,899,90
9,900,91
9,901,89
9,902,89
9,903,89
9,904,89
9,905,88
9,906,89
9,907,92
9,908,88
9,909,90
9,910,84
9,911,85
9,912,92
9,913,90
9,914,92
9,915,93
9,916,94
9,917,90
9,918,89
9,919,91
9,920,90
9,921,95
9,922,86
9,923,86
9,924,90
9,925,90
9,926,93
9,927,92
9,928,88
9,929,86
9,930,92
9,931,89
9,932,93
9,933,90
9,934,92
9,935,93
9,936,94
9,937,88
9,938,91
9,939,86
9,940,88
9,941,94
9,942,91
9,943,91
9,944,94
9,945,90
9,946,91
9,947,92
9,948,94
9,949,92
9,950,93
9,951,89
9,952,87
9,953,87
9,954,85
9,955,92
9,956,88
9,957,90
9,958,89
9,959,87
9,960,94
9,961,91
9,962,92
9,963,94
9,964,94
9,965,88
9,966,94
9,967,89
9,968,94
9,969,93
9,970,92
9,971,94
9,972,91
9,973,92
9,974,90
9,975,90
9,976,87
9,977,96
9,978,91
9,979,87
9,980,91
9,981,93
9,982,90
9,983,92
9,984,95
9,985,90
9,986,90
9,987,90
9,988,87
9,989,92
9,990,90
9,991,94
9,992,89
9,993,87
9,994,91
9,995,89
9,996,92
9,997,93
9,998,92
9,999,93
9,1000,91
9,1001,89
9,1002,92
9,1003,85
9,1004,90
9,1005,91
9,1006,91
9,1007,88
9,1008,91
9,1009,92
9,1010,92
9,1011,88
9,1012,86
9,1013,86
9,1014,97
9,1015,90
9,1016,91
9,1017,88
9,1018,92
9,1019,92
9,1020,89
9,1021,90
9,1022,91
9,1023,86
9,1024,88
9,1025,94
9,1026,92
9,1027,93
9,1028,90
9,1029,95
9,1030,87
9,1031,92
9,1032,90
9,1033,89
9,1034,91
9,1035,92
9,1036,89
9,1037,93
9,1038,95
9,1039,89
9,1040,93
9,1041,95
9,1042,87
9,1043,93
9,1044,90
9,1045,80
9,1046,91
9,1047,96
9,1048,94
9,1049,93
9,1050,86
9,1051,88
9,1052,88
9,1053,84
9,1054,90
9,1055,88
9,1056,90
9,1057,92
9,1058,91
9,1059,97
9,1060,91
9,1061,92
9,1062,89
9,1063,89
9,1064,92
9,1065,86
9,1066,93
9,1067,94
9,1068,90
9,1069,91
9,1070,89
9,1071,92
9,1072,91
9,1073,89
9,1074,93
9,1075,91
9,1076,92
9,1077,94
9,1078,86
9,1079,91
9,1080,87
9,1081,90
9,1082,88
9,1083,94
9,1084,91
9,1085,92
9,1086,92
9,1087,86
9,1088,91
9,1089,96
9,1090,95
9,1091,91
9,1092,90
9,1093,96
9,1094,91
9,1095,90
9,1096,91
9,1097,90
9,1098,96
9,1099,94
9,1100,94
9,1101,95
9,1102,94
9,1103,88
9,1104,91
9,1105,94
9,1106,91
9,1107,90
9,1108,95
9,1109,89
9,1110,93
9,1111,93
9,1112,87
9,1113,92
9,1114,87
9,1115,92
9,1116,92
9,1117,90
9,1118,86
9,1119,85
9,1120,93
9,1121,89
9,1122,96
9,1123,92
9,1124,94
9,1125,92
9,1126,92
9,1127,92
9,1128,89
9,1129,89
9,1130,91
9,1131,92
9,1132,92
9,1133,88
9,1134,94
9,1135,87
9,1136,91
9,1137,90
9,1138,89
9,1139,84
9,1140,87
9,1141,93
9,1142,86
9,1143,91
9,1144,90
9,1145,84
9,1146,92
9,1147,89
9,1148,90
9,1149,91
9,1150,88
9,1151,93
9,1152,90
9,1153,91
9,1154,90
9,1155,88
9,1156,89
9,1157,85
9,1158,90
9,1159,93
9,1160,92
9,1161,90
9,1162,92
9,1163,93
9,1164,91
9,1165,95
9,1166,90
9,1167,93
9,1168,91
9,1169,93
9,1170,88
9,1171,91
9,1172,91
9,1173,84
9,1174,90
9,1175,93
9,1176,92
9,1177,90
9,1178,89
9,1179,92
9,1180,88
9,1181,90
9,1182,89
9,1183,93
9,1184,88
9,1185,87
9,1186,90
9,1187,90
9,1188,88
9,1189,92
9,1190,89
9,1191,90
9,1192,93
9,1193,90
9,1194,93
9,1195,94
9,1196,94
9,1197,93
9,1198,92
9,1199,90
9,1200,92
9,1201,88
9,1202,87
9,1203,86
9,1204,90
9,1205,89
9,1206,91
9,1207,91
9,1208,94
9,1209,91
9,1210,93
9,1211,87
9,1212,92
9,1213,91
9,1214,91
9,1215,92
9,1216,89
9,1217,92
9,1218,88
9,1219,94
9,1220,86
9,1221,84
9,1222,89
9,1223,98
9,1224,86
9,1225,90
9,1226,91
9,1227,92
9,1228,88
9,1229,92
9,1230,94
9,1231,93
9,1232,90
9,1233,87
9,1234,94
9,1235,88
9,1236,94
9,1237,88
9,1238,92
9,1239,88
9,1240,93
9,1241,92
9,1242,92
9,1243,95
9,1244,93
9,1245,90
9,1246,95
9,1247,90
9,1248,90
9,1249,91
9,1250,92
9,1251,88
9,1252,93
9,1253,93
9,1254,87
9,1255,95
9,1256,89
9,1257,93
9,1258,90
9,1259,89
9,1260,90
9,1261,90
9,1262,92
9,1263,86
9,1264,86
9,1265,87
9,1266,93
9,1267,91
9,1268,91
9,1269,86
9,1270,84
9,1271,88
9,1272,91
9,1273,92
9,1274,93
9,1275,90
9,1276,95
9,1277,89
9,1278,91
9,1279,86
9,1280,90
9,1281,88
9,1282,92
9,1283,93
9,1284,89
9,1285,91
9,1286,92
9,1287,95
9,1288,89
9,1289,95
9,1290,95
9,1291,92
9,1292,92
9,1293,90
9,1294,89
9,1295,88
9,1296,88
9,1297,91
9,1298,89
9,1299,94
9,1300,91
9,1301,85
9,1302,88
9,1303,90
9,1304,92
9,1305,94
9,1306,92
9,1307,91
9,1308,90
9,1309,89
9,1310,95
9,1311,96
9,1312,90
9,1313,92
9,1314,88
9,1315,88
9,1316,91
9,1317,93
9,1318,90
9,1319,90
9,1320,89
9,1321,94
9,1322,90
9,1323,90
9,1324,91
9,1325,98
9,1326,92
9,1327,92
9,1328,90
9,1329,92
9,1330,94
9,1331,93
9,1332,92
9,1333,91
9,1334,90
9,1335,83
9,1336,89
9,1337,96
9,1338,95
9,1339,96
9,1340,90
9,1341,87
9,1342,90
9,1343,92
9,1344,93
9,1345,93
9,1346,90
9,1347,88
9,1348,95
9,1349,93
9,1350,89
9,1351,90
9,1352,92
9,1353,92
9,1354,91
9,1355,93
9,1356,88
9,1357,91
9,1358,90
9,1359,92
9,1360,88
9,1361,89
9,1362,94
9,1363,91
9,1364,92
9,1365,91
9,1366,94
9,1367,96
9,1368,92
9,1369,94
9,1370,89
9,1371,92
9,1372,94
9,1373,90
9,1374,94
9,1375,88
9,1376,92
9,1377,89
9,1378,94
9,1379,86
9,1380,91
9,1381,93
9,1382,88
9,1383,89
9,1384,93
9,1385,90
9,1386,92
9,1387,92
9,1388,93
9,1389,90
9,1390,91
9,1391,93
9,1392,90
9,1393,88
9,1394,87
9,1395,90
9,1396,90
9,1397,96
9,1398,89
9,1399,89
9,1400,90
9,1401,89
9,1402,95
9,1403,86
9,1404,90
9,1405,92
9,1406,88
9,1407,88
9,1408,90
9,1409,92
9,1410,91
9,1411,89
9,1412,88
9,1413,87
9,1414,95
9,1415,92
9,1416,90
9,1417,95
9,1418,87
9,1419,95
9,1420,91
9,1421,90
9,1422,88
9,1423,87
9,1424,88
9,1425,93
9,1426,90
9,1427,90
9,1428,92
9,1429,87
9,1430,86
9,1431,89
9,1432,86
9,1433,90
9,1434,90
9,1435,88
9,1436,91
9,1437,91
9,1438,87
9,1439,90
9,1440,92
9,1441,85
9,1442,91
9,1443,94
9,1444,92
9,1445,91
9,1446,93
9,1447,94
9,1448,95
9,1449,89
9,1450,88
9,1451,94
9,1452,89
9,1453,90
9,1454,94
9,1455,94
9,1456,94
9,1457,88
9,1458,88
9,1459,87
9,1460,94
9,1461,91
9,1462,93
9,1463,86
9,1464,89
9,1465,90
9,1466,90
9,1467,84
9,1468,90
9,1469,86
9,1470,88
9,1471,91
9,1472,94
9,1473,84
9,1474,92
9,1475,91
9,1476,91
9,1477,93
9,1478,89
9,1479,92
9,1480,91
9,1481,92
9,1482,90
9,1483,93
9,1484,91
9,1485,94
9,1486,94
9,1487,91
9,1488,86
9,1489,92
9,1490,90
9,1491,91
9,1492,92
9,1493,91
9,1494,87
9,1495,89
9,1496,90
9,1497,93
9,1498,96
9,1499,91
9,1500,91
9,1501,94
9,1502,92
9,1503,88
9,1504,94
9,1505,88
9,1506,89
9,1507,92
9,1508,92
9,1509,90
9,1510,97
9,1511,88
9,1512,90
9,1513,90
9,1514,92
9,1515,91
9,1516,90
9,1517,92
9,1518,88
9,1519,90
9,1520,92
9,1521,87
9,1522,86
9,1523,89
9,1524,89
9,1525,94
9,1526,95
9,1527,94
9,1528,88
9,1529,92
9,1530,87
9,1531,90
9,1532,90
9,1533,87
9,1534,91
9,1535,89
9,1536,90
9,1537,89
9,1538,85
9,1539,90
9,1540,90
9,1541,89
9,1542,91
9,1543,83
9,1544,88
9,1545,92
9,1546,84
9,1547,90
9,1548,85
9,1549,86
9,1550,91
9,1551,89
9,1552,94
9,1553,96
9,1554,91
9,1555,90
9,1556,91
9,1557,89
9,1558,88
9,1559,95
9,1560,91
9,1561,93
9,1562,91
9,1563,88
9,1564,89
9,1565,94
9,1566,89
9,1567,91
9,1568,93
9,1569,89
9,1570,91
9,1571,94
9,1572,91
9,1573,95
9,1574,90
9,1575,91
9,1576,90
9,1577,91
9,1578,91
9,1579,88
9,1580,92
9,1581,90
9,1582,93
9,1583,87
9,1584,89
9,1585,90
9,1586,90
9,1587,90
9,1588,85
9,1589,86
9,1590,91
9,1591,89
9,1592,92
9,1593,89
9,1594,91
9,1595,93
9,1596,91
9,1597,92
9,1598,91
9,1599,89
9,1600,93
9,1601,94
9,1602,93
9,1603,89
9,1604,91
9,1605,94
9,1606,91
9,1607,89
9,1608,86
9,1609,92
9,1610,86
9,1611,85
9,1612,89
9,1613,88
9,1614,91
9,1615,88
9,1616,90
9,1617,93
9,1618,90
9,1619,85
9,1620,92
9,1621,89
9,1622,95
9,1623,91
9,1624,93
9,1625,86
9,1626,88
9,1627,86
9,1628,92
9,1629,91
9,1630,91
9,1631,90
9,1632,91
9,1633,85
9,1634,91
9,1635,88
9,1636,92
9,1637,89
9,1638,90
9,1639,90
9,1640,92
9,1641,94
9,1642,94
9,1643,89
9,1644,90
9,1645,90
9,1646,90
9,1647,90
9,1648,93
9,1649,92
9,1650,91
9,1651,92
9,1652,90
9,1653,91
9,1654,89
9,1655,91
9,1656,90
9,1657,88
9,1658,94
9,1659,91
9,1660,85
9,1661,93
9,1662,92
9,1663,91
9,1664,88
9,1665,91
9,1666,92
9,1667,90
9,1668,89
9,1669,94
9,1670,94
9,1671,90
9,1672,89
9,1673,93
9,1674,87
9,1675,93
9,1676,87
9,1677,87
9,1678,92
9,1679,93
9,1680,92
9,1681,91
9,1682,89
9,1683,89
9,1684,90
9,1685,92
9,1686,97
9,1687,90
9,1688,91
9,1689,90
9,1690,90
9,1691,91
9,1692,92
9,1693,91
9,1694,88
9,1695,93
9,1696,91
9,1697,90
9,1698,92
9,1699,91
9,1700,90
9,1701,92
9,1702,95
9,1703,90
9,1704,93
9,1705,88
9,1706,93
9,1707,92
9,1708,87
9,1709,91
9,1710,91
9,1711,95
9,1712,88
9,1713,91
9,1714,91
9,1715,93
9,1716,93
9,1717,86
9,1718,93
9,1719,89
9,1720,87
9,1721,95
9,1722,88
9,1723,90
9,1724,94
9,1725,88
9,1726,89
9,1727,95
9,1728,90
9,1729,95
9,1730,92
9,1731,93
9,1732,90
9,1733,84
9,1734,91
9,1735,92
9,1736,92
9,1737,91
9,1738,93
9,1739,95
9,1740,92
9,1741,95
9,1742,88
9,1743,92
9,1744,91
9,1745,90
9,1746,88
9,1747,89
9,1748,90
9,1749,89
9,1750,92
9,1751,91
9,1752,90
9,1753,94
9,1754,91
9,1755,91
9,1756,87
9,1757,87
9,1758,91
9,1759,93
9,1760,92
9,1761,88
9,1762,91
9,1763,92
9,1764,91
9,1765,94
9,1766,94
9,1767,87
9,1768,92
9,1769,87
9,1770,95
9,1771,92
9,1772,90
9,1773,92
9,1774,87
9,1775,90
9,1776,87
9,1777,93
9,1778,91
9,1779,91
9,1780,93
9,1781,91
9,1782,93
9,1783,95
9,1784,94
9,1785,90
9,1786,86
9,1787,87
9,1788,88
9,1789,93
9,1790,88
9,1791,92
9,1792,91
9,1793,91
9,1794,95
9,1795,92
9,1796,91
9,1797,94
9,1798,92
9,1799,94
9,1800,93
9,1801,96
9,1802,88
9,1803,90
9,1804,88
9,1805,87
9,1806,85
9,1807,92
9,1808,88
9,1809,89
9,1810,91
9,1811,89
9,1812,92
9,1813,89
9,1814,89
9,1815,94
9,1816,90
9,1817,89
9,1818,90
9,1819,91
9,1820,94
9,1821,92
9,1822,88
9,1823,97
9,1824,90
9,1825,92
9,1826,93
9,1827,95
9,1828,92
9,1829,92
9,1830,93
9,1831,89
9,1832,91
9,1833,87
9,1834,87
9,1835,87
9,1836,90
9,1837,92
9,1838,88
9,1839,94
9,1840,95
9,1841,91
